宝宝蛋 全90册儿童绘本故事书 0-3-6岁幼儿早教经典绘本书幼儿童绘本,https://img05.miyabaobei.com/d1/p5/2018/11/21/d0/ec/d0ec5c96d6d4fe336665cebd3c89c23b906546174.jpg@base@tag=imgScale&w=447,79.00,https://www.mia.com//item-3085939.html
心语文化 儿童情商培养与性格培养教育绘本 10册 0-6岁,https://img06.miyabaobei.com/d1/p5/2017/07/30/e9/91/e99144bc1b18547582e1c7896c5b3e8c996849060.jpg@base@tag=imgScale&w=447,90.00,https://www.mia.com//item-3086270.html
优漫图书 儿童绘本0-3岁成长大礼包50册,https://img05.miyabaobei.com/d1/p5/2017/02/13/f5/f4/f5f4ea7f5727a30d26d1c8c7270e2bdd702754054.jpg@base@tag=imgScale&w=447,89.00,https://www.mia.com//item-3086893.html
优漫图书 全套60册儿童绘本0-3岁宝宝启蒙认知书籍幼儿睡前故事书,https://img06.miyabaobei.com/d1/p6/2019/02/22/e6/8e/e68e0af864a286f3c0ecdbc7ce8c0014293448397.jpg@base@tag=imgScale&w=447,118.00,https://www.mia.com//item-3087024.html
东方沃野 国际大奖绘本全6册-博洛尼亚国际儿童书展萼拔奖,https://img05.miyabaobei.com/d1/p5/2018/07/26/df/e3/dfe33979cabf4afe52ac214879ef50fa923426718.jpg@base@tag=imgScale&w=447,61.00,https://www.mia.com//item-3126491.html
宝宝蛋 数学来了全20册 启蒙绘本故事书 逻辑思维能力训练书 数学启蒙,https://img06.miyabaobei.com/d1/p6/2019/02/21/32/8e/328eabb8b8a733181838b6d537ceec1d402922902.jpg@base@tag=imgScale&w=447,116.00,https://www.mia.com//item-3085892.html
东方沃野 《淘气包明一》-习惯养成系列绘本 全6册,https://img05.miyabaobei.com/d1/p5/2018/06/15/0a/26/0a26301c38677e5d24dbcdfa1b5aab66494585955.jpg@base@tag=imgScale&w=447,109.00,https://www.mia.com//item-3126489.html
宝宝蛋 【全套100本】故事书幼儿图书儿童书 睡前故事绘本,https://img06.miyabaobei.com/d1/p6/2018/12/27/39/39/393909fddc829f124a82edf00f9b7aec981962468.jpg@base@tag=imgScale&w=447,78.00,https://www.mia.com//item-3085966.html
东方沃野 生命的故事全6册 幼儿性别教育启蒙自我保护教育绘本,https://img05.miyabaobei.com/d1/p5/2018/07/26/aa/66/aa6602604c3a4ef7326e1e611c485406923703000.jpg@base@tag=imgScale&w=447,69.00,https://www.mia.com//item-3126492.html
宝宝蛋 暖心获奖绘本系列全8册 绘本3-6岁 幼儿园情商培养暖心儿童故事书,https://img06.miyabaobei.com/d1/p6/2019/01/08/da/7e/da7e086a2074f30df831c89c13d19e89252265313.jpg@base@tag=imgScale&w=447,58.00,https://www.mia.com//item-3085970.html
优漫图书 儿童绘本故事书100册宝宝睡前故事,https://img05.miyabaobei.com/d1/p6/2019/03/20/0d/04/0d04c62971d8c93a8849af097f645d54453115816.jpg@base@tag=imgScale&w=447,46.80,https://www.mia.com//item-3086999.html
小小时代 世界经典故事绘本 全100册 经典童话故事 中华寓言故事 儿童绘本,https://img06.miyabaobei.com/d1/p6/2019/01/13/35/1b/351b3c150ba6f9a04b4b359a8f09802d482821127.jpg@base@tag=imgScale&w=447,58.00,https://www.mia.com//item-3126334.html
东方沃野 弟子规绘本全彩精装版-幼儿国学经典诵读 如图,https://img05.miyabaobei.com/d1/p5/2018/09/29/a7/3a/a73aaec284bc265ea0a42d7b4c9ff5a7889215033.jpg@base@tag=imgScale&w=447,49.00,https://www.mia.com//item-3126463.html
乐乐趣 安全常识互动游戏书,https://img06.miyabaobei.com/item/10/1030/1030199_topic_1.jpg@base@tag=imgScale&w=447,99.00,https://www.mia.com//item-3126196.html
小小时代 跟着课本看世界+成语小故事 全50册 城市地理绘本 中华成语故事 儿童绘本,https://img05.miyabaobei.com/d1/p6/2019/01/26/53/f1/53f154f083b940850f2b97f81e0db8b6329678788.jpg@base@tag=imgScale&w=447,55.00,https://www.mia.com//item-3126338.html
小小时代 小熊宝宝好习惯绘本系列全40册 3-6岁儿童启蒙早教情绪管理,https://img06.miyabaobei.com/d1/p5/2018/11/19/36/19/3619e9ee11196b64f85e8c7a362450dd945343935.jpg@base@tag=imgScale&w=447,125.00,https://www.mia.com//item-3126333.html
小小时代 暖房子游乐园·宫西达也小卡车系列绘本 套装共5册  儿童绘本,https://img05.miyabaobei.com/d1/p5/2018/07/01/53/6b/536b6318a0e9b80cb1eff622cba136ce139401719.jpg@base@tag=imgScale&w=447,90.00,https://www.mia.com//item-3126330.html
小小时代 德国专注力养成大画本6册,https://img06.miyabaobei.com/d1/p5/2017/10/13/12/ea/12ead93ace943e95dc9f90715a9a8d78874557682.jpg@base@tag=imgScale&w=447,42.00,https://www.mia.com//item-3126321.html
小小时代 情商行为成长小绘本 情商管理 全10册,https://img05.miyabaobei.com/d1/p5/2018/10/25/d8/70/d870ca43127e2e8742ad4d7a292998cb590459557.jpg@base@tag=imgScale&w=447,19.80,https://www.mia.com//item-3126332.html
优漫图书 全60册绘本0-3-6岁宝宝故事图书幼儿好习惯情商培养绘本,https://img06.miyabaobei.com/d1/p6/2019/03/19/8b/f0/8bf0fcaaa928367436fb328469957f98837442066.jpg@base@tag=imgScale&w=447,42.00,https://www.mia.com//item-3630278.html
优漫图书 宝宝故事绘本全40册,https://img05.miyabaobei.com/d1/p5/2018/03/26/59/b4/59b45d63e098254d47520737d0e99961540373994.jpg@base@tag=imgScale&w=447,48.00,https://www.mia.com//item-3086982.html
东方沃野 国际大奖经典绘本(引进日本，共6册),https://img06.miyabaobei.com/d1/p5/item/13/1322/1322216_topic_1.jpg@base@tag=imgScale&w=447,79.00,https://www.mia.com//item-3126466.html
宝宝蛋 爱上表达系列绘本全8册 绘本0-3岁 睡前故事书,https://img05.miyabaobei.com/d1/p6/2019/02/22/f3/50/f35014cb8dad4ffbac03ccc2919d1640040176583.jpg@base@tag=imgScale&w=447,39.00,https://www.mia.com//item-3085875.html
优漫图书 动物科普百科绘本注音版 全10册,https://img06.miyabaobei.com/d1/p5/2017/11/14/03/c3/03c37685f9c3de12c92768f562e30f16441052863.jpg@base@tag=imgScale&w=447,45.00,https://www.mia.com//item-3086962.html
优漫图书 儿童情绪管理绘本全10册儿童绘本3-6岁宝宝睡前故事书,https://img05.miyabaobei.com/d1/p6/2019/01/04/65/ce/65cefeef5ab26f6c7f3092a2e10d44db814558225.jpg@base@tag=imgScale&w=447,45.00,https://www.mia.com//item-3087013.html
优漫图书 全套80册儿童绘本故事书0-3-6岁睡前故事书,https://img06.miyabaobei.com/d1/p5/2018/12/13/39/1d/391d3e1d2c1e95905b67ee051d7c721a675683549.jpg@base@tag=imgScale&w=447,36.80,https://www.mia.com//item-3086994.html
知识出版社 父与子全集（共10册）中英对照 彩图版,https://img05.miyabaobei.com/d1/p5/2018/06/13/9e/1d/9e1d43893445fe088c5a4d15b32216a4574321577.jpg@base@tag=imgScale&w=447,85.00,https://www.mia.com//item-3086461.html
优漫图书 幼儿性教育启蒙/自我保护意识培养绘本全18册,https://img06.miyabaobei.com/d1/p6/2019/03/08/6a/f9/6af9cdfb3cc7d5b062f487eff84dd22d387983695.jpg@base@tag=imgScale&w=447,55.00,https://www.mia.com//item-3870551.html
小小时代 小猪佩奇动画故事书第二辑全套10册,https://img05.miyabaobei.com/d1/p5/2016/12/20/bb/a8/bba8efac50115d9d735b005e3191d95c262239029.jpg@base@tag=imgScale&w=447,82.00,https://www.mia.com//item-3126308.html
宝宝蛋 儿童绘本故事书0-6岁成长大礼包 全58册绘本0-3-6岁,https://img06.miyabaobei.com/d1/p5/2018/04/14/b4/18/b41830d811c513c1f4aadd8eed2dbd1b894997270.jpg@base@tag=imgScale&w=447,68.00,https://www.mia.com//item-3085890.html
宝宝蛋 华阳培养孩子情绪的小绘本10册 绘本3-6岁 睡前故事书,https://img05.miyabaobei.com/d1/p5/2017/11/01/71/c6/71c6973bac12cead1f06be873a09808b050488996.jpg@base@tag=imgScale&w=447,22.00,https://www.mia.com//item-3085873.html
小小时代 0-6岁宝宝的脑洞大开洞洞创意书 中英双语,https://img06.miyabaobei.com/d1/p5/2017/11/28/f1/da/f1da5d2138b70477bd3ec60bdd31fc6b449222590.jpg@base@tag=imgScale&w=447,40.00,https://www.mia.com//item-3126324.html
东方沃野 《满满的爱》全8册-安全感系列绘本-帮助孩子缓解分离焦虑,https://img05.miyabaobei.com/d1/p5/2018/06/26/90/70/90702bca1204c24cf11868c8bea05e72926335371.jpg@base@tag=imgScale&w=447,105.00,https://www.mia.com//item-3126490.html
东方沃野 换个角度读经典童话故事绘本-精装（共4册）丑小鸭、青蛙王子、拇指姑娘、自私的巨人,https://img06.miyabaobei.com/d1/p5/2018/12/12/77/a4/77a4e5fd17442e7c7c7984e58d30bcc5063624112.jpg@base@tag=imgScale&w=447,80.00,https://www.mia.com//item-3126488.html
小小时代 不一样的卡梅拉正版全套12册 1辑,https://img05.miyabaobei.com/d1/p5/2016/11/30/f8/14/f814602e64884c542f4c08557542cda9970688429.jpg@base@tag=imgScale&w=447,76.00,https://www.mia.com//item-3126307.html
宝宝蛋 全10册行为管理小绘本 绘本0-3-6岁 宝宝睡前故事书 幼儿童书好习惯早教启蒙,https://img06.miyabaobei.com/d1/p6/2018/12/27/8e/05/8e055ff385cf7e91e0785d203eae11cd943806810.jpg@base@tag=imgScale&w=447,19.00,https://www.mia.com//item-3085968.html
宝宝蛋 20册聪明宝宝情商与性格早教故事绘本 绘本0-3-6岁,https://img05.miyabaobei.com/d1/p5/2017/06/10/69/b4/69b4f4f6122dd35332afa877871d79bb670128955.jpg@base@tag=imgScale&w=447,40.00,https://www.mia.com//item-3085893.html
小小时代 幼儿情商与性格培养全20册 赠60册经典故事绘本 好情商好性格成就好未来,https://img06.miyabaobei.com/d1/p6/2019/02/14/6d/b6/6db610a3ba6bd93c71f9434edcbed8d5124417482.jpg@base@tag=imgScale&w=447,68.00,https://www.mia.com//item-3126337.html
乐乐趣 车轮转转转系列4册,https://img05.miyabaobei.com/item/10/1024/1024192_topic_1.jpg@base@tag=imgScale&w=447,139.00,https://www.mia.com//item-3126195.html
文乐童书 中国儿童成长丛书唐诗三百首完整版少儿书籍（红）,https://img06.miyabaobei.com/d1/p6/2019/03/19/6e/1e/6e1ed10cfc2a0248e40ab497c00409a7673712987.jpg@base@tag=imgScale&w=447,18.00,https://www.mia.com//item-3085216.html
东方沃野 生命的故事儿童性别教育绘本6册,https://img05.miyabaobei.com/d1/p4/item/13/1344/1344960_topic_1.jpg@base@tag=imgScale&w=447,59.00,https://www.mia.com//item-3126469.html
小小时代 你看起来好像很好吃 宫西达也恐龙系列全套7册,https://img06.miyabaobei.com/d1/p5/2017/07/27/1a/d4/1ad41937a0952b925e1b962ec23b7022344963549.jpg@base@tag=imgScale&w=447,83.00,https://www.mia.com//item-3126315.html
东方沃野 弟子规绘本（全6册）,https://img05.miyabaobei.com/d1/p5/2017/09/11/07/d0/07d06155ebcd3a5c7b9685e991d09f3c200848453.jpg@base@tag=imgScale&w=447,72.00,https://www.mia.com//item-3126485.html
小小时代 婴幼儿视觉激发卡全4册,https://img06.miyabaobei.com/d1/p5/2018/04/09/52/bf/52bfe1c47cfad216b3b6f240e2e02170549004296.jpg@base@tag=imgScale&w=447,33.00,https://www.mia.com//item-3126314.html
尚左志远图书 幼三国绘本水墨丹青中国古典名著手绘三国幼儿版名著连环画 幼三国第三卷（5册）,https://img05.miyabaobei.com/d1/p5/2018/10/23/3b/e6/3be670ae39b42d31529867e87adf3eca794212386.jpg@base@tag=imgScale&w=447,147.00,https://www.mia.com//item-3088259.html
育博苑图书 8册爱上表达系列绘本培养孩子强大情商教育童话书,https://img06.miyabaobei.com/d1/p5/2017/02/13/c6/4a/c64ac774f65a690e790325264b5a33d3618181142.jpg@base@tag=imgScale&w=447,31.00,https://www.mia.com//item-3085383.html
优漫图书 全套38册儿童绘本故事书3-6岁宝宝早教启蒙睡前故事书,https://img05.miyabaobei.com/d1/p6/2019/01/15/70/47/704733f054faefb22bfd71fcdfa164a4385202280.jpg@base@tag=imgScale&w=447,112.00,https://www.mia.com//item-3087022.html
小小时代 名人传外国篇9册 爱因斯坦+爱迪生+安徒生+达尔文+牛顿等,https://img06.miyabaobei.com/d1/p6/2019/03/12/be/ab/beab4c48c9523a0f1123690cc5187b07550813339.jpg@base@tag=imgScale&w=447,45.00,https://www.mia.com//item-3870461.html
宝宝蛋 宝宝的一套好习惯养成绘本全10册有声绘本0-3-6岁睡前故事,https://img05.miyabaobei.com/d1/p5/2017/05/22/b6/ad/b6adcbfef29f193f07014455a690f6d1374715564.jpg@base@tag=imgScale&w=447,28.00,https://www.mia.com//item-3085879.html
宝宝蛋 【100本盒装】成语故事 有声读物 中国绘画 宝宝图画书,https://img06.miyabaobei.com/d1/p5/2018/12/08/3f/3e/3f3e306c93918060bbe9160327f4fe47473943316.jpg@base@tag=imgScale&w=447,89.00,https://www.mia.com//item-3085965.html
东方沃野 德国绘本大师达尼拉·库娄特经典作品辑全5册（精装）,https://img05.miyabaobei.com/d1/p5/2017/06/05/66/89/6689861705d57b24f003e0e7a5932009464978984.jpg@base@tag=imgScale&w=447,139.00,https://www.mia.com//item-3126470.html
文乐童书 10册笨笨熊幼儿情商行为管理亲子绘本图书一（拉粑粑）,https://img06.miyabaobei.com/d1/p5/2017/05/16/29/8e/298eeeb6f92212a59eb33fbf71a3f7b1205123249.jpg@base@tag=imgScale&w=447,22.00,https://www.mia.com//item-3085235.html
育博苑图书 4册睡前5分钟亲子口袋书,https://img05.miyabaobei.com/d1/p4/2016/12/11/0a/fe/0afe2c5b15a904e697f2d0136518a0b7467597847.jpg@base@tag=imgScale&w=447,21.00,https://www.mia.com//item-3085379.html
东方沃野 《大声说“不”》-我不怕共8册防校园霸凌学会自我保护绘本,https://img06.miyabaobei.com/d1/p6/2018/12/13/34/89/348991fcd68f1479e1a0f4d483966cf9888866664.jpg@base@tag=imgScale&w=447,128.00,https://www.mia.com//item-3126503.html
优漫图书 情绪管理与人格培养绘本全10册儿童绘本3-6岁宝宝书籍,https://img05.miyabaobei.com/d1/p6/2018/12/27/b8/20/b820c90d9810a1a10269527b65ea2647822335198.jpg@base@tag=imgScale&w=447,45.00,https://www.mia.com//item-3087004.html
优漫图书 儿童情商培养绘本全套10册,https://img06.miyabaobei.com/d1/p5/2017/09/28/10/6c/106cbcd98b53716ef28f1ad52205bb5d661722156.jpg@base@tag=imgScale&w=447,46.80,https://www.mia.com//item-3086946.html
优漫图书 经典故事绘本全20册彩图注音版绘本3-6岁儿童绘本故事书,https://img05.miyabaobei.com/d1/p6/2019/03/24/e3/83/e38342eb555a9f3cc9a6a384fec7bcc0925645003.jpg@base@tag=imgScale&w=447,48.00,https://www.mia.com//item-3630280.html
育博苑图书 8册幼儿科普大自然的秘密绘本,https://img06.miyabaobei.com/d1/p5/2017/02/10/75/db/75dbed3990eba22cdd212db15ced543d184513864.jpg@base@tag=imgScale&w=447,31.60,https://www.mia.com//item-3085381.html
宝宝蛋 小兔杰瑞情商绘本旅行版全16册 绘本0-3-6岁 故事书0-3岁,https://img05.miyabaobei.com/d1/p5/2018/03/17/6d/86/6d862cfd199950a563da437cc61f11bf740447237.jpg@base@tag=imgScale&w=447,56.00,https://www.mia.com//item-3085885.html
宝宝蛋 全套20册 成长保护安全教育绘本 好习惯养成绘本 儿童睡前故事书籍,https://img06.miyabaobei.com/d1/p6/2019/01/05/e2/e9/e2e9b5297ca2bfddc0f9cf66e338d1e8806702218.jpg@base@tag=imgScale&w=447,29.00,https://www.mia.com//item-3085969.html
东方沃野 德国库娄特大师绘本系列-全5册（平装）,https://img05.miyabaobei.com/d1/p6/2019/04/10/08/25/08256044bac4d20fcd4dac3d815d8bd7801493457.jpg@base@tag=imgScale&w=447,84.00,https://www.mia.com//item-3126483.html
宝宝蛋 儿童挫折教育原创绘本全10册 3-6岁宝宝早教启蒙书绘本,https://img06.miyabaobei.com/d1/p5/2017/11/25/81/68/8168576f1498cc62f96082c544ae1833876923313.jpg@base@tag=imgScale&w=447,30.00,https://www.mia.com//item-3085922.html
东方沃野 小熊和暴脾气的熊爸爸-全4册-受众家庭中父亲对孩子影响的重要性,https://img05.miyabaobei.com/d1/p5/2018/09/04/67/8b/678ba2f0b48b2db53ce68ec9bb22c918458115938.jpg@base@tag=imgScale&w=447,118.00,https://www.mia.com//item-3126501.html
乐乐趣 过年啦 节日立体书 早教启蒙 亲子共读 0-6岁,https://img06.miyabaobei.com/d1/p5/2017/12/05/b2/e0/b2e0a718b7d7c0ce1e31ce19b06d4798440158885.jpg@base@tag=imgScale&w=447,59.00,https://www.mia.com//item-3126197.html
海豚传媒 让孩子着迷的古诗游戏书（套装3册） 皮皮书坊 古诗思维导图古诗游戏教辅注音,https://img05.miyabaobei.com/d1/p6/2019/03/28/ac/a8/aca8b0d9204ceb2732d4ad90cabca527423333550.jpg@base@tag=imgScale&w=447,149.40,https://www.mia.com//item-3870512.html
尚左志远图书 儿童敏感期成长绘本3-6岁幼儿心理全10册培养孩子性格训练小莉 儿童敏感期成长绘本全10册,https://img06.miyabaobei.com/d1/p6/2019/03/11/63/ea/63ea6ddd725c3fdb498ee7cfe8bae198833358979.jpg@base@tag=imgScale&w=447,110.00,https://www.mia.com//item-4109538.html
宝宝蛋 好习惯绘本第一辑全10册 绘本0-3-6岁 睡前故事绘本书,https://img05.miyabaobei.com/d1/p5/2017/02/21/a2/0d/a20db16cb733da7e2bc827eb3ae16286464577729.jpg@base@tag=imgScale&w=447,39.00,https://www.mia.com//item-3085883.html
优漫图书 幼儿童成长好习惯绘本50册,https://img06.miyabaobei.com/d1/p5/2017/05/19/d0/0d/d00d53d013ea6a323724d8458d5ac5b1777447979.jpg@base@tag=imgScale&w=447,69.00,https://www.mia.com//item-3086926.html
文乐童书 10册情绪与性格培养勇敢做自己双语儿童绘本,https://img05.miyabaobei.com/d1/p5/2017/09/21/02/aa/02aadf95dae59e272fa6daf86667e027893322012.jpg@base@tag=imgScale&w=447,56.00,https://www.mia.com//item-3085169.html
宝宝蛋 人格培养故事全8册 幼儿园中小班儿童绘本3-6岁宝宝睡前故事,https://img06.miyabaobei.com/d1/p5/2017/10/13/1a/43/1a434706e66aefe113890e5885d6858c618842064.jpg@base@tag=imgScale&w=447,22.00,https://www.mia.com//item-3085874.html
优漫图书 我爸爸,https://img05.miyabaobei.com/d1/p3/item/12/1204/1204749_topic_1.jpg@base@tag=imgScale&w=447,46.00,https://www.mia.com//item-3086799.html
优漫图书 我爸爸我妈妈绘本情商管理小绘本12册,https://img06.miyabaobei.com/d1/p6/2018/12/18/48/74/487475de3ead964cb7b270aae56aeaa1265508508.jpg@base@tag=imgScale&w=447,58.00,https://www.mia.com//item-3086997.html
宝宝蛋 小画书18册儿童书睡前童话故事书绘本3-6岁,https://img05.miyabaobei.com/d1/p2/item/11/1180/1180656_topic_1.jpg@base@tag=imgScale&w=447,36.00,https://www.mia.com//item-3085853.html
小小时代 宝贝EQ情商小绘本 养成好习惯+不按时起床的孩子 全20册,https://img06.miyabaobei.com/d1/p5/2017/02/11/96/72/9672eb6ab59a2af7fbd317d7c0dabb67975061631.jpg@base@tag=imgScale&w=447,43.00,https://www.mia.com//item-3126311.html
优漫图书 行为管理小绘本全10册0-3岁早教启蒙认知绘本,https://img05.miyabaobei.com/d1/p3/item/12/1221/1221581_topic_1.jpg@base@tag=imgScale&w=447,45.00,https://www.mia.com//item-3086822.html
优漫图书 小公主自我保护意识培养绘本6册,https://img06.miyabaobei.com/d1/p5/2016/12/03/b9/8b/b98ba505c842400c0dde6a83fcbeb834363453780.jpg@base@tag=imgScale&w=447,38.00,https://www.mia.com//item-3086878.html
优漫图书 幼儿情商行为管理亲子绘本全30册0-3-6岁儿童睡前故事书,https://img05.miyabaobei.com/d1/p5/2017/05/19/36/67/366760ddc237b85d0879d3487aab96ec723887486.jpg@base@tag=imgScale&w=447,49.00,https://www.mia.com//item-3086925.html
优漫图书 成长保护小绘本全10册0-3岁亲子共读早教启蒙绘本,https://img06.miyabaobei.com/d1/p3/item/12/1205/1205165_topic_1.jpg@base@tag=imgScale&w=447,42.80,https://www.mia.com//item-3086812.html
优漫图书 幼儿情商行为管理亲子绘本全10册0-3-6岁宝宝好习惯培养早教绘本,https://img05.miyabaobei.com/d1/p5/2017/05/19/f7/80/f780398a47d80a408262f88c07ffa83e711979058.jpg@base@tag=imgScale&w=447,46.80,https://www.mia.com//item-3086922.html
优漫图书 性教育绘本读物8册小鸡的故事+乳房的故事,https://img06.miyabaobei.com/d1/p5/2017/08/21/89/79/8979554deeab0e0b4cdee2bd092cb2e6023817232.jpg@base@tag=imgScale&w=447,65.00,https://www.mia.com//item-3086935.html
宝宝蛋 儿童绘本0-3-6岁全26册好习惯系列睡前故事书,https://img05.miyabaobei.com/d1/p5/2017/12/09/5c/36/5c36fc2fa55ead1816372913fedd136c060684885.jpg@base@tag=imgScale&w=447,72.00,https://www.mia.com//item-3085932.html
宝宝蛋 全套60册难不倒早教小画书0-3-6宝宝睡前故事儿童注音彩图绘本,https://img06.miyabaobei.com/d1/p5/2018/07/07/91/bb/91bbd6494e4e0a7acbca2d3cb2f802fc483589687.jpg@base@tag=imgScale&w=447,34.00,https://www.mia.com//item-3085938.html
尚左志远图书 有声伴读故事里的中国十二生肖绘本故事书全12册适3-6-7-8-9周岁儿童宝宝睡前童话故事 十二生肖玩转二十四节气4册,https://img05.miyabaobei.com/d1/p6/2019/04/09/2b/ce/2bce02df0ab7df43ba9718def0005fd5044541062.jpg@base@tag=imgScale&w=447,29.80,https://www.mia.com//item-4246162.html
文乐童书 4册爸爸妈妈给我讲晚安故事有声伴读绘本图书,https://img06.miyabaobei.com/d1/p5/2017/05/12/35/d4/35d4fba1a1fe9b5e7bf959483767d573769687213.jpg@base@tag=imgScale&w=447,26.00,https://www.mia.com//item-3085233.html
优漫图书 春夏秋冬情景认知绘本全4册3-6岁儿童绘本,https://img05.miyabaobei.com/d1/p6/2019/01/09/cd/a7/cda79c16b034a3a13ba669ef4c40eb1e048137592.jpg@base@tag=imgScale&w=447,45.00,https://www.mia.com//item-3087016.html
心语文化 宝宝品德培养12册 0-6岁提高篇,https://img06.miyabaobei.com/d1/p5/2018/01/03/d5/0a/d50a448365b9da3aab8cf92fca6f3804486105620.jpg@base@tag=imgScale&w=447,49.80,https://www.mia.com//item-3086274.html
小小时代 彼得兔的故事全8册,https://img05.miyabaobei.com/d1/p5/2016/10/07/26/46/26469faf4c25856964f26db01bc0eb10320868706.jpg@base@tag=imgScale&w=447,30.00,https://www.mia.com//item-3126310.html
优漫图书 儿童性教育绘本全5册 幼儿自我保护意识培养书,https://img06.miyabaobei.com/d1/p5/2017/09/05/76/31/7631f14cd9a05f30b09978a5d6a9a9ab943908416.jpg@base@tag=imgScale&w=447,63.90,https://www.mia.com//item-3086937.html
小小时代 我的爸爸 我的妈妈 我的老师 我的好朋友 我自己 5册,https://img05.miyabaobei.com/d1/p5/2017/07/28/81/1d/811dd11fa1b9f554e45f5b7870631e89307154868.jpg@base@tag=imgScale&w=447,38.00,https://www.mia.com//item-3126318.html
优漫图书 儿童情绪管理与性格培养中英双语绘本10册,https://img06.miyabaobei.com/d1/p4/2016/11/03/8b/2f/8b2f817dd00704873bfdb35b3a9d84a1618736326.jpg@base@tag=imgScale&w=447,38.00,https://www.mia.com//item-3086873.html
优漫图书 儿童情商培养与内心成长绘本 全6册,https://img05.miyabaobei.com/d1/p5/2017/11/08/47/57/4757aeee2e9679f3ab3e1759cbefbd8e045571359.jpg@base@tag=imgScale&w=447,46.80,https://www.mia.com//item-3086955.html
优漫图书 中国神话故事绘本注音版全20册,https://img06.miyabaobei.com/d1/p5/2017/10/15/fb/a9/fba9218c4fc5e14327136eca7969d285352768352.jpg@base@tag=imgScale&w=447,38.00,https://www.mia.com//item-3086950.html
东方沃野 《我爱巧克力蛋糕》-学会有耐心 精装,https://img05.miyabaobei.com/d1/p5/2017/07/11/93/ae/93ae9de3c0a683d7269146820ae127d1658713538.jpg@base@tag=imgScale&w=447,29.80,https://www.mia.com//item-3126476.html
育博苑图书 6册会说话的小孩人人爱绘本儿,https://img06.miyabaobei.com/d1/p5/2018/03/27/a9/2d/a92d4b39f1adfc09d163a0aa76b18f67342735945.jpg@base@tag=imgScale&w=447,45.00,https://www.mia.com//item-3085392.html
优漫图书 儿童性教育启蒙绘本全8册,https://img05.miyabaobei.com/d1/p5/2018/03/27/bf/05/bf05428223b94ed5075c77cad7b5c9e5331804197.jpg@base@tag=imgScale&w=447,65.00,https://www.mia.com//item-3086983.html
宝宝蛋 10册爱上优秀的自己 儿童绘本0-3-6周岁情商教育好习惯培养孩子强大内心早教图画书,https://img06.miyabaobei.com/d1/p6/2019/02/23/70/33/70336e42c9fcafe509ea636105333079864811303.jpg@base@tag=imgScale&w=447,32.80,https://www.mia.com//item-3085978.html
宝宝蛋 长大我最棒系列全套8册 0-3-6儿童绘本故事书,https://img05.miyabaobei.com/d1/p6/2018/12/19/02/dc/02dc416870d1c0f140ab2e16f75b0cf9994376021.jpg@base@tag=imgScale&w=447,59.00,https://www.mia.com//item-3085857.html
育博苑图书 8册经典彼得兔的故事注音版课外书(绿),https://img06.miyabaobei.com/d1/p3/item/12/1213/1213107_topic_1.jpg@base@tag=imgScale&w=447,30.00,https://www.mia.com//item-3085378.html
东方沃野 《我要进球》-学会坚持 精装,https://img05.miyabaobei.com/d1/p5/2017/07/11/1c/df/1cdf8a13ba9164f392db27a97cd8372b657612037.jpg@base@tag=imgScale&w=447,29.80,https://www.mia.com//item-3126477.html
东方沃野 心灵成长品格培养获奖绘本合辑16册,https://img06.miyabaobei.com/d1/p5/item/13/1340/1340649_topic_1.jpg@base@tag=imgScale&w=447,145.00,https://www.mia.com//item-3126468.html
东方沃野 换个角度读经典童话-皇帝的新装-精装,https://img05.miyabaobei.com/d1/p5/2018/12/11/0d/55/0d55883c9723662ba897667aa52b2bee981444519.jpg@base@tag=imgScale&w=447,29.80,https://www.mia.com//item-3126475.html
文乐童书 30册笨笨熊幼儿情商行为管理亲子绘本书籍,https://img06.miyabaobei.com/d1/p5/2017/05/19/d2/8b/d28b9fed57c0c5aee4c45de39296391e882951622.jpg@base@tag=imgScale&w=447,55.00,https://www.mia.com//item-3085238.html
优漫图书 幼儿情商行为管理亲子绘本第三辑全10册3-6岁宝宝好习惯培养早教绘本,https://img05.miyabaobei.com/d1/p5/2017/05/19/0d/be/0dbe33f9701231f55a3ae423fef9d4cd717304892.jpg@base@tag=imgScale&w=447,46.80,https://www.mia.com//item-3086924.html
优漫图书 中国经典古代神话故事书绘本注音版全20册3-6岁儿童绘本,https://img06.miyabaobei.com/d1/p6/2019/01/09/fe/cf/fecf9c110885964d244d55992d0ade15130176093.jpg@base@tag=imgScale&w=447,46.80,https://www.mia.com//item-3087019.html
小小时代 爱上很好的自己 幼儿情商培养与励志绘本 10册,https://img05.miyabaobei.com/d1/p5/2017/11/07/f5/f8/f5f828a47d31fc66f3a63699984e3abf217671237.jpg@base@tag=imgScale&w=447,26.00,https://www.mia.com//item-3126323.html
育博苑图书 10册第一部从小养成好习惯绘本（拉粑粑）,https://img06.miyabaobei.com/d1/p5/2017/05/19/38/56/3856254837537fbe3621050da6a8a725704012063.jpg@base@tag=imgScale&w=447,18.00,https://www.mia.com//item-3085386.html
东方沃野 我来保护你-大恐龙来了-拐卖自救,https://img05.miyabaobei.com/d1/p5/2017/06/21/41/4a/414af2e661726b8393b45c358594c93d133673152.jpg@base@tag=imgScale&w=447,15.80,https://www.mia.com//item-3126472.html
东方沃野 宝宝健康成长绘本—细菌是什么,https://img06.miyabaobei.com/d1/p5/2017/07/31/b2/6e/b26e269b291724cfc4faf4039fe10435871059496.jpg@base@tag=imgScale&w=447,16.80,https://www.mia.com//item-3126484.html
育博苑图书 8册宝宝沟通力培养绘本儿童3-6周岁图书,https://img05.miyabaobei.com/d1/p5/2017/02/12/72/b8/72b83cd25ab13b342154c6a4602e23f0910536775.jpg@base@tag=imgScale&w=447,31.60,https://www.mia.com//item-3085382.html
优漫图书 童话故事双语绘本大全套装20册,https://img06.miyabaobei.com/d1/p5/2017/11/01/55/d9/55d9ea783d7ce880970eaf8abcd13dbb981977060.jpg@base@tag=imgScale&w=447,38.00,https://www.mia.com//item-3086953.html
宝宝蛋 熊孩子安全教育双语绘本全8册 绘本0-3-6岁故事书,https://img05.miyabaobei.com/d1/p5/2017/11/08/a2/fb/a2fb3a3d174b4a4e0aac23f6baca4e14121961249.jpg@base@tag=imgScale&w=447,36.00,https://www.mia.com//item-3085918.html
优漫图书 幼儿情商管理绘本全10册,https://img06.miyabaobei.com/d1/p5/2018/04/16/bc/dd/bcdd0b57954bd23a7a4d7cac4e65ab22679016348.jpg@base@tag=imgScale&w=447,42.80,https://www.mia.com//item-3086987.html
优漫图书 儿童绘本恐龙书6册恐龙大世界注音版儿童百科全书,https://img05.miyabaobei.com/d1/p5/2017/07/01/c9/20/c920f958c6660a761054f42f7d8eb877756306650.jpg@base@tag=imgScale&w=447,45.00,https://www.mia.com//item-3086929.html
优漫图书 幼儿性格塑造绘本10册,https://img06.miyabaobei.com/d1/p5/2018/01/11/31/19/3119a30383e1682f4c2b4afaea315c52552893939.jpg@base@tag=imgScale&w=447,52.80,https://www.mia.com//item-3086971.html
东方沃野 四大名著绘本共12册,https://img05.miyabaobei.com/d1/p5/2018/11/19/73/5c/735c8b2e5debf5d9fdd92709dd9e747e971149016.jpg@base@tag=imgScale&w=447,129.00,https://www.mia.com//item-3126502.html
文乐童书 6册幼儿趣味工程车系列儿童绘本图书,https://img06.miyabaobei.com/d1/p4/item/13/1327/1327055_topic_1.jpg@base@tag=imgScale&w=447,36.00,https://www.mia.com//item-3085145.html
优漫图书 中国传统节日绘本全套10册3-6岁儿童绘本故事书,https://img05.miyabaobei.com/d1/p6/2019/01/04/ae/b6/aeb6607866707a31232388ca36693468721689843.jpg@base@tag=imgScale&w=447,26.80,https://www.mia.com//item-3087012.html
育博苑图书 10册勇敢做自己儿童情绪管理与性格培养绘本,https://img06.miyabaobei.com/d1/p5/2017/09/20/28/29/282906ea09ee1cc27ab351fd3a890bc4748745867.jpg@base@tag=imgScale&w=447,26.00,https://www.mia.com//item-3085384.html
东方沃野 《生命的故事》-不要随便摸我,https://img05.miyabaobei.com/d1/p5/2017/07/11/7c/61/7c615ad8d407775b5b0388dfa1cb0f18674614040.jpg@base@tag=imgScale&w=447,15.80,https://www.mia.com//item-3126480.html
宝宝蛋 宝宝睡前故事小画书第一辑3-6岁全9册,https://img06.miyabaobei.com/d1/p3/item/12/1211/1211229_topic_1.jpg@base@tag=imgScale&w=447,20.00,https://www.mia.com//item-3085860.html
优漫图书 宝宝自己睡绘本全套6册幼儿绘本3-6岁儿童书籍,https://img05.miyabaobei.com/d1/p6/2019/01/09/3c/40/3c40c27e2ee6cb008b8c3bdd9f82bd6b114535192.jpg@base@tag=imgScale&w=447,46.80,https://www.mia.com//item-3087018.html
优漫图书 幼儿情商培养小绘本全10册3-6岁幼儿启蒙认知绘本,https://img06.miyabaobei.com/d1/p5/2016/10/06/a5/c2/a5c29ab4ea3acd2f872cf40e43dad203233708634.jpg@base@tag=imgScale&w=447,46.80,https://www.mia.com//item-3086870.html
优漫图书 幼儿安全绘本丛书8册,https://img05.miyabaobei.com/d1/p5/2018/01/02/91/99/9199d04b06104f07889ea8777dc1fad5572699216.jpg@base@tag=imgScale&w=447,38.00,https://www.mia.com//item-3086969.html
东方沃野 小仓鼠去哪了-精装绘本3-6岁儿童图画书籍幼儿启蒙认知绘本睡前故事亲子早教阅读书籍,https://img06.miyabaobei.com/d1/p6/2019/04/01/b6/c5/b6c5e300c61b59b4130962ca3231b9b2046094756.jpg@base@tag=imgScale&w=447,23.00,https://www.mia.com//item-4168602.html
优漫图书 儿童情绪管理与性格培养双语绘本全10册3-6岁幼儿睡前故事书,https://img05.miyabaobei.com/d1/p6/2019/01/21/57/61/576140f0c9cb678630e1afb12ab08d92487824674.jpg@base@tag=imgScale&w=447,46.80,https://www.mia.com//item-3086913.html
东方沃野 我来保护你-三只小熊去郊游-不跟陌生人走,https://img06.miyabaobei.com/d1/p5/2017/06/21/10/9b/109b284beee5fc1e618a08e64842cbf4134822247.jpg@base@tag=imgScale&w=447,15.80,https://www.mia.com//item-3126473.html
育博苑图书 10册第三部从小养成好习惯绘本宝宝启蒙早教简洁有趣的故事书,https://img05.miyabaobei.com/d1/p5/2017/05/19/f1/ae/f1ae28f502cc08bd01a19c68f853dab9832052643.jpg@base@tag=imgScale&w=447,18.00,https://www.mia.com//item-3085388.html
东方沃野 “满满的爱”安全感系列绘本- 一会儿是多久,https://img06.miyabaobei.com/d1/p5/2018/07/31/5c/dd/5cdd0a309561ff8e3989d9de53a6e5f4242849440.jpg@base@tag=imgScale&w=447,19.80,https://www.mia.com//item-3126499.html
优漫图书 0-3岁小宝宝睡前故事好性格培养暖心绘本30册,https://img05.miyabaobei.com/d1/p5/2016/09/01/c3/2e/c32e1344cf4880002df92a69516eaa47947035468.jpg@base@tag=imgScale&w=447,38.00,https://www.mia.com//item-3086866.html
育博苑图书 老狼老狼几点了绘本可爱的数学全套8册幼儿启蒙绘本,https://img06.miyabaobei.com/d1/p6/2018/12/19/20/d0/20d07e567b73f08a42e78b72f257e295981035426.jpg@base@tag=imgScale&w=447,39.00,https://www.mia.com//item-3085397.html
心语文化 辅食每周吃什么宝宝辅食书婴儿辅食书辅食食谱 婴儿宝宝辅食添加与营养配餐宝宝食谱 标准版 1册,https://img05.miyabaobei.com/d1/p6/2019/04/11/b1/b8/b1b8f1bb455f0d2ed00d620124d31759642902407.jpg@base@tag=imgScale&w=447,28.00,https://www.mia.com//item-4246176.html
优漫图书 幼儿爱的教育绘本 全8册,https://img06.miyabaobei.com/d1/p5/2017/12/17/96/01/960132721d705a112d8a769f5a831588733261068.jpg@base@tag=imgScale&w=447,48.00,https://www.mia.com//item-3086966.html
育博苑图书 6册小公主自我保护意识培养不要随便摸我绘本,https://img05.miyabaobei.com/d1/p5/2017/05/07/5d/94/5d94c0d8ac49728e59ca1e211a0ea463433165251.jpg@base@tag=imgScale&w=447,27.50,https://www.mia.com//item-3085385.html
宝宝蛋 【随机发8本】尿布猪小弟行为认知训练书 绘本0-3-6岁儿童亲子读物好习惯养成 套装1,https://img06.miyabaobei.com/d1/p6/2019/03/20/3d/6a/3d6adee2da20ed321f5e899175d98972479506626.jpg@base@tag=imgScale&w=447,29.00,https://www.mia.com//item-3630802.html
宝宝蛋 专注力训练游戏绘本全6册 幼儿童绘本故事 智力开发益智书籍,https://img05.miyabaobei.com/d1/p6/2019/01/18/1c/98/1c98002398455377bda4178ee4295a02963383717.jpg@base@tag=imgScale&w=447,72.80,https://www.mia.com//item-3085971.html
东方沃野 《生命的故事》-为什么我没有小鸡鸡,https://img06.miyabaobei.com/d1/p5/2017/07/11/1b/c2/1bc22d4dbdc4b17d1f25ec57c0c262e4673745461.jpg@base@tag=imgScale&w=447,15.80,https://www.mia.com//item-3126479.html
宝宝蛋 全8册 儿童沟通能力养成绘本 幼儿童绘本故事书籍3-4-5-6周岁亲子阅读书籍,https://img05.miyabaobei.com/d1/p6/2019/03/06/e0/c8/e0c8ceca3b65c8dfd51cc139be8ecddd442592664.jpg@base@tag=imgScale&w=447,29.00,https://www.mia.com//item-3870503.html
宝宝蛋 爱上表达系列绘本全8册 绘本3-6岁 婴幼儿行为习惯培养绘本,https://img06.miyabaobei.com/d1/p5/2017/11/08/9c/d7/9cd7fbc465579c24f2990745629f246b134597864.jpg@base@tag=imgScale&w=447,39.00,https://www.mia.com//item-3085916.html
东方沃野 做棒棒的自己·双语绘本-共10册,https://img05.miyabaobei.com/d1/p5/2017/09/20/0a/be/0abe826b39ec6087dceae0bdf1f65549784523065.jpg@base@tag=imgScale&w=447,69.00,https://www.mia.com//item-3126486.html
知识出版社 大师名作绘本馆 礼品盒套装共28册 国际童书大奖外国经典儿童绘本故事书 3-6周岁,https://img06.miyabaobei.com/d1/p6/2019/04/02/ab/97/ab97c8471a27d3be524f1fc065f61db8913499079.jpg@base@tag=imgScale&w=447,129.00,https://www.mia.com//item-3086458.html
育博苑图书 4册爸爸妈妈有声伴读晚安故事儿童绘本睡前故事书,https://img05.miyabaobei.com/d1/p5/2017/05/24/9a/8e/9a8e0274f142e80bcc383c055a14a787096786987.jpg@base@tag=imgScale&w=447,19.00,https://www.mia.com//item-3085389.html
东方沃野 我来保护你-不是每个抱抱都美好-遇到了性侵犯怎么办？,https://img06.miyabaobei.com/d1/p5/2017/06/21/7c/cf/7ccf03daf0056985bab35f2fd19fb025134875717.jpg@base@tag=imgScale&w=447,15.80,https://www.mia.com//item-3126474.html
宝宝蛋 小画书全18册 注音拼音 0-3-6岁宝宝睡前童话故事书绘本,https://img05.miyabaobei.com/d1/p5/2017/11/18/dd/29/dd29ce8003c1c17eeff974326028b944723127474.jpg@base@tag=imgScale&w=447,35.00,https://www.mia.com//item-3085920.html
东方沃野 《生命的故事》-亲爱的外婆,https://img06.miyabaobei.com/d1/p5/2017/07/11/72/95/72951b7d83ec91e31fb2443ab625dd7e682505619.jpg@base@tag=imgScale&w=447,15.80,https://www.mia.com//item-3126481.html
宝宝蛋 儿童情商培养与性格培养 全10册 宝宝睡前故事书 亲子阅读书,https://img05.miyabaobei.com/d1/p6/2019/02/23/41/e6/41e61ce55b0cdb83786d4b5ce5447f2e860172824.jpg@base@tag=imgScale&w=447,29.00,https://www.mia.com//item-3085972.html
知识出版社 怕黑的小北极熊宝宝情绪管理图画书勇敢自信不怯懦系列全5册低幼儿童绘本故事亲子读物,https://img06.miyabaobei.com/d1/p2/item/11/1179/1179369_topic_1.jpg@base@tag=imgScale&w=447,39.00,https://www.mia.com//item-3086442.html
文轩 福尔摩斯探案集全集共8册 柯南道尔 7-15岁中小学生课外阅读书籍,https://img05.miyabaobei.com/d1/p5/2018/11/30/1c/8f/1c8fa81e55d01e3b0899785b1747be56627428920.jpg@base@tag=imgScale&w=447,36.90,https://www.mia.com//item-3088275.html
东方沃野 “满满的爱”安全感系列绘本-爸爸上班时会想我吗,https://img06.miyabaobei.com/d1/p5/2018/07/27/95/a1/95a16dbf23fe236284090bc6938695ec823322593.jpg@base@tag=imgScale&w=447,19.80,https://www.mia.com//item-3126496.html
优漫图书 儿童情绪管理与性格培养绘本10册3-6岁儿童绘本故事书,https://img05.miyabaobei.com/d1/p6/2019/01/17/45/69/4569b27e05f6f08e2a20601154adeb7c905581818.jpg@base@tag=imgScale&w=447,45.00,https://www.mia.com//item-3086917.html
小小时代 名人传注音美绘本外国篇+中国篇18册  儿童绘本  以榜样的力量陪伴成长,https://img06.miyabaobei.com/d1/p6/2019/03/12/5d/0d/5d0d5ff1b23a4d2c0d254a262064415d546006904.jpg@base@tag=imgScale&w=447,42.00,https://www.mia.com//item-3870460.html
知识出版社 海底总动员：寻找尼莫、尼莫号、尼莫和多莉的狂欢日（3册装）,https://img05.miyabaobei.com/d1/p5/2017/08/25/f2/cf/f2cfe343050de904e05b69ce8c228da1312109270.jpg@base@tag=imgScale&w=447,35.00,https://www.mia.com//item-3086447.html
文乐童书 10册我们的节日中国传统节日故事绘本图书,https://img06.miyabaobei.com/d1/p5/2017/11/17/bb/02/bb02c0ce6299a4f58923068d2529fd59125162381.jpg@base@tag=imgScale&w=447,19.00,https://www.mia.com//item-3085256.html
知识出版社 大卫不可以套装（3册装）不可以+惹麻烦+上学去,https://img05.miyabaobei.com/d1/p5/2018/06/08/c7/0c/c70cf7274fa375bd50231ceb8f1c19b7234809333.jpg@base@tag=imgScale&w=447,74.90,https://www.mia.com//item-3086456.html
宝宝蛋 我能表达自己全8册绘本3-6岁幼儿情绪管理图画书,https://img06.miyabaobei.com/d1/p5/2017/11/08/fc/11/fc11940d26ecfc4b57276e45fca37e6a128336499.jpg@base@tag=imgScale&w=447,36.00,https://www.mia.com//item-3085917.html
优漫图书 睡前小故事4册注音版3-6岁宝宝睡前故事书,https://img05.miyabaobei.com/d1/p6/2019/01/03/e5/12/e512a7be6dab674e05370cac422db7cc130489921.jpg@base@tag=imgScale&w=447,42.80,https://www.mia.com//item-3087011.html
优漫图书 宝宝365夜故事书全4册彩图注音版3-6岁儿童睡前故事书,https://img06.miyabaobei.com/d1/p6/2019/01/04/fb/cb/fbcb5e33ff3841d4af2afa199b1fa2ce918024073.jpg@base@tag=imgScale&w=447,42.80,https://www.mia.com//item-3087014.html
优漫图书 0-3岁行为习惯绘本第二辑全10册儿童绘本,https://img05.miyabaobei.com/d1/p6/2018/12/30/39/b0/39b02c700ea2431b327942a7178fd892561267430.jpg@base@tag=imgScale&w=447,45.00,https://www.mia.com//item-3087009.html
优漫图书 养成好习惯绘本全10册0-3岁宝宝睡前故事书,https://img06.miyabaobei.com/d1/p6/2018/12/27/27/74/27740b223d900613e55ab25a0ae5cdca886563175.jpg@base@tag=imgScale&w=447,46.80,https://www.mia.com//item-3087005.html
宝宝蛋 睡前5分钟故事彩图注音版全6册 绘本0-3-6岁,https://img05.miyabaobei.com/d1/p5/2017/04/13/bd/56/bd5642cc80ee98ebbbbcf8afbed27cf9807689275.jpg@base@tag=imgScale&w=447,30.00,https://www.mia.com//item-3085889.html
优漫图书 0-3岁行为习惯绘本全套10册 儿情商教育童话故事书,https://img06.miyabaobei.com/d1/p6/2018/12/30/19/bd/19bd43f591cee83886fd0a0b3312fad7499743073.jpg@base@tag=imgScale&w=447,45.00,https://www.mia.com//item-3087007.html
优漫图书 幼儿启蒙学英语3全10册3-6岁儿童英语绘本,https://img05.miyabaobei.com/d1/p6/2019/01/02/c9/63/c9638ed92ea729a2790fc038aa051329129524019.jpg@base@tag=imgScale&w=447,45.00,https://www.mia.com//item-3087010.html
东方沃野 《生命的故事》-妈妈的乳房,https://img06.miyabaobei.com/d1/p5/2017/07/11/e7/91/e791cdfd02f1b50c9364fef756ea9a81662934907.jpg@base@tag=imgScale&w=447,15.80,https://www.mia.com//item-3126478.html
心语文化 【探索动物之旅】奇趣动物绘本丛书 6册 3-6岁,https://img05.miyabaobei.com/d1/p5/2017/08/03/88/bd/88bda8df490ba763fae45da37b39f1a5403694698.jpg@base@tag=imgScale&w=447,48.00,https://www.mia.com//item-3086271.html
优漫图书 全套70册儿童睡前故事绘本,https://img06.miyabaobei.com/d1/p5/2018/04/02/ad/d2/add230ac438c773fa25aa8cc2945eac3550447637.jpg@base@tag=imgScale&w=447,39.80,https://www.mia.com//item-3086986.html
优漫图书 0-3岁行为习惯绘本第三辑全10册儿童启蒙认知绘本,https://img05.miyabaobei.com/d1/p6/2018/12/30/30/27/3027c879daaf9c8d298708bf423af639509348100.jpg@base@tag=imgScale&w=447,45.00,https://www.mia.com//item-3087008.html
优漫图书 永恒的爱经典绘本全10册3-6岁幼儿启蒙早教故事书,https://img06.miyabaobei.com/d1/p6/2019/01/21/9a/f2/9af29c923ba6b6edd671d74cf0f970b0423871602.jpg@base@tag=imgScale&w=447,45.00,https://www.mia.com//item-3086973.html
优漫图书 儿童好性格培养绘本全10册0-6岁宝宝睡前故事书,https://img05.miyabaobei.com/d1/p6/2018/12/27/08/07/08076b79ba2d9b8a99545f881611069d807207092.jpg@base@tag=imgScale&w=447,46.80,https://www.mia.com//item-3087003.html
优漫图书 晚安小故事全套20册3-6岁儿童绘本故事书,https://img06.miyabaobei.com/d1/p6/2018/12/26/53/a9/53a9cd56dc9f702ddf4a392e9317ce1d040185232.jpg@base@tag=imgScale&w=447,46.80,https://www.mia.com//item-3087002.html
优漫图书 全套16册注音版儿童睡前故事书绘本3-6岁幼儿图书,https://img05.miyabaobei.com/d1/p6/2019/03/24/af/b9/afb9334048b7505e336444263bc0e2b3115734518.jpg@base@tag=imgScale&w=447,102.00,https://www.mia.com//item-3630749.html
优漫图书 人格培养小绘本全10册儿童绘本0-3岁宝宝睡前故事书,https://img06.miyabaobei.com/d1/p6/2018/12/29/83/b3/83b3c9963c4f7a1ad4c4f8db0534d849748361703.jpg@base@tag=imgScale&w=447,42.80,https://www.mia.com//item-3087006.html
优漫图书 爸爸妈妈讲故事全4册注音版3-6岁宝宝睡前故事绘本书,https://img05.miyabaobei.com/d1/p6/2019/01/09/72/ac/72acbce518ef75fa441874e60d08e770997118828.jpg@base@tag=imgScale&w=447,42.80,https://www.mia.com//item-3087015.html
优漫图书 儿童绘本全套8册3-6岁幼儿早教启蒙情商管理绘本,https://img06.miyabaobei.com/d1/p6/2018/12/24/bb/d6/bbd639ebde5fdbe92eb71eee2b0e02ff368002043.jpg@base@tag=imgScale&w=447,45.00,https://www.mia.com//item-3086998.html
优漫图书 幼儿安全早知道绘本全10册0-3岁宝宝睡前故事书,https://img05.miyabaobei.com/d1/p6/2019/01/09/41/07/41074a4962da0d0eef5a1d19d0688873060681763.jpg@base@tag=imgScale&w=447,45.00,https://www.mia.com//item-3087017.html
尚左志远图书 儿童自我保护系列绘本全10册保护意识培养幼儿园绘本幼儿绘本3-6岁,https://img06.miyabaobei.com/d1/p6/2019/02/02/ef/67/ef678abe66179ddedcf0c8d2ddc0a861951607369.jpg@base@tag=imgScale&w=447,128.00,https://www.mia.com//item-3088268.html
优漫图书 小熊宝宝绘本系列一二辑全套20册,https://img05.miyabaobei.com/d1/p5/2017/04/11/34/9f/349f4060bc757769f78fa2511c61305a919868375.jpg@base@tag=imgScale&w=447,49.00,https://www.mia.com//item-3086916.html
东方沃野 《等我长大以后》-学会与人交往,https://img06.miyabaobei.com/d1/p5/2017/07/12/1d/1d/1d1d6d8604a2b3c052c504833b1ce789260065114.jpg@base@tag=imgScale&w=447,16.80,https://www.mia.com//item-3126482.html
文乐童书 8册思维绘本神奇的海底世界儿童图书,https://img05.miyabaobei.com/d1/p3/item/12/1224/1224545_topic_1.jpg@base@tag=imgScale&w=447,35.00,https://www.mia.com//item-3085126.html
优漫图书 全28册儿童故事书绘本3-6岁幼儿园大中班阅读书籍,https://img06.miyabaobei.com/d1/p6/2019/03/10/2d/5c/2d5c615f18c9bcaa10a0bb023dbc0ca4039487226.jpg@base@tag=imgScale&w=447,59.80,https://www.mia.com//item-3870550.html
宝宝蛋 40册带拼音的儿童绘本 宝宝睡前启蒙小故事0-3-4-5-6-7-8周岁幼儿园早教图画读物,https://img05.miyabaobei.com/d1/p6/2019/02/23/d5/8a/d58a34aee27d46a8f8cec590e6c93e9c864495689.jpg@base@tag=imgScale&w=447,29.00,https://www.mia.com//item-3085977.html
文乐童书 6册双语儿童自我保护安全教育启蒙绘本童书,https://img06.miyabaobei.com/d1/p5/2017/12/04/4a/6e/4a6e6601c7141eb9075a91f5780220b7742632375.jpg@base@tag=imgScale&w=447,19.80,https://www.mia.com//item-3085261.html
东方沃野 “满满的爱”安全感系列绘本-我好喜欢爸爸,https://img05.miyabaobei.com/d1/p5/2018/07/31/6c/de/6cde601415ae58c629856bd69babbcd5243383376.jpg@base@tag=imgScale&w=447,19.80,https://www.mia.com//item-3126498.html
优漫图书 幼儿情商行为管理亲子绘本第二辑全10册3-6岁宝宝好习惯培养早教绘本,https://img06.miyabaobei.com/d1/p5/2017/05/19/7b/f1/7bf1e4fa290529c967aeebc451534af4714886012.jpg@base@tag=imgScale&w=447,46.80,https://www.mia.com//item-3086923.html
优漫图书 美德培养暖心绘本10册3-6岁宝宝情商性格培养绘本,https://img05.miyabaobei.com/d1/p6/2018/12/25/4c/f8/4cf804c7b5129ac63ecba9d49f61ce4c186696368.jpg@base@tag=imgScale&w=447,46.80,https://www.mia.com//item-3087001.html
优漫图书 幼儿睡前故事绘本全20册3-6岁儿童故事绘本,https://img06.miyabaobei.com/d1/p5/2018/03/20/55/2d/552d9aa99cfdcfd8968d8eafe3112ae4179405573.jpg@base@tag=imgScale&w=447,46.80,https://www.mia.com//item-3086979.html
优漫图书 聪明宝宝能力书全8册儿童绘本3-6岁儿童睡前故事书,https://img05.miyabaobei.com/d1/p6/2018/12/25/a4/b3/a4b301fddd5640c983881ee0f440c737166998176.jpg@base@tag=imgScale&w=447,48.00,https://www.mia.com//item-3087000.html
知识出版社 宝宝情绪管理图画书 全套5册儿童绘本故事书友好相处不自私习惯培养少儿情绪管理绘本,https://img06.miyabaobei.com/d1/p2/item/11/1179/1179370_topic_1.jpg@base@tag=imgScale&w=447,39.00,https://www.mia.com//item-3086443.html
知识出版社 0-3岁亲子有声伴读绘本故事十二生肖的故事绘本全套12册中国传统文化认知图画书,https://img05.miyabaobei.com/d1/p6/2019/01/15/bf/19/bf19250dce4796ea4832e52710c676b5335594204.jpg@base@tag=imgScale&w=447,15.80,https://www.mia.com//item-3086525.html
东方沃野 “满满的爱”安全感系列绘本-我好喜欢妈妈,https://img06.miyabaobei.com/d1/p5/2018/07/31/d7/06/d70698d7e61e3829187bfd0b6deb173e244161483.jpg@base@tag=imgScale&w=447,19.80,https://www.mia.com//item-3126497.html
东方沃野 “满满的爱”安全感系列绘本-妈妈的魔法亲亲,https://img05.miyabaobei.com/d1/p5/2018/07/27/56/ce/56ce511943e6076182f384eee7f96fcf819941529.jpg@base@tag=imgScale&w=447,19.80,https://www.mia.com//item-3126493.html
尚左志远图书 中英双语版彼得兔的故事绘本全集8册3-6-7-9-10周岁儿童经典睡前故事童话读物,https://img06.miyabaobei.com/d1/p6/2018/12/29/36/13/361364a3c022b6ccb48b8b92cf791e43777549173.jpg@base@tag=imgScale&w=447,19.80,https://www.mia.com//item-3088264.html
乐乐趣 原创艺术认知绘本  揭秘小世界2册,https://img05.miyabaobei.com/d1/p6/2018/12/13/c7/50/c750e5167db15b8e9057e365a4e46573954974722.jpg@base@tag=imgScale&w=447,79.00,https://www.mia.com//item-3126199.html
优漫图书 儿童情绪管理与性格培养绘本系列 套装20册,https://img06.miyabaobei.com/d1/p5/2017/05/09/0e/32/0e3293be83d23d16269ede5c29c6ee12990706068.jpg@base@tag=imgScale&w=447,48.00,https://www.mia.com//item-3086921.html
东方沃野 “满满的爱”安全感系列绘本-爸爸的魔力抱抱,https://img05.miyabaobei.com/d1/p5/2018/07/27/60/f8/60f8b49ddef8cdb53ec51421c6616d07820985583.jpg@base@tag=imgScale&w=447,19.80,https://www.mia.com//item-3126494.html
知识出版社 大师名作绘本馆:小狗安格斯系列（共3册）,https://img06.miyabaobei.com/d1/p5/2018/06/13/86/26/8626e5b40aa12f60cb8f2e31d1eb5f0a521203600.jpg@base@tag=imgScale&w=447,32.00,https://www.mia.com//item-3086457.html
知识出版社 比奇小兔认知绘本(全10册),https://img05.miyabaobei.com/d1/p5/2017/02/28/98/5d/985d7dfed8daf21d4adfd3a2ebe8fa44675244836.jpg@base@tag=imgScale&w=447,39.00,https://www.mia.com//item-3086444.html
东方沃野 “满满的爱”安全感系列绘本-妈妈上班时会想我吗,https://img06.miyabaobei.com/d1/p5/2018/07/27/f7/76/f7767890b9cf82cb1a914941da70967b822799679.jpg@base@tag=imgScale&w=447,19.80,https://www.mia.com//item-3126495.html
育博苑图书 20册宝宝睡前小故事图画书中外经典手机扫码有声绘本,https://img05.miyabaobei.com/d1/p5/2017/06/27/e6/e5/e6e5736bcdc1c4488aebf9c2d3add2dd548717443.jpg@base@tag=imgScale&w=447,29.00,https://www.mia.com//item-3085390.html
知识出版社 小小绘本—安徒生童话第①辑（20册）,https://img06.miyabaobei.com/d1/p5/2017/12/05/a5/4e/a54e81f11397f2d78ac991ae3a8c7a0b437552538.jpg@base@tag=imgScale&w=447,68.90,https://www.mia.com//item-3086449.html
宝宝蛋 成长保护小绘本全10册 绘本3-6岁 宝宝睡前故事书 幼儿童书好习惯早教启蒙,https://img05.miyabaobei.com/d1/p6/2018/12/27/32/73/32739a049a48d80c9b6432a3efc11a76936957242.jpg@base@tag=imgScale&w=447,19.00,https://www.mia.com//item-3085967.html
优漫图书 幼儿情商小绘本20册,https://img06.miyabaobei.com/d1/p5/2018/03/22/b9/d1/b9d13877d073d20b98aef705204a5f7d882088718.jpg@base@tag=imgScale&w=447,39.00,https://www.mia.com//item-3086980.html
优漫图书 我要做个好孩子12册儿童绘本3-6岁幼儿故事书,https://img05.miyabaobei.com/d1/p5/2018/05/25/b7/fc/b7fc14e0f5dbf4b8820ac9759ee72542267876300.jpg@base@tag=imgScale&w=447,48.00,https://www.mia.com//item-3086990.html
知识出版社 海底特战队：揭秘海洋（全8册）,https://img06.miyabaobei.com/d1/p5/2017/09/21/af/f6/aff6625146f0762c2ae6518e822759f6054041704.jpg@base@tag=imgScale&w=447,59.00,https://www.mia.com//item-3086448.html
优漫图书 宝宝分床睡好习惯养成绘本全套6册,https://img05.miyabaobei.com/d1/p5/2018/06/01/78/20/782070ec3c7ed6012eeab9c0ce04ad03354683155.jpg@base@tag=imgScale&w=447,39.80,https://www.mia.com//item-3086992.html
文轩 小学生版四大名著全套彩图注音 西游记红楼梦三国演义水浒传,https://img06.miyabaobei.com/d1/p5/2018/11/30/34/6e/346e5e76c52354e0f3e927d79ac4957b627162591.jpg@base@tag=imgScale&w=447,16.80,https://www.mia.com//item-3088271.html
东方沃野 “满满的爱”安全感系列绘本-爸爸不见了,https://img05.miyabaobei.com/d1/p5/2018/07/31/b5/b1/b5b158822ef822a93c81a7a2cfb06eaf241874818.jpg@base@tag=imgScale&w=447,19.80,https://www.mia.com//item-3126500.html
优漫图书 全套32册3-6岁宝宝早教启蒙故事书,https://img06.miyabaobei.com/d1/p6/2019/01/14/6e/ce/6ecea739ce6634e43dd6f2f068d41584323904292.jpg@base@tag=imgScale&w=447,69.80,https://www.mia.com//item-3087021.html
宝宝蛋 宝宝好习惯 全套6册 公德品行礼貌友爱清洁卫生睡眠饮食安全教育健康教育绘本,https://img05.miyabaobei.com/d1/p6/2019/03/06/6f/c3/6fc361abab909b963cbbb70f7a29d6f5442332824.jpg@base@tag=imgScale&w=447,29.00,https://www.mia.com//item-3870502.html
文乐童书 40册有声伴读中华成语故事儿童绘本书,https://img06.miyabaobei.com/d1/p6/2019/01/02/53/8c/538cf9cf101681f2d936334987f9d5c0113297447.jpg@base@tag=imgScale&w=447,35.00,https://www.mia.com//item-3085350.html
知识出版社 中国童谣（全8册）,https://img05.miyabaobei.com/d1/p5/2018/07/03/d9/37/d937ba74b7cf5be99736065cec24dead179496399.jpg@base@tag=imgScale&w=447,42.00,https://www.mia.com//item-3086462.html
东方沃野 咬一口！有多大-硬皮精装绘本3-6岁睡前读物幼儿知识绘本 精装版,https://img06.miyabaobei.com/d1/p6/2019/03/29/9b/0f/9b0fa39d3992c010e178e4d2341c91ca260768328.jpg@base@tag=imgScale&w=447,68.00,https://www.mia.com//item-4158065.html
知识出版社 孩子喜欢的365夜睡前故事·夏之篇,https://img05.miyabaobei.com/d1/p5/2018/01/15/aa/15/aa15130b4e17bf6f9159d5cec868f6f2035261449.jpg@base@tag=imgScale&w=447,19.00,https://www.mia.com//item-3086451.html
育博苑图书 8册生命教育故事书婴幼儿启蒙认知绘本,https://img06.miyabaobei.com/d1/p5/2018/03/27/bf/05/bf05428223b94ed5075c77cad7b5c9e5316921920.jpg@base@tag=imgScale&w=447,26.90,https://www.mia.com//item-3085391.html
育博苑图书 10册第二部从小养成好习惯绘本宝宝启蒙早教简洁有趣的故事书,https://img05.miyabaobei.com/d1/p5/2017/05/19/55/f4/55f4287191b28765eba46a05c3e98f0b712126919.jpg@base@tag=imgScale&w=447,18.00,https://www.mia.com//item-3085387.html
美乐 Joan Miro 我的小小童话 8册合辑 睡前故事套装 安徒生格林童话故事书 我的小小童话,https://img06.miyabaobei.com/d1/p5/2018/09/27/19/00/1900902747f1270e842e4950c5ba0ce3366628631.jpg@base@tag=imgScale&w=447,69.90,https://www.mia.com//item-3380112.html
优漫图书 全10册3-6岁儿童情绪管理与性格培养绘本,https://img05.miyabaobei.com/d1/p6/2019/03/05/f9/88/f98824c6f76e75e30bdd7d8d1bb927b1750508659.jpg@base@tag=imgScale&w=447,42.80,https://www.mia.com//item-3870546.html
知识出版社 宝宝自助成长故事书-我要懂礼貌,https://img06.miyabaobei.com/d1/p5/2018/07/19/0a/cb/0acbc59eee3770451f8d76f4b85ea59d875256891.jpg@base@tag=imgScale&w=447,13.00,https://www.mia.com//item-3086492.html
知识出版社 孩子喜欢的365夜睡前故事·冬之篇,https://img05.miyabaobei.com/d1/p5/2018/01/15/dc/2a/dc2a9afb9cea50ac13ddcd444cdd2f90013883022.jpg@base@tag=imgScale&w=447,19.00,https://www.mia.com//item-3086450.html
优漫图书 儿童成长启迪暖心绘本全8册注音版3-6岁宝宝早教睡前卡通故事图画绘本,https://img06.miyabaobei.com/d1/p6/2019/05/04/03/f1/03f1e9833292d12ed89e62f5bb938541560123612.jpg@base@tag=imgScale&w=447,22.80,https://www.mia.com//item-4469373.html
优漫图书 全8册注音版儿童良好情绪管理与性格培养绘本3-6岁儿童睡前有声伴读趣味卡通绘本,https://img05.miyabaobei.com/d1/p6/2019/05/04/ad/a5/ada5244d795535187ec65b61e23e9c29477912452.jpg@base@tag=imgScale&w=447,24.80,https://www.mia.com//item-4469323.html
海豚传媒 不一样的365夜儿童故事绘本0-6岁幼儿园早教启蒙宝宝睡前故事书小学生课外阅读注音读物 精装版 全12册,https://img06.miyabaobei.com/d1/p6/2019/05/08/c0/08/c008b9c2742d557f8f3bc770aff64e20014795389.jpg@base@tag=imgScale&w=447,35.00,https://www.mia.com//item-4469325.html
优漫图书 全12册儿童绘本故事书彩图注音版一年级课外书儿童文学读物,https://img05.miyabaobei.com/d1/p6/2019/04/26/db/2e/db2ec2c69cc7f0ff5f91aa5342323255649072204.jpg@base@tag=imgScale&w=447,39.80,https://www.mia.com//item-4469267.html
优漫图书 美国经典情绪管理和习惯养成绘本16册3-6岁儿童性格培养早教亲子绘本,https://img06.miyabaobei.com/d1/p6/2019/05/13/d8/bd/d8bd8b97be0e6bda799b20f6a45b8b51356363166.jpg@base@tag=imgScale&w=447,51.00,https://www.mia.com//item-4469110.html
心语文化 正版 优质宝宝营养辅食方案 0-6岁宝宝辅食书聪明宝宝营养餐儿童营养食谱 营养辅食方案 标准版 1册,https://img05.miyabaobei.com/d1/p6/2019/04/11/19/53/1953e9bd160c074c4c339ac06263029d650939163.jpg@base@tag=imgScale&w=447,9.90,https://www.mia.com//item-4246177.html
宝宝蛋 【扫码可听】儿童原创绘本培养健康意识全8册3-6岁中英双语绘本,https://img06.miyabaobei.com/d1/p6/2019/02/23/48/5c/485cb70e8d3670d5f3caa7179dc72e08863689265.jpg@base@tag=imgScale&w=447,32.80,https://www.mia.com//item-3085976.html
优漫图书 全10册3-6岁幼儿情商与性格培养绘本第二辑,https://img05.miyabaobei.com/d1/p6/2019/03/05/36/d9/36d945f851ff48aece6c25ea6c08537d763391389.jpg@base@tag=imgScale&w=447,42.80,https://www.mia.com//item-3870548.html
优漫图书 陌生人请走开全6册3-6岁儿童自我保护意识培养绘本,https://img06.miyabaobei.com/d1/p6/2019/03/06/f0/9e/f09eac2252e59676150eadcc6947019f522069339.jpg@base@tag=imgScale&w=447,45.00,https://www.mia.com//item-3870547.html
宝宝蛋 【双语有声伴读美绘本全8册】做内心强大的自己2-3-6岁情商习惯培养幼儿童读物,https://img05.miyabaobei.com/d1/p6/2019/02/23/8c/21/8c2137d757953666362bf9e67cd38db0863389157.jpg@base@tag=imgScale&w=447,29.00,https://www.mia.com//item-3085975.html
文乐童书 20册有声伴读中国经典神话故事注音版儿童绘本图书,https://img06.miyabaobei.com/d1/p6/2018/12/18/45/c7/45c75be5a36df8b1a45e7d7ae0b327bb308713156.jpg@base@tag=imgScale&w=447,35.00,https://www.mia.com//item-3085347.html
育博苑图书 5册葫芦兄弟绘本3-6岁拼音动画故事书绘本,https://img05.miyabaobei.com/d1/p6/2019/04/07/15/27/15270a9dc04ef94e643deb73642aa416037962230.jpg@base@tag=imgScale&w=447,32.80,https://www.mia.com//item-4217162.html
文乐童书 10册小果树古典名著西游记儿童绘本系列大闹天宫漫画书小学生课外书籍,https://img06.miyabaobei.com/d1/p6/2019/03/25/f1/af/f1afe9efafabf4b48a54be076b8fc4cd019499124.jpg@base@tag=imgScale&w=447,53.00,https://www.mia.com//item-3885106.html
乐乐趣 魔发精灵-官方电影绘本-梦工厂授权-经典卡通形象,https://img05.miyabaobei.com/d1/p6/2019/04/18/b6/5f/b65fe951e6e294113da9d71a225f566f659913116.jpg@base@tag=imgScale&w=447,29.00,https://www.mia.com//item-4421517.html
心语文化 宝宝辅食书0-6岁婴儿辅食书幼儿宝宝营养餐食谱煲汤辅食指导书儿童营养餐 简装版 1册,https://img06.miyabaobei.com/d1/p6/2019/04/11/3e/89/3e89ed6707714f8083d94991c4dc24be537021250.jpg@base@tag=imgScale&w=447,18.00,https://www.mia.com//item-4246164.html
宝宝蛋 儿童绘本培养孩子情商的小绘本全10册亲子读物学前准备系列幼小衔接书,https://img05.miyabaobei.com/d1/p6/2019/02/23/4a/e2/4ae27663d3316e92d3f5eab47baea497860478102.jpg@base@tag=imgScale&w=447,29.00,https://www.mia.com//item-3085973.html
知识出版社 好宝宝文明礼仪养成教育绘本（全8册）,https://img06.miyabaobei.com/d1/p5/2018/01/25/53/cb/53cbba0bdb862068f3ce27d22a290195631051091.jpg@base@tag=imgScale&w=447,59.00,https://www.mia.com//item-3086452.html
优漫图书 小公主童话故事绘本全8册3-6岁幼儿睡前童话故事,https://img05.miyabaobei.com/d1/p6/2019/03/06/98/69/98694b5443afdbc5b2ad2551d10b93f3625614189.jpg@base@tag=imgScale&w=447,45.00,https://www.mia.com//item-3870549.html
宝宝蛋 全套32册 幼儿安全教育绘本 3-6岁 好习惯养成绘本自我保护意识培养儿童性教育绘本 套装1,https://img06.miyabaobei.com/d1/p6/2019/03/20/20/9c/209cac48c58505f0c7f5ad07d50c05c0687351161.jpg@base@tag=imgScale&w=447,59.00,https://www.mia.com//item-3630804.html
优漫图书 全22册绘本3-6岁儿童专注力训练书/365夜睡前故事书/宝宝入园安全教育,https://img05.miyabaobei.com/d1/p6/2019/03/14/d7/98/d7981d3b8ad6556a430a1f265f84d93f526621445.jpg@base@tag=imgScale&w=447,60.00,https://www.mia.com//item-3870552.html
育博苑图书 8册语言启蒙宝宝学说话0-3-6岁语言能力训练早教绘本故事书,https://img06.miyabaobei.com/d1/p6/2019/04/07/97/5e/975edc27a9b71eced898bd39f9f46389298474044.jpg@base@tag=imgScale&w=447,26.80,https://www.mia.com//item-4217163.html
知识出版社 大师名作绘本馆:拉封丹寓言系列（中英双语绘本)（共3册）,https://img05.miyabaobei.com/d1/p5/2018/06/13/8d/e9/8de9e16c39d89da815e5f5aaa7c1b7cc529671349.jpg@base@tag=imgScale&w=447,32.00,https://www.mia.com//item-3086459.html
优漫图书 幼儿安全教育绘本全10册,https://img06.miyabaobei.com/d1/p5/2018/04/19/42/cf/42cf95cc55c0874fe4fe64689ed04171213366663.jpg@base@tag=imgScale&w=447,42.80,https://www.mia.com//item-3086988.html
文乐童书 5册了不起的狐狸爸爸注音版图书罗尔德达尔作品典藏,https://img05.miyabaobei.com/d1/p5/2018/12/06/d0/5b/d05bd5f7c98db0f68004bfca701e9c5a744284104.jpg@base@tag=imgScale&w=447,75.00,https://www.mia.com//item-3085345.html
心语文化 从零开始学烘焙书籍教程烘培配方大全2018随手查食谱新手入门基础饼干面包西点蛋糕家用 简装版 1册,https://img06.miyabaobei.com/d1/p6/2019/04/11/7d/7b/7d7bfa885c46760ba19c01813dd51aa5636423931.jpg@base@tag=imgScale&w=447,12.00,https://www.mia.com//item-4246165.html
知识出版社 宝宝自助成长故事书-我会保护自己,https://img05.miyabaobei.com/d1/p5/2018/07/19/82/da/82dab56cb40018f86af576c67d8694a1889282906.jpg@base@tag=imgScale&w=447,13.00,https://www.mia.com//item-3086495.html
文乐童书 12册心语有声伴读十二生肖的故事绘本图书,https://img06.miyabaobei.com/d1/p6/2018/12/18/27/e5/27e5dc6cd67fbdf0e670c33f7013e5e5315296727.jpg@base@tag=imgScale&w=447,26.00,https://www.mia.com//item-3085348.html
文乐童书 4册365夜故事宝贝睡前故事成长启蒙绘本图书,https://img05.miyabaobei.com/d1/p6/2019/03/19/66/b6/66b6ba1882dc81e0a6f3596076010802706473279.jpg@base@tag=imgScale&w=447,36.00,https://www.mia.com//item-3085351.html
乐乐趣 节日体验立体绘本  中秋节,https://img06.miyabaobei.com/d1/p5/2018/08/30/8a/f6/8af68d5b27b28210d751a36f914b7138148107036.jpg@base@tag=imgScale&w=447,48.00,https://www.mia.com//item-3126198.html
宝宝蛋 全套12册宝宝趣味认知大书 0-3-6周岁早教启蒙图书认知绘本故事书 睡前故事书 套装1,https://img05.miyabaobei.com/d1/p6/2019/03/20/0f/57/0f57d76e9523c2d9cfdaed3a1d6c6714686741326.jpg@base@tag=imgScale&w=447,45.00,https://www.mia.com//item-3631251.html
文乐童书 5册儿童财商启蒙教育绘本钱从哪儿来儿童学理财绘本故事图书,https://img06.miyabaobei.com/d1/p6/2019/03/25/0a/c0/0ac0bae60219ab478db8fe4ef597ed12830577516.jpg@base@tag=imgScale&w=447,34.00,https://www.mia.com//item-3885105.html
文乐童书 2册罗克为什么不是狼心狗肺郑渊洁写给孩子的品德培养图书,https://img05.miyabaobei.com/d1/p6/2019/03/21/ac/a8/aca8d1b1f372b9b7d9bb3d4ca76810a1523304746.jpg@base@tag=imgScale&w=447,42.50,https://www.mia.com//item-3631477.html
邦臣小红花 0-3岁 小老鼠花小小成长绘本 一辑 第一辑,https://img06.miyabaobei.com/d1/p6/2019/03/15/56/3b/563b679a764c4c67d6b196bf4fc7090f431351789.jpg@base@tag=imgScale&w=447,32.30,https://www.mia.com//item-3870576.html
文轩 小牛顿问号探寻2全套10册,https://img05.miyabaobei.com/d1/p5/2018/11/30/bf/2a/bf2a48bceb1dcbf8cab3b512029cac13627273842.jpg@base@tag=imgScale&w=447,32.80,https://www.mia.com//item-3088273.html
知识出版社 宝宝自助成长故事书-我爱讲卫生,https://img06.miyabaobei.com/d1/p5/2018/07/19/00/20/0020cea3e960ea579aa2bd667cbe7948873342452.jpg@base@tag=imgScale&w=447,13.00,https://www.mia.com//item-3086491.html
优漫图书 行为管理绘本全10册3-6岁幼儿启蒙早教绘本图书,https://img05.miyabaobei.com/d1/p6/2019/01/09/23/f0/23f01959031531843b8db9e949381009212198015.jpg@base@tag=imgScale&w=447,42.80,https://www.mia.com//item-3087020.html
优漫图书 幼儿早教绘本全套38册3-6岁宝宝睡前故事书,https://img06.miyabaobei.com/d1/p6/2019/01/20/8c/7f/8c7fbdf6571f9a8bcc2975778a782fc5679412228.jpg@base@tag=imgScale&w=447,49.80,https://www.mia.com//item-3087023.html
文乐童书 8册迪士尼家庭绘本馆太空大冒险童话故事书,https://img05.miyabaobei.com/d1/p6/2019/01/02/c8/14/c814d8bc1a74a6b8b7a2e51c6480216d095685759.jpg@base@tag=imgScale&w=447,48.00,https://www.mia.com//item-3085349.html
尚左志远图书 你是我的小天使书 林特特书籍3-6岁幼儿绘本 亲子睡前故事书精装绘本,https://img06.miyabaobei.com/d1/p6/2019/02/02/d7/7d/d77d5da19e418e937a783b679dd22f7f910426604.jpg@base@tag=imgScale&w=447,29.90,https://www.mia.com//item-3088266.html
育博苑图书 10册儿童情绪管理与性格培养绘本我要当学霸,https://img05.miyabaobei.com/d1/p5/2018/11/28/6d/33/6d33b371e55613090ab090aca8ec4fba873771810.jpg@base@tag=imgScale&w=447,18.00,https://www.mia.com//item-3085394.html
文乐童书 20册注音版彼得兔的故事经典绘本图书,https://img06.miyabaobei.com/d1/p5/2018/12/06/96/1c/961cf96e5e4f18dc5effc8acebb76785832574276.jpg@base@tag=imgScale&w=447,32.00,https://www.mia.com//item-3085346.html
尚左志远图书 中国经典动画大全集-孙悟空三打白骨精全集彩图注音版（全五册）西游记绘本,https://img05.miyabaobei.com/d1/p6/2019/02/02/41/a6/41a6b2e9ac3e01edf965d808bd70153c926311304.jpg@base@tag=imgScale&w=447,32.80,https://www.mia.com//item-3088267.html
文轩 幼儿睡前故事绘本全套60册,https://img06.miyabaobei.com/d1/p5/2018/11/30/a0/85/a085e0d5be317f70f4dcb22ada712a58648777981.jpg@base@tag=imgScale&w=447,40.00,https://www.mia.com//item-3088276.html
知识出版社 影子剧院：沉睡的美人,https://img05.miyabaobei.com/d1/p5/2018/07/13/3d/03/3d039469b7fce3741160178319b7eb78532749977.jpg@base@tag=imgScale&w=447,38.00,https://www.mia.com//item-3086489.html
知识出版社 影子剧院：石头公主,https://img06.miyabaobei.com/d1/p5/2018/07/13/66/8a/668ab8c14dc14c06735ae044cdb45a31534018248.jpg@base@tag=imgScale&w=447,38.00,https://www.mia.com//item-3086490.html
海豚传媒 中华传统经典诵读 2册 唐诗三百首+儿歌三百首,https://img05.miyabaobei.com/d1/p5/2018/11/24/d0/80/d080e1d322c4dda91d9dca1847825620452023341.jpg@base@tag=imgScale&w=447,39.80,https://www.mia.com//item-3086279.html
优漫图书 宝宝自助成长故事书全6册彩图注音版自我保护意识培养系列绘本0-3-6岁宝宝早教启蒙绘本,https://img06.miyabaobei.com/d1/p6/2019/03/24/43/5a/435a466b3a35c1ec93073faee39c7086960265926.jpg@base@tag=imgScale&w=447,26.80,https://www.mia.com//item-3630748.html
育博苑图书 6册恐龙快跑书大百科全书恐龙绘本,https://img05.miyabaobei.com/d1/p5/2018/11/28/3d/97/3d972cca53b3052c82bf004fbffdeb85928919462.jpg@base@tag=imgScale&w=447,16.00,https://www.mia.com//item-3085395.html
育博苑图书 10册儿童情绪管理与性格培养中英文绘本妈妈我爱你,https://img06.miyabaobei.com/d1/p5/2018/11/28/db/8b/db8bf5d330d6243f1d36c83b4812bc6c865388015.jpg@base@tag=imgScale&w=447,18.00,https://www.mia.com//item-3085393.html
尚左志远图书 了不起的爸爸全套10册 儿童职业启蒙百科 2-6岁孩子的职业梦想启蒙注音绘本,https://img05.miyabaobei.com/d1/p6/2019/02/02/0f/31/0f312ff92cfa6887f59906c6e6270fdd804334786.jpg@base@tag=imgScale&w=447,26.80,https://www.mia.com//item-3088265.html
知识出版社 跟着伊伊过大节·中国节日民俗系列绘本：伊伊，中秋节快乐！,https://img06.miyabaobei.com/d1/p5/2018/07/03/af/44/af441a0ebc3702127b292dc07993a9aa189245153.jpg@base@tag=imgScale&w=447,29.00,https://www.mia.com//item-3086464.html
文轩 小牛顿科普早知道1(全套10册) 儿童启蒙科普百科绘本3-6岁,https://img05.miyabaobei.com/d1/p5/2018/11/30/ba/6e/ba6e2269b98a0c1efaa356873b6584f1627353455.jpg@base@tag=imgScale&w=447,28.80,https://www.mia.com//item-3088274.html
知识出版社 跟着伊伊过大节·中国节日民俗系列绘本：伊伊，端午节快乐！,https://img06.miyabaobei.com/d1/p5/2018/07/03/b7/13/b713a113ef020f62fb3163d5f032e932183739135.jpg@base@tag=imgScale&w=447,29.00,https://www.mia.com//item-3086463.html
文轩 爸爸妈妈讲故事(全套4册)0-3-6岁宝宝睡前故事绘本书亲子早教启蒙读物幼儿童话,https://img05.miyabaobei.com/d1/p5/2018/11/30/d5/f1/d5f18e92d8d853fd4960a4f44514e1e5627218997.jpg@base@tag=imgScale&w=447,19.90,https://www.mia.com//item-3088272.html
育博苑图书 AR版超级飞侠趣味游戏手工书全4册,https://img06.miyabaobei.com/d1/p6/2019/04/02/d4/83/d483a96ad230f5e96d32f61989e780a9822065813.jpg@base@tag=imgScale&w=447,29.90,https://www.mia.com//item-4206799.html
育博苑图书 AR立体贴纸书全6册数字乐园颜色形状行为习惯,https://img05.miyabaobei.com/d1/p6/2019/04/02/35/08/35080081fa7bbad0afd1172893eda6df833805608.jpg@base@tag=imgScale&w=447,29.90,https://www.mia.com//item-4206803.html
知识出版社 宝宝自助成长故事书-我来学美德,https://img06.miyabaobei.com/d1/p5/2018/07/19/bc/d8/bcd871ae7c231e628cbc1fae9da6c32b885067608.jpg@base@tag=imgScale&w=447,13.00,https://www.mia.com//item-3086494.html
知识出版社 小鸡鸡的故事,https://img05.miyabaobei.com/d1/p5/2018/03/14/2b/71/2b71fb0b5a7bfb5af64f7ef23fa1c746135928217.jpg@base@tag=imgScale&w=447,29.00,https://www.mia.com//item-3086454.html
文轩 12个经典的中国民间故事,https://img06.miyabaobei.com/d1/p6/2018/12/25/c2/27/c227d1658a88c733edb7c203ea61523e274893029.jpg@base@tag=imgScale&w=447,84.90,https://www.mia.com//item-3088277.html
知识出版社 宝宝自助成长故事书-我有好品格,https://img05.miyabaobei.com/d1/p5/2018/07/19/6e/6c/6e6cbe1d64dff7f20f70a4d67770d9a2882124843.jpg@base@tag=imgScale&w=447,13.00,https://www.mia.com//item-3086493.html
育博苑图书 爸爸是男生妈妈是女生全3册儿童性别学习游戏绘本,https://img06.miyabaobei.com/d1/p6/2019/04/01/be/77/be774021371d3e9100eb2739bedeca85061695191.jpg@base@tag=imgScale&w=447,59.00,https://www.mia.com//item-4146545.html
尚左志远图书 满满的安全感绘本系列全6册 启蒙认知绘本亲子共读物宝宝入园准备 大开本,https://img05.miyabaobei.com/d1/p6/2018/12/29/53/43/534355b8be323cbd751e8171a874a205764016295.jpg@base@tag=imgScale&w=447,69.90,https://www.mia.com//item-3088263.html
北斗 儿童交通工具大百科全5册 3-6-9岁汽车火车交通认知书,https://img06.miyabaobei.com/d1/p5/2018/10/23/7d/e9/7de99b044390dfe46e9a70e6dd53b614758591007.jpg@base@tag=imgScale&w=447,49.80,https://www.mia.com//item-3087450.html
邦臣小红花 0-3岁 小老鼠花小小成长绘本 第二辑 第二辑,https://img05.miyabaobei.com/d1/p6/2019/03/15/1a/c8/1ac87f41ecc24e4690518bf2dca219d4429394296.jpg@base@tag=imgScale&w=447,32.30,https://www.mia.com//item-3870577.html
育博苑图书 注音版全套30册情商管理小熊宝宝绘本儿童书籍,https://img06.miyabaobei.com/d1/p6/2018/12/19/b0/76/b076ad8ea7c915ef6de8d218138e9b41972297881.jpg@base@tag=imgScale&w=447,39.00,https://www.mia.com//item-3085396.html
北斗 英国经典视觉大发现益智游戏书猫鼬在哪里全3册,https://img05.miyabaobei.com/d1/p5/2018/10/23/19/37/1937d192b9bb7870f4779a50ee2a2c14761866972.jpg@base@tag=imgScale&w=447,39.80,https://www.mia.com//item-3087451.html
优漫图书 全套40册注音版 儿童绘本0-3-6岁宝宝睡前启蒙小故事,https://img06.miyabaobei.com/d1/p6/2018/12/14/58/ae/58aee37fca9c8ba89be77d8818756a90564256830.jpg@base@tag=imgScale&w=447,28.80,https://www.mia.com//item-3086996.html
乐乐趣 3-6岁宝宝 电影绘本 发声读物 迪士尼有声故事书-怪兽电力公司,https://img05.miyabaobei.com/d1/p5/2017/03/14/ba/d0/bad0bd2d79adf053c4005cf8f28c8261806341023.jpg@base@tag=imgScale&w=447,61.60,https://www.mia.com//item-3126194.html
东方沃野 可爱四小龙心灵成长启蒙绘本全4册精装,https://img06.miyabaobei.com/d1/p5/item/13/1329/1329732_topic_1.jpg@base@tag=imgScale&w=447,112.00,https://www.mia.com//item-3126467.html
阳光宝贝 宝宝学说话(全6册),https://img05.miyabaobei.com/d1/p2/item/11/1179/1179175_topic_1.jpg@base@tag=imgScale&w=447,36.00,https://www.mia.com//item-3870513.html
童立方 破旧稻草人  3-6岁儿童绘本精装童书,https://img06.miyabaobei.com/d1/p5/2016/12/10/25/b8/25b8e6dd4aca463aac4055a6b7106d6a555655420.jpg@base@tag=imgScale&w=447,24.00,https://www.mia.com//item-3087657.html
童立方 百年经典美绘本：巴巴的故事 3-6岁儿童绘本精装童书,https://img05.miyabaobei.com/d1/p6/2019/01/17/b1/0d/b10d7678b41e614fe4b4a347bac4ccde035062940.jpg@base@tag=imgScale&w=447,21.00,https://www.mia.com//item-3087621.html
童立方 百年经典美绘本系列：玛德琳和小捣蛋 3-6岁儿童绘本精装童书,https://img06.miyabaobei.com/d1/p5/2016/11/06/05/e8/05e8c2dd95602c4776e3c58201e790a2704275864.jpg@base@tag=imgScale&w=447,21.00,https://www.mia.com//item-3087615.html
童立方 益智游戏认知书3册创意字母数字恐龙 0-3岁撕不烂早教绘本童书,https://img05.miyabaobei.com/d1/p5/2018/04/02/35/a8/35a8b779cb9aee39f862d776228bbefd537053544.jpg@base@tag=imgScale&w=447,252.00,https://www.mia.com//item-3087687.html
童立方 娃娃小精灵系列：蓝袜子小比利,https://img06.miyabaobei.com/d1/p3/item/12/1263/1263813_topic_1.jpg@base@tag=imgScale&w=447,20.00,https://www.mia.com//item-4408079.html
童立方 宝宝的第一本书：腿错了 0-3岁撕不烂早教绘本童书,https://img05.miyabaobei.com/d1/p5/2016/12/05/8e/61/8e617e01eb1d12e6dd1fc12b5be4666a330097625.jpg@base@tag=imgScale&w=447,21.00,https://www.mia.com//item-3087636.html
童立方 百年经典美绘本：巴巴国王 3-6岁儿童绘本精装童书,https://img06.miyabaobei.com/d1/p5/2016/11/06/b7/db/b7db75643c9355dddf5b9ce89e8afb9b756227978.jpg@base@tag=imgScale&w=447,21.00,https://www.mia.com//item-3087625.html
童立方 宝宝的第一本猜猜游戏书谁的眼睛系列全4册撕不烂,https://img05.miyabaobei.com/d1/p3/item/13/1308/1308967_topic_1.jpg@base@tag=imgScale&w=447,53.00,https://www.mia.com//item-3087556.html
童立方 百年经典美绘本：巴巴的朋友 3-6岁儿童绘本精装童书,https://img06.miyabaobei.com/d1/p5/2016/11/06/25/95/2595254384c0d05a721d0efbf68cbb7d746479457.jpg@base@tag=imgScale&w=447,21.00,https://www.mia.com//item-3087622.html
童立方 你和我 3-6岁儿童绘本精装童书,https://img05.miyabaobei.com/d1/p4/2016/09/07/50/8a/508a1c5521f71b81c361324b7e621bdd563338031.jpg@base@tag=imgScale&w=447,21.00,https://www.mia.com//item-3087562.html
童立方 百年经典美绘本系列：玛德琳的救命狗 3-6岁儿童绘本精装童书,https://img06.miyabaobei.com/d1/p5/2016/11/06/0b/7b/0b7bb5388e80cc81b25af635dedfb797689144717.jpg@base@tag=imgScale&w=447,21.00,https://www.mia.com//item-3087612.html
童立方 奇奇怪怪的蛋 3-6岁儿童绘本精装童书,https://img05.miyabaobei.com/d1/p3/item/12/1282/1282984_topic_1.jpg@base@tag=imgScale&w=447,22.00,https://www.mia.com//item-3087551.html
童立方 可爱的鼠小弟(2册)0-3岁撕不烂早教儿童绘本童书,https://img06.miyabaobei.com/d1/p4/2016/10/12/ec/13/ec13861491b5f85a000e9b3a82adc26e413613562.jpg@base@tag=imgScale&w=447,35.00,https://www.mia.com//item-3087570.html
童立方 百年经典美绘本：巴巴和孩子们 3-6岁儿童绘本精装童书,https://img05.miyabaobei.com/d1/p5/2016/11/06/c5/6f/c56f933c426f29d276e68b7f4af88c63752545872.jpg@base@tag=imgScale&w=447,21.00,https://www.mia.com//item-3087624.html
童立方 百年经典美绘本系列：问问熊先生 3-6岁儿童绘本精装童书,https://img06.miyabaobei.com/d1/p4/2016/11/07/0b/a5/0ba56b7d977d7d735b6fc3714aa59034010458988.jpg@base@tag=imgScale&w=447,20.00,https://www.mia.com//item-3087619.html
童立方 肯·布朗品质培养绘本：逃家小兔 3-6岁儿童绘本精装书籍童书故事书,https://img05.miyabaobei.com/d1/p5/2016/12/10/3f/52/3f52553515ae308bdc1bffdec98881dc558037926.jpg@base@tag=imgScale&w=447,24.00,https://www.mia.com//item-3087658.html
童立方 诺亚方舟 凯迪克银奖 3-6岁儿童绘本精装童书,https://img06.miyabaobei.com/d1/p4/2016/09/08/ca/3a/ca3aef679cf78243873d99f4d0a7b21f119197615.jpg@base@tag=imgScale&w=447,25.00,https://www.mia.com//item-3087563.html
童立方 小狗恩佐系列：在雨中奔跑 3-6岁儿童绘本精装童书,https://img05.miyabaobei.com/d1/p4/2016/12/10/99/d5/99d5c7feaee7183a068fa479cd26df80650085229.jpg@base@tag=imgScale&w=447,22.00,https://www.mia.com//item-3087668.html
童立方 百年经典美绘本系列：安格斯和鸭子 3-6岁儿童绘本精装童书,https://img06.miyabaobei.com/d1/p5/2016/11/06/f3/03/f303bdbc6488e7891f4008005db3e37d724018874.jpg@base@tag=imgScale&w=447,20.00,https://www.mia.com//item-3087618.html
童立方 我可以做得更好共8册 3-6岁儿童绘本平装童书,https://img05.miyabaobei.com/d1/p5/2018/01/29/aa/25/aa253dd7feff428aeebae5216100473c097338794.jpg@base@tag=imgScale&w=447,79.00,https://www.mia.com//item-3087684.html
文轩 0-3岁宝宝的十大经典童话10册 拔萝卜丑小鸭龟兔赛跑切圆角不伤手 幼儿睡前故事绘本 系列1,https://img06.miyabaobei.com/d1/p6/2019/05/13/9b/64/9b6438c310e83962dcf6227efd0e1e45130699575.jpg@base@tag=imgScale&w=447,12.80,https://www.mia.com//item-4469062.html
文轩 恐龙百科全书大探索全套6册注音版 3-6岁小学生恐龙王国动物世界少儿科普故事书 系列1 简装版,https://img05.miyabaobei.com/d1/p6/2019/05/14/57/7e/577eb0f4cf9b5b00d07f6ca1b9949ca8021039764.jpg@base@tag=imgScale&w=447,14.80,https://www.mia.com//item-4469111.html
文轩 小脚鸭培养好性格绘本全套10册 0-3岁宝宝睡前故事绘本 培养宝宝好性格 系列1 简装版,https://img06.miyabaobei.com/d1/p6/2019/05/14/94/cc/94cc8a723114b493173e232e8aaf588a020529166.jpg@base@tag=imgScale&w=447,18.80,https://www.mia.com//item-4469076.html
文轩 小脚鸭情商管理小绘本全套10册 0-3岁幼儿睡前故事绘本 亲子共读早教启蒙认知 系列1 简装版,https://img05.miyabaobei.com/d1/p6/2019/05/14/1e/5b/1e5be1ff85f5f609de96e2d33ed240e8158459847.jpg@base@tag=imgScale&w=447,18.80,https://www.mia.com//item-4469077.html
文轩 彼得兔和他的朋友们注音版全套8册 3-6岁幼儿童睡前故事亲子绘本 小学生课外阅读书籍 系列1,https://img06.miyabaobei.com/d1/p6/2019/05/16/09/8c/098ccf670ece574b55491ac6aca07cf6919683169.jpg@base@tag=imgScale&w=447,45.00,https://www.mia.com//item-4469135.html
文轩 幼儿启蒙英语教材全套6册 3-6岁幼儿宝宝英语入门启蒙绘本场景对话英文儿歌有声读物 系列1 简装版,https://img05.miyabaobei.com/d1/p6/2019/05/14/7d/5d/7d5d8a0aa9a3e44c5983bb19ec83a40a020958212.jpg@base@tag=imgScale&w=447,49.80,https://www.mia.com//item-4469375.html
童立方 便便恐龙之魔法秋千3-6岁儿童绘本平装童书,https://img06.miyabaobei.com/d1/p5/2016/11/04/f1/29/f12973e9568fcbdc3d865b6e560cae6b469131739.jpg@base@tag=imgScale&w=447,15.00,https://www.mia.com//item-3087601.html
童立方 智慧小瓢虫系列：爱作诗的兔子3-6岁儿童绘本书籍童书故事书,https://img05.miyabaobei.com/d1/p4/2016/10/13/e7/2f/e72feac0cd8094e784b0203f7b3ea08c383689841.jpg@base@tag=imgScale&w=447,15.00,https://www.mia.com//item-3087586.html
童立方 谁偷了老虎的斑纹 3-6岁儿童绘本精装童书,https://img06.miyabaobei.com/d1/p3/item/12/1253/1253861_topic_1.jpg@base@tag=imgScale&w=447,25.00,https://www.mia.com//item-3087533.html
童立方 凯迪克奖得主：你千万别上当啊 3-6岁儿童绘本精装童书,https://img05.miyabaobei.com/d1/p3/item/12/1253/1253870_topic_1.jpg@base@tag=imgScale&w=447,27.00,https://www.mia.com//item-3087536.html
童立方 智慧小瓢虫系列绘本：小公主和坏巫师儿童绘本书籍童书故事书,https://img06.miyabaobei.com/d1/p4/2016/10/13/26/76/2676532486bf987a2f4bdc5a35ea01b2397075533.jpg@base@tag=imgScale&w=447,15.00,https://www.mia.com//item-3087587.html
童立方 娃娃小精灵系列：狮子王3-6岁儿童绘本精装书籍童书故事书,https://img05.miyabaobei.com/d1/p3/item/12/1263/1263842_topic_1.jpg@base@tag=imgScale&w=447,20.00,https://www.mia.com//item-3087545.html
童立方 智慧小瓢虫系列绘本：小木马的愿望儿童绘本书籍童书故事书,https://img06.miyabaobei.com/d1/p4/2016/10/13/d7/3e/d73ec6b0cd61e98e766bcf6c279f77ef420599809.jpg@base@tag=imgScale&w=447,15.00,https://www.mia.com//item-3087589.html
童立方 智慧小瓢虫系列绘本：小瓢虫又听见了什么3-6岁儿童绘本书籍童书故事书,https://img05.miyabaobei.com/d1/p5/2016/10/13/36/5e/365e72d41d470f974f9220f742082af1442174277.jpg@base@tag=imgScale&w=447,15.00,https://www.mia.com//item-3087590.html
童立方 便便恐龙之打扫房间 3-6岁儿童绘本平装童书,https://img06.miyabaobei.com/d1/p5/2017/12/26/10/2c/102c00c541ebd201e9266b86e42f1f79813647053.jpg@base@tag=imgScale&w=447,16.00,https://www.mia.com//item-3087683.html
童立方 我会上厕所：男孩版3-6岁儿童绘本精装童书,https://img05.miyabaobei.com/d1/p6/2019/01/18/c6/5b/c65bb2234cab3d9c29cfe61a540260d8034389120.jpg@base@tag=imgScale&w=447,17.00,https://www.mia.com//item-3087648.html
童立方 100万只猫系列：100万只猫 3-6岁儿童绘本精装童书,https://img06.miyabaobei.com/d1/p5/2016/11/07/94/52/9452172d5c4f29eef1642ae5e96090e3818587353.jpg@base@tag=imgScale&w=447,19.00,https://www.mia.com//item-3087626.html
童立方 小魔法大花园系列：罗莎琳德和小鹿3-6岁儿童绘本精装书籍童书故事书,https://img05.miyabaobei.com/d1/p5/2016/10/13/0c/c7/0cc7f086c820edcfafca6876385d6abe353984196.jpg@base@tag=imgScale&w=447,20.00,https://www.mia.com//item-3087582.html
童立方 绿姨妈、棕姨妈和紫姨妈3-6岁儿童绘本精装书籍童书故事书,https://img06.miyabaobei.com/d1/p4/2016/10/13/19/11/1911bafb80dd7f9462837905c80d0f60291422164.jpg@base@tag=imgScale&w=447,20.00,https://www.mia.com//item-3087574.html
童立方 我会上厕所：女孩版3-6岁儿童绘本精装童书,https://img05.miyabaobei.com/d1/p6/2019/01/18/d7/94/d794aae594e21a791ff49e61d927b445032292524.jpg@base@tag=imgScale&w=447,17.00,https://www.mia.com//item-3087647.html
童立方 Fly Guy苍蝇小子系列（全15册）童书 3-6岁 儿童绘本,https://img06.miyabaobei.com/d1/p5/2018/11/29/a3/99/a39992b804cfaf8c1f659e4ef587513b735405030.jpg@base@tag=imgScale&w=447,89.00,https://www.mia.com//item-3087688.html
童立方 小房子大家庭系列：彼得和洛塔去探险 3-6岁儿童绘本精装书籍童书故事书,https://img05.miyabaobei.com/d1/p5/2016/10/13/cf/09/cf0968b39513b19e6ffe99d2502e92cf281127841.jpg@base@tag=imgScale&w=447,20.00,https://www.mia.com//item-3087572.html
童立方 小魔法大花园系列：佩尔的新衣 3-6岁儿童绘本精装书籍童书故事书,https://img06.miyabaobei.com/d1/p4/2016/10/13/5a/51/5a51cfe695834dbbf2b2e5c5249d8d7b360313087.jpg@base@tag=imgScale&w=447,20.00,https://www.mia.com//item-3087584.html
文轩 幼儿左右脑潜能开发游戏(10册) 幼儿图书 早教书 智力开发 儿童书籍,https://img05.miyabaobei.com/d1/p5/2018/11/30/46/69/4669777592df24a3cb85e2af21e15645626439053.jpg@base@tag=imgScale&w=447,50.00,https://www.mia.com//item-3088270.html
童立方 启迪孩子智慧的60个经典伊索寓言3-6岁儿童绘本精装童书,https://img06.miyabaobei.com/d1/p3/item/12/1263/1263800_topic_1.jpg@base@tag=imgScale&w=447,29.00,https://www.mia.com//item-3087544.html
童立方 一起躲猫猫宝贝 0-3岁撕不烂启蒙益智早教书,https://img05.miyabaobei.com/d1/p5/2016/10/13/29/fd/29fd8c2c91e0d24f674d562233a7349c410812029.jpg@base@tag=imgScale&w=447,18.00,https://www.mia.com//item-3087588.html
童立方 讲不完的故事（全32册）：成长故事/睡前故事/经典故事/动物故事,https://img06.miyabaobei.com/d1/p5/2018/11/29/37/6d/376d1e8639ee0329bd2992f4ff1c9b7d776136842.jpg@base@tag=imgScale&w=447,59.00,https://www.mia.com//item-3087689.html
童立方 小孩子大自然系列：一年的光阴3-6岁儿童绘本精装童书,https://img05.miyabaobei.com/d1/p5/2018/12/08/d4/8a/d48abdf3a5b36b7274dc042352d8b582606756114.jpg@base@tag=imgScale&w=447,16.00,https://www.mia.com//item-3087697.html
童立方 小红帽 经典格林童话3-6岁儿童绘本精装童书,https://img06.miyabaobei.com/d1/p3/item/13/1308/1308910_topic_1.jpg@base@tag=imgScale&w=447,22.00,https://www.mia.com//item-3087555.html
童立方 还能挤下一个人 3-6岁儿童绘本精装童书,https://img05.miyabaobei.com/d1/p5/2016/11/10/3b/05/3b056328829151b7e643bb402ab9e366608901588.jpg@base@tag=imgScale&w=447,19.00,https://www.mia.com//item-3087630.html
童立方 大拇指，真好吃！3-6岁儿童绘本精装童书,https://img06.miyabaobei.com/d1/p5/2017/04/20/85/c1/85c10b43a36d1a27ac0bcef7ae023a10523883177.jpg@base@tag=imgScale&w=447,25.00,https://www.mia.com//item-3087676.html
童立方 下雪天 3-6岁儿童绘本精装童书,https://img05.miyabaobei.com/d1/p5/2016/10/14/14/4e/144e76ef427b87dc4fe96e45118b3c2f136949676.jpg@base@tag=imgScale&w=447,25.00,https://www.mia.com//item-3087593.html
童立方 小乔治大冒险系列全4册 3-6岁儿童绘本精装童书,https://img06.miyabaobei.com/d1/p5/item/13/1378/1378866_topic_1.jpg@base@tag=imgScale&w=447,56.00,https://www.mia.com//item-3087557.html
童立方 小孩子大自然系列：好奇的小鱼3-6岁精装儿童绘本故事书,https://img05.miyabaobei.com/d1/p5/2018/12/08/1f/3f/1f3fa0d88c3e4add9272d27e689a8f19517165179.jpg@base@tag=imgScale&w=447,16.00,https://www.mia.com//item-3087691.html
童立方 小精灵大森林系列：帽子小屋里的孩子们3-6岁儿童绘本精装童书,https://img06.miyabaobei.com/d1/p5/2018/12/08/a2/c3/a2c30af8834c670bbe087b24b4546db7532754944.jpg@base@tag=imgScale&w=447,16.00,https://www.mia.com//item-3087692.html
童立方 小孩子大自然系列：三个坚果小朋友3-6岁儿童绘本精装童书,https://img05.miyabaobei.com/d1/p5/2018/12/08/5d/19/5d1933351d5c28e8b23784d6faa22ad4549057512.jpg@base@tag=imgScale&w=447,16.00,https://www.mia.com//item-3087693.html
童立方 100万只猫系列：搞笑的凡尼 3-6岁儿童绘本精装书籍童书故事书,https://img06.miyabaobei.com/d1/p5/2016/11/05/f9/d0/f9d0a525657679b6fd6e666adf4ade5f296582332.jpg@base@tag=imgScale&w=447,19.00,https://www.mia.com//item-3087608.html
童立方 小魔法大花园系列：过去岛 3-6岁儿童绘本精装书籍童书故事书,https://img05.miyabaobei.com/d1/p5/2016/10/19/55/16/55168d6f7ce2337de901cdcc79a6eaec719446367.jpg@base@tag=imgScale&w=447,20.00,https://www.mia.com//item-3087579.html
童立方 小猪小象（精装）绘本套装（全3册）：跟大伙儿说谢谢/我要打个盹儿/我就喜欢泔水,https://img06.miyabaobei.com/d1/p5/2017/10/27/c7/49/c749c863307f48b728d0a64a63b05a95841453424.jpg@base@tag=imgScale&w=447,52.00,https://www.mia.com//item-3087678.html
童立方 小狗恩佐系列：好可怕的万圣节3-6岁儿童绘本精装书籍童书故事书,https://img05.miyabaobei.com/d1/p4/2016/12/10/b1/94/b194cc8ec9e2fd9cae58cffdcb3fa4cb616213145.jpg@base@tag=imgScale&w=447,22.00,https://www.mia.com//item-3087666.html
童立方 小报童 3-6岁儿童绘本精装童书,https://img06.miyabaobei.com/d1/p5/2016/11/19/37/85/3785de50de3bb31e6e43c8891d0101d4327222110.jpg@base@tag=imgScale&w=447,27.00,https://www.mia.com//item-3087634.html
童立方 小精灵大森林系列：太阳蛋3-6岁儿童绘本精装童书,https://img05.miyabaobei.com/d1/p5/2018/12/08/13/37/13376974707d987f25861af7c5359aff575993367.jpg@base@tag=imgScale&w=447,16.00,https://www.mia.com//item-3087695.html
童立方 小孩子大自然系列：奥利去滑雪3-6岁精装儿童绘本故事书,https://img06.miyabaobei.com/d1/p5/2018/12/08/87/8e/878e2eff591b727f8a51bdcc14a96a5f512784992.jpg@base@tag=imgScale&w=447,16.00,https://www.mia.com//item-3087690.html
童立方 陶工戴夫 凯迪克银奖作品 3-6岁儿童绘本精装童书,https://img05.miyabaobei.com/d1/p5/2016/11/10/e2/84/e284113a9a0f187a48d48fdb59d97074589286800.jpg@base@tag=imgScale&w=447,25.00,https://www.mia.com//item-3087628.html
童立方 梦幻月圆夜 3-6岁儿童绘本精装童书,https://img06.miyabaobei.com/d1/p3/item/13/1308/1308887_topic_1.jpg@base@tag=imgScale&w=447,25.00,https://www.mia.com//item-3087553.html
童立方 小猪小象系列：我就喜欢泔水！/小猪害我打喷嚏,https://img05.miyabaobei.com/d1/p5/2017/11/11/60/52/6052914ea96b00d9431d7dbf617ce960912996140.jpg@base@tag=imgScale&w=447,30.00,https://www.mia.com//item-3087681.html
童立方 米菲做客3-6岁儿童绘本精装书籍童书故事书,https://img06.miyabaobei.com/d1/p6/2018/12/21/bf/4f/bf4f452eb1658b47d7b068b7464f1129750536706.jpg@base@tag=imgScale&w=447,11.00,https://www.mia.com//item-3087709.html
童立方 仲夏节花会3-4-5-6周岁硬皮精装儿童单绘本,https://img05.miyabaobei.com/d1/p5/2018/12/11/49/59/4959096473bf6b7a3ccd1c3b80e60b42211188899.jpg@base@tag=imgScale&w=447,16.00,https://www.mia.com//item-3087698.html
童立方 小魔法大花园系列：小彼得在蓝莓地 3-4-5-6岁硬壳精装儿童绘本,https://img06.miyabaobei.com/d1/p5/2018/12/08/fe/6b/fe6b7cf3b16bb24271cc5629aedefeee603771958.jpg@base@tag=imgScale&w=447,16.00,https://www.mia.com//item-3087696.html
童立方 小精灵大森林系列：森林里的小宝贝3-6岁儿童绘本精装童书,https://img05.miyabaobei.com/d1/p5/2018/12/08/7b/00/7b00c2579a55c3783088d7bb8c59a4d5564472233.jpg@base@tag=imgScale&w=447,16.00,https://www.mia.com//item-3087694.html
童立方 电话里的童话（全8册）3-6岁儿童注音绘本平装童书,https://img06.miyabaobei.com/d1/p3/item/12/1253/1253857_topic_1.jpg@base@tag=imgScale&w=447,48.00,https://www.mia.com//item-3087532.html
童立方 两个小红凯迪克奖 3-6岁儿童绘本精装书籍童书故事书,https://img05.miyabaobei.com/d1/p5/2017/11/03/f3/31/f331bfb61590afa3ead6ff23533e38c8805329658.jpg@base@tag=imgScale&w=447,34.00,https://www.mia.com//item-3087679.html
童立方 简·布雷特国际绘本大师经典系列绘本 手套  0-6岁儿童绘本,https://img06.miyabaobei.com/d1/p5/2018/02/06/eb/14/eb1474cd5b79e2ac79923e326805e4a5818976859.jpg@base@tag=imgScale&w=447,36.00,https://www.mia.com//item-3087686.html
童立方 简·布雷特国际绘本大师经典绘本：城里老鼠和乡下老鼠儿童绘本,https://img05.miyabaobei.com/d1/p5/2018/01/29/d1/7e/d17e8e4b372d69be4523bd9cf6b4665b170104236.jpg@base@tag=imgScale&w=447,37.00,https://www.mia.com//item-3087685.html
童立方 米菲去上学3-6岁儿童绘本精装书籍童书故事书,https://img06.miyabaobei.com/d1/p6/2018/12/21/79/d5/79d59ac7234413d43c9845a18b9ef039769419201.jpg@base@tag=imgScale&w=447,11.00,https://www.mia.com//item-3087715.html
童立方 米菲哭了3-6岁儿童绘本精装书籍童书故事书,https://img05.miyabaobei.com/d1/p6/2018/12/21/0f/fe/0ffe515ec8e6c6f13edc424c2f9f5695748315808.jpg@base@tag=imgScale&w=447,11.00,https://www.mia.com//item-3087708.html
童立方 彩蛋树 3-6岁儿童绘本精装童书,https://img06.miyabaobei.com/d1/p5/2017/02/14/9d/30/9d30b120250b9c028c33941b6b182e2f603818424.jpg@base@tag=imgScale&w=447,25.00,https://www.mia.com//item-3087672.html
童立方 我有一个梦想 凯迪克银奖 3-6岁儿童绘本精装童书,https://img05.miyabaobei.com/d1/p3/item/12/1282/1282988_topic_1.jpg@base@tag=imgScale&w=447,25.00,https://www.mia.com//item-3087552.html
童立方 米菲精装绘本4册米菲过生日+米菲在动物园+米菲在糖果乐园+米菲在游乐场,https://img06.miyabaobei.com/d1/p6/2019/01/15/f2/30/f23057453cb0f7fc7e9dafa60d1752e3294024483.jpg@base@tag=imgScale&w=447,30.00,https://www.mia.com//item-3087727.html
童立方 米菲精装绘本4册3-6岁儿童绘本精装童书米菲不乖+米菲的信+米菲和梅儿+米菲在美术馆,https://img05.miyabaobei.com/d1/p6/2019/01/14/d6/da/d6da1887525af625604c9412ccd0d679531274757.jpg@base@tag=imgScale&w=447,30.00,https://www.mia.com//item-3087726.html
童立方 米菲精装绘本4册3-6岁儿童绘本精装童书米菲的菜园+米菲的木笛+米菲的帐篷+米菲去上学,https://img06.miyabaobei.com/d1/p6/2019/01/15/f0/b0/f0b0c19d1c4e974a7e5fb34b85feae2f304518122.jpg@base@tag=imgScale&w=447,30.00,https://www.mia.com//item-3087728.html
童立方 小猪小象系列：小猪节快乐/跟大伙儿说谢谢！,https://img05.miyabaobei.com/d1/p5/2017/11/11/66/82/6682fc962e3ce0cafd610200b053ac9b897607589.jpg@base@tag=imgScale&w=447,30.00,https://www.mia.com//item-3087680.html
童立方 米菲和梅儿3-6岁儿童绘本精装书籍童书故事书,https://img06.miyabaobei.com/d1/p6/2018/12/21/9b/ec/9bec60f4dc0e12c7091efe228c1d9b91771381969.jpg@base@tag=imgScale&w=447,11.00,https://www.mia.com//item-3087716.html
童立方 米菲坐飞机3-6岁儿童绘本精装书籍童书故事书,https://img05.miyabaobei.com/d1/p6/2018/12/21/84/7f/847f6f81f20c4bc6ddf50d10cdfdd5b1760958693.jpg@base@tag=imgScale&w=447,11.00,https://www.mia.com//item-3087713.html
童立方 米菲过生日3-6岁儿童绘本精装书籍童书故事书,https://img06.miyabaobei.com/d1/p6/2018/12/21/08/80/08809b7f9ef3104591b9aba264cb1d8b746443945.jpg@base@tag=imgScale&w=447,11.00,https://www.mia.com//item-3087707.html
童立方 讲不完的故事成长故事全8册3-6岁平装亲子阅读,https://img05.miyabaobei.com/d1/p6/2018/12/13/b0/5f/b05f696c4f3ebb8a8f801713e159acd6881387129.jpg@base@tag=imgScale&w=447,38.00,https://www.mia.com//item-3087699.html
童立方 讲不完的故事动物故事全8册3-6岁平装亲子阅读,https://img06.miyabaobei.com/d1/p6/2018/12/13/4f/72/4f72272a2da5dc425c7dbeabbd7ae756883736393.jpg@base@tag=imgScale&w=447,38.00,https://www.mia.com//item-3087700.html
童立方 讲不完的故事经典故事全8册3-6岁平装亲子阅读,https://img05.miyabaobei.com/d1/p6/2018/12/13/a2/26/a22637a28a0dc1af7c51f6a6d9c47a29886273288.jpg@base@tag=imgScale&w=447,38.00,https://www.mia.com//item-3087701.html
童立方 讲不完的故事睡前故事全8册3-6岁平装亲子阅读,https://img06.miyabaobei.com/d1/p6/2018/12/13/e2/6e/e26ecd88d0e3d3ad1fe80249bd53a33a888801245.jpg@base@tag=imgScale&w=447,38.00,https://www.mia.com//item-3087702.html
童立方 小仙女米菲3-6岁儿童绘本精装书籍童书故事书,https://img05.miyabaobei.com/d1/p6/2018/12/21/65/f9/65f914c1332d6ba81ed7c6d5391ce4ae792974698.jpg@base@tag=imgScale&w=447,11.00,https://www.mia.com//item-3087724.html
童立方 米菲在游乐场3-6岁儿童绘本精装书籍童书故事书,https://img06.miyabaobei.com/d1/p6/2018/12/21/26/f1/26f1012723e40b5da898df1c8233cf15763478518.jpg@base@tag=imgScale&w=447,11.00,https://www.mia.com//item-3087714.html
童立方 米菲的木笛3-6岁儿童绘本精装书籍童书故事书,https://img05.miyabaobei.com/d1/p6/2018/12/21/74/f2/74f252d1318597197a28a9cba49e82ca775763619.jpg@base@tag=imgScale&w=447,11.00,https://www.mia.com//item-3087718.html
童立方 米菲不乖3-6岁儿童绘本精装书籍童书故事书,https://img06.miyabaobei.com/d1/p6/2018/12/21/d9/5b/d95be54c98110f50b864c5ef23986ada785688461.jpg@base@tag=imgScale&w=447,11.00,https://www.mia.com//item-3087721.html
童立方 米菲的菜园3-6岁儿童绘本精装书籍童书故事书,https://img05.miyabaobei.com/d1/p6/2018/12/21/df/6b/df6b0afe6f42fa3a818eb29cd7fae1a3787842534.jpg@base@tag=imgScale&w=447,11.00,https://www.mia.com//item-3087722.html
童立方 米菲装鬼3-6岁儿童绘本精装书籍童书故事书,https://img06.miyabaobei.com/d1/p6/2018/12/21/2e/79/2e79c9508926ba5689d0e7ce240eae01773616807.jpg@base@tag=imgScale&w=447,11.00,https://www.mia.com//item-3087717.html
童立方 米菲的帐篷3-6岁儿童绘本精装书籍童书故事书,https://img05.miyabaobei.com/d1/p6/2018/12/21/38/ca/38ca8be72981e99893beb6f2f41cb30c778753107.jpg@base@tag=imgScale&w=447,11.00,https://www.mia.com//item-3087719.html
童立方 米菲的信3-6岁儿童绘本精装书籍童书故事书,https://img06.miyabaobei.com/d1/p6/2018/12/21/96/f5/96f5467a5eb5ca51b14f489c877504e4780689025.jpg@base@tag=imgScale&w=447,11.00,https://www.mia.com//item-3087720.html
童立方 米菲在糖果乐园3-6岁儿童绘本精装书籍童书故事书,https://img05.miyabaobei.com/d1/p6/2018/12/21/e3/9f/e39ff20d11f87278243ff1453df5d4d3791003171.jpg@base@tag=imgScale&w=447,11.00,https://www.mia.com//item-3087723.html
童立方 米菲在美术馆3-6岁儿童绘本精装书籍童书故事书,https://img06.miyabaobei.com/d1/p6/2018/12/21/6a/99/6a994b48a932b4887322a3327c786a1b738456062.jpg@base@tag=imgScale&w=447,11.00,https://www.mia.com//item-3087704.html
童立方 米菲在动物园3-6岁儿童绘本精装书籍童书故事书,https://img05.miyabaobei.com/d1/p6/2018/12/21/88/b8/88b8c04d4e8f15810f55a6c5ce01ee99742946893.jpg@base@tag=imgScale&w=447,11.00,https://www.mia.com//item-3087706.html
童立方 米菲的梦3-6岁儿童绘本精装书籍童书故事书,https://img06.miyabaobei.com/d1/p6/2018/12/21/d2/8b/d28b18b5a4ad65fe7a08c44c1533dded752682631.jpg@base@tag=imgScale&w=447,11.00,https://www.mia.com//item-3087710.html
童立方 米菲住院3-6岁儿童绘本精装书籍童书故事书,https://img05.miyabaobei.com/d1/p6/2018/12/21/cd/86/cd865d8f40a223c45d2d418e857798be754928518.jpg@base@tag=imgScale&w=447,11.00,https://www.mia.com//item-3087711.html
童立方 米菲骑自行车3-6岁儿童绘本精装书籍童书故事书,https://img06.miyabaobei.com/d1/p6/2018/12/21/f9/cb/f9cb629994ac2b46ea9673c754912e08757238053.jpg@base@tag=imgScale&w=447,11.00,https://www.mia.com//item-3087712.html
童立方 米菲在海边3-6岁儿童绘本精装书籍童书故事书,https://img05.miyabaobei.com/d1/p6/2018/12/21/cb/a4/cba423f351bd30d3d614f319df22a304723087313.jpg@base@tag=imgScale&w=447,11.00,https://www.mia.com//item-3087703.html
童立方 米菲在雪中3-6岁儿童绘本精装书籍童书故事书,https://img06.miyabaobei.com/d1/p6/2018/12/21/29/02/2902cc0e96f0547a89c0d84c7d0b84a8740857287.jpg@base@tag=imgScale&w=447,11.00,https://www.mia.com//item-3087705.html
童立方 小孩子大自然系列：彼得的老房子3-6岁儿童双语绘本精装童书,https://img05.miyabaobei.com/d1/p6/2019/01/10/78/9e/789eaf84912d5ba7ff57d53ce4c01153920875490.jpg@base@tag=imgScale&w=447,16.00,https://www.mia.com//item-3087725.html
