EARTH’S BEST 有机高铁纯米粉 4M+ 227g,https://img05.miyabaobei.com/d1/p5/item/10/1001/1001105_topic_1.jpg@base@tag=imgScale&w=447,39.00,https://www.mia.com//item-1001105.html
嘉宝 Gerber DHA+ 益生菌大米米粉 4M+ 227g,https://img06.miyabaobei.com/d1/p5/item/10/1000/1000970_topic_1_4f9764d8.jpg@base@tag=imgScale&w=447,47.00,https://www.mia.com//item-1000970.html
EARTH’S BEST 有机混合谷物米粉 8M+ 227g,https://img05.miyabaobei.com/d1/p5/item/10/1001/1001107_topic_1.jpg@base@tag=imgScale&w=447,39.00,https://www.mia.com//item-1001107.html
嘉宝 Gerber 新包装营养米粉宝宝辅食套装 1段组合装(原味+胡萝卜+钙铁锌) 6M+ 225g*3罐 组合装,https://img06.miyabaobei.com/d1/p6/2019/05/09/8c/d6/8cd67816745033a37ed7727d7c03d2a5849563571.jpg@base@tag=imgScale&w=447,149.00,https://www.mia.com//item-4176445.html
嘉宝 Gerber 嘉宝新包装营养米粉套装 番茄牛肉+南瓜+菠菜 225g*3罐,https://img05.miyabaobei.com/d1/p5/2018/05/10/e4/8a/e48a4e2afddf329cdd032f31e060f3ba208277731.jpg@base@tag=imgScale&w=447,163.00,https://www.mia.com//item-3130963.html
嘉宝 Gerber 全麦谷物米粉 6M+ 227g,https://img06.miyabaobei.com/d1/p5/item/10/1002/1002915_topic_1_00657ca1.jpg@base@tag=imgScale&w=447,46.00,https://www.mia.com//item-1002915.html
嘉宝 Gerber 嘉宝新包装营养米粉套装 番茄牛肉+豌豆+燕麦西梅味 225g*3罐,https://img05.miyabaobei.com/d1/p5/2018/10/23/ec/cb/eccb74b0382b4af79320a3c2e654aeff711036915.jpg@base@tag=imgScale&w=447,149.00,https://www.mia.com//item-3130930.html
嘉宝 Gerber 新包装营养米粉辅食套装 2段 菠菜+南瓜+缤纷水果 225g*3罐,https://img06.miyabaobei.com/d1/p6/2019/04/30/d6/39/d63978d25778ca0522e7f1a4cda6bc76052921491.jpg@base@tag=imgScale&w=447,152.00,https://www.mia.com//item-4375049.html
嘉宝 Gerber 嘉宝新包装营养米粉套装 原味+胡萝卜+钙铁锌 225g*3罐,https://img05.miyabaobei.com/d1/p5/2018/08/01/00/d2/00d2304baf0d6142f0ecb8e0080b78e7096403446.jpg@base@tag=imgScale&w=447,152.00,https://www.mia.com//item-3130929.html
嘉宝 Gerber 纯大米米粉 4M+ 227g,https://img06.miyabaobei.com/d1/p5/item/10/1005/1005592_topic_1_50148952.jpg@base@tag=imgScale&w=447,46.00,https://www.mia.com//item-1005592.html
亨氏 Heinz 婴儿营养米粉宝宝辅食米糊 五谷杂粮 225g 6个月以上,https://img05.miyabaobei.com/d1/p5/2017/04/12/f8/67/f8677e8fa98edd305613480f8a4de97b908295055.jpg@base@tag=imgScale&w=447,32.80,https://www.mia.com//item-3132002.html
EARTH’S BEST 有机燕麦米粉 6M+ 227g,https://img06.miyabaobei.com/d1/p5/item/10/1001/1001106_topic_1.jpg@base@tag=imgScale&w=447,39.00,https://www.mia.com//item-1001106.html
嘉宝 Gerber 谷物燕麦米粉 8M+ 227g,https://img05.miyabaobei.com/d1/p5/item/10/1005/1005586_topic_1_0ddae8c9.jpg@base@tag=imgScale&w=447,46.00,https://www.mia.com//item-1005586.html
嘉宝 Gerber 全麦营养米粉蓝莓苹果味 8M+ 227g,https://img06.miyabaobei.com/d1/p6/item/10/1090/1090088_topic_1_8d39fdfd.jpg@base@tag=imgScale&w=447,46.00,https://www.mia.com//item-1090088.html
嘉宝 Gerber 谷物混合米粉 6M+ 454g,https://img05.miyabaobei.com/d1/p5/item/10/1000/1000973_topic_1_6aef1bee.jpg@base@tag=imgScale&w=447,59.00,https://www.mia.com//item-1000973.html
嘉宝 Gerber 新包装营养米粉辅食套装 3段 番茄牛肉+混合蔬菜+混合谷物 225g*3罐,https://img06.miyabaobei.com/d1/p6/2019/04/30/6b/db/6bdbd3309831363aa06fa5c43a6ca46f006059951.jpg@base@tag=imgScale&w=447,155.00,https://www.mia.com//item-4375050.html
亨氏 Heinz 婴儿营养米粉 原味 400g 6个月以上,https://img05.miyabaobei.com/d1/p5/2017/04/13/d4/b8/d4b828a1df98b86a1141c19604b3a81a632023844.jpg@base@tag=imgScale&w=447,33.80,https://www.mia.com//item-3131996.html
EARTH’S BEST 爱思贝【德版有机高铁】地球世界德国原装进口锌钙婴幼儿宝宝辅食营养米粉米糊 玉米粉 175g*3盒,https://img06.miyabaobei.com/d1/p6/2019/04/07/51/07/51078711158880f9f7e6fb25e995b8d9191071375.jpg@base@tag=imgScale&w=447,159.00,https://www.mia.com//item-4181677.html
嘉宝 Gerber 新包装营养米粉1段宝宝辅食套装 钙铁锌味 6M+ 225g,https://img05.miyabaobei.com/d1/p6/2019/05/09/fa/18/fa18b67ab22cf64fd7b3bf073c2e4668857263244.jpg@base@tag=imgScale&w=447,52.00,https://www.mia.com//item-4151642.html
嘉宝 Gerber 燕麦米粉草莓香蕉味 8M+ 227g,https://img06.miyabaobei.com/d1/p5/item/10/1098/1098921_topic_1_99754e96.jpg@base@tag=imgScale&w=447,46.00,https://www.mia.com//item-1098921.html
嘉宝 Gerber 谷物燕麦米粉 4M+ 227g,https://img05.miyabaobei.com/d1/p5/item/10/1002/1002908_topic_1_d71dc152.jpg@base@tag=imgScale&w=447,46.00,https://www.mia.com//item-1002908.html
贝斯美 Bestme 婴幼儿有机营养米粉米糊辅食 （25g*8袋） 小米 200g,https://img06.miyabaobei.com/d1/p5/2018/05/17/2a/58/2a587a3f6cf42beea5be94e8d2db0798267625795.jpg@base@tag=imgScale&w=447,28.30,https://www.mia.com//item-3132526.html
亨氏 Heinz 营养米粉荤素米粉 原味+钙铁锌+鳕鱼+鸡肉 400g*4 6个月以上,https://img05.miyabaobei.com/d1/p5/2017/09/25/9d/5e/9d5e7d501fbd0a10dc382eb3834618d9074453987.jpg@base@tag=imgScale&w=447,159.00,https://www.mia.com//item-3132016.html
亨氏 Heinz 超金装婴儿营养米粉 超金营养米粉 225g 6个月以上,https://img06.miyabaobei.com/d1/p5/2017/04/13/78/84/78840c1cd6632cdbcfbe3a4196faa29e648758029.jpg@base@tag=imgScale&w=447,53.00,https://www.mia.com//item-3131982.html
亨氏 Heinz 婴儿超值装荤营养米粉 鱼肉+鸡肉 400g*2 6个月以上,https://img05.miyabaobei.com/d1/p5/2017/05/18/9a/ff/9affa53c27f97fa7bc4ace47db5b5813744813759.jpg@base@tag=imgScale&w=447,109.60,https://www.mia.com//item-3132022.html
米小芽 mi xiao ya 【新老包装随机发货】米小芽宝宝胚芽米270g*4盒 宝宝辅食营养粥米 适合6-36个月宝宝 6M+ 270g*4盒,https://img06.miyabaobei.com/d1/p6/2019/05/08/db/30/db30dd741464a6a4130b8411a5c1786f130083562.jpg@base@tag=imgScale&w=447,98.00,https://www.mia.com//item-3132451.html
亨氏 Heinz 婴儿营养米粉 经典原味2+钙铁锌2 400g*4 6个月以上,https://img05.miyabaobei.com/d1/p5/2017/07/07/c7/28/c728484985bd246ea230d3cd39ede71c105825545.jpg@base@tag=imgScale&w=447,136.00,https://www.mia.com//item-3132024.html
嘉宝 Gerber 新包装营养米粉2段宝宝辅食套装 清新豌豆味 6M+ 225g,https://img06.miyabaobei.com/d1/p6/2019/05/09/5c/75/5c75cd19fb2665e0aee8642e044ce37f853019924.jpg@base@tag=imgScale&w=447,55.00,https://www.mia.com//item-4151644.html
嘉宝 Gerber 有机新包装营养米粉宝宝辅食套装 1段有机原味 6M+ 225g,https://img05.miyabaobei.com/d1/p6/2019/05/09/7b/1d/7b1d3f8d11658a07fcdde1068682a17b864565557.jpg@base@tag=imgScale&w=447,78.00,https://www.mia.com//item-4151652.html
嘉宝 Gerber 新包装营养米粉3段宝宝辅食套装 番茄牛肉味 8M+ 225g,https://img06.miyabaobei.com/d1/p6/2019/05/09/72/b3/72b3ccae5453323ca686479dddc0f913860059112.jpg@base@tag=imgScale&w=447,58.00,https://www.mia.com//item-4151650.html
小皮 Little Freddie 欧洲原装进口多口味婴儿米粉宝宝营养米糊适合6-8月添加的辅食 3口味米粉 160g*3,https://img05.miyabaobei.com/d1/p6/2019/05/14/0d/15/0d15ff24cd4527f7fe8aa7e1e27e5e4c160859076.jpg@base@tag=imgScale&w=447,192.00,https://www.mia.com//item-4310968.html
英吉利 Ying Ji Li dha果蔬强化铁胡萝卜多维营养婴儿米粉 450g*2罐,https://img06.miyabaobei.com/d1/p5/2018/08/18/ce/e1/cee101d40606d536c744d220ef661f52805562179.jpg@base@tag=imgScale&w=447,105.00,https://www.mia.com//item-3131258.html
亨氏 Heinz 【加奶加钙】婴儿营养米粉 经典原味2+钙铁锌1 400g*3 6个月以上,https://img05.miyabaobei.com/d1/p5/2018/08/18/bc/64/bc640dd1d147cf129b2e49f1d5f0530c607603372.jpg@base@tag=imgScale&w=447,98.00,https://www.mia.com//item-3132023.html
谷之爱 PRO—LOVE 谷之爱婴幼儿小米米粉调糊 牛肉蔬菜 25g*9袋 6个月-36个月,https://img06.miyabaobei.com/d1/p5/2018/06/21/3c/71/3c71a01d4e26fc70147ec817bdf3241c741419723.jpg@base@tag=imgScale&w=447,48.00,https://www.mia.com//item-3132226.html
小皮 Little Freddie 原味有机钙铁锌婴儿米粉宝宝高铁营养米糊1段适合6个月刚添加辅食 大米味 160g*2,https://img05.miyabaobei.com/d1/p6/2019/05/14/1a/26/1a268c9b09da6c328eac279747137939168173807.jpg@base@tag=imgScale&w=447,127.00,https://www.mia.com//item-3941636.html
嘉宝 Gerber 混合谷物米粉香蕉苹果草莓味 12M+ 227g,https://img06.miyabaobei.com/d1/p5/item/16/1683/1683545_topic_1_6d9e7457.jpg@base@tag=imgScale&w=447,46.00,https://www.mia.com//item-1683545.html
亨氏 Heinz 营养素米粉 黑米红枣味 225g*2 6个月以上,https://img05.miyabaobei.com/d1/p5/2017/08/24/7f/0a/7f0a190429c6796d8ae3da38cca2b0d7576434741.jpg@base@tag=imgScale&w=447,65.60,https://www.mia.com//item-3132028.html
贝斯美 Bestme 台湾原装进口婴幼儿米粉米糊营养辅食 蔬果 300g,https://img06.miyabaobei.com/d1/p5/2018/04/17/24/bb/24bb5c5e44bc88fbb8e583287bcb86a2572954050.jpg@base@tag=imgScale&w=447,79.00,https://www.mia.com//item-3132524.html
嘉宝 Gerber 新包装营养米粉辅食套装 2段 缤纷水果+香蕉苹果+菠菜+南瓜 225g*4罐,https://img05.miyabaobei.com/d1/p6/2019/04/30/6e/06/6e06706596d19720c033a475c6ac1686054499795.jpg@base@tag=imgScale&w=447,199.00,https://www.mia.com//item-4375052.html
嘉宝 Gerber DHA+益生菌大米米粉4M+ 227g+谷物燕麦米粉4M+ 227g 宝宝营养辅食,https://img06.miyabaobei.com/d1/p5/item/11/1107/1107231_topic_1_78d09834.jpg@base@tag=imgScale&w=447,69.00,https://www.mia.com//item-1107231.html
EARTH’S BEST 爱思贝【德版有机高铁】地球世界德国原装进口锌钙婴幼儿宝宝辅食营养米粉米糊 燕麦粉 175g,https://img05.miyabaobei.com/d1/p6/2019/05/07/51/07/51078711158880f9f7e6fb25e995b8d9239106934.jpg@base@tag=imgScale&w=447,63.00,https://www.mia.com//item-4416713.html
伊威 Eastwes 宝宝辅食全机能肝粉105g/盒 6个月以上 3.5g*30袋,https://img06.miyabaobei.com/d1/p6/2019/04/07/b7/e9/b7e98790a998b49b1e0cf360a2367028195477604.jpg@base@tag=imgScale&w=447,79.90,https://www.mia.com//item-3131049.html
亨氏 Heinz 荤素组合米粉 鳕鱼苹果+牛肉番茄+五谷杂粮 225g*3 6个月以上,https://img05.miyabaobei.com/d1/p5/2018/08/18/46/a9/46a947a298a4d13e1c0701d640fc9b53609653590.jpg@base@tag=imgScale&w=447,86.00,https://www.mia.com//item-3132021.html
澳洲贝拉米 BELLAMY'S 香草口味有机米粉6+ *5袋装【效期与澳洲超市药房同步 】 香草 6个月以上,https://img06.miyabaobei.com/d1/p5/2018/11/10/3c/b0/3cb04f52d2b6656b7632b73c4a61407b153816183.jpg@base@tag=imgScale&w=447,179.00,https://www.mia.com//item-3133933.html
EARTH’S BEST 爱思贝【德版有机高铁】地球世界德国原装进口锌钙婴幼儿宝宝辅食营养米粉米糊 燕麦粉 175g*2盒,https://img05.miyabaobei.com/d1/p6/2019/05/07/51/07/51078711158880f9f7e6fb25e995b8d9189113637.jpg@base@tag=imgScale&w=447,105.00,https://www.mia.com//item-4407436.html
贝兜 beidou 婴儿宝宝辅食 营养宝宝米粉婴儿米粉2罐装 益生元+钙铁锌小米米粉 400g*2 六个月以上,https://img06.miyabaobei.com/d1/p5/2018/10/29/79/3b/793bb9cdcd33b4569ee62ccf7eac3ca9947182866.jpg@base@tag=imgScale&w=447,99.00,https://www.mia.com//item-3132325.html
方广 fangguang 宝宝营养米粉 五谷米粉 400g,https://img05.miyabaobei.com/d1/p5/2016/12/15/4b/44/4b44e1381f2ebd761a3eeba20577a0c4838672452.jpg@base@tag=imgScale&w=447,39.00,https://www.mia.com//item-3131380.html
澳洲贝拉米 BELLAMY'S 澳洲直邮有机米糊宝宝辅食组合 5包装 4+(*2)5+(*3)【效期与澳洲超市药房同步 】 大米和燕麦,https://img06.miyabaobei.com/d1/p6/2019/01/25/53/64/5364b8c106d4a43cde437bb4c5d8ac8c965812159.jpg@base@tag=imgScale&w=447,179.00,https://www.mia.com//item-3133931.html
澳洲贝拉米 BELLAMY'S 澳洲直邮有机米糊宝宝辅食4+ *3袋【效期与澳洲超市药房同步 】 大米 4个月以上,https://img05.miyabaobei.com/d1/p5/2018/10/04/15/1d/151d486a0ba7e4e5b1121b7586b2c4bf377475237.jpg@base@tag=imgScale&w=447,138.00,https://www.mia.com//item-3133927.html
米小芽 mi xiao ya 五谷宝宝米450g*1罐装 宝宝粥米 婴儿童辅食粥米糊儿童大米 450g*2,https://img06.miyabaobei.com/d1/p6/2018/12/15/3e/2c/3e2c47ee5d6de8f3e435d71bbfa5e44e440169270.jpg@base@tag=imgScale&w=447,49.00,https://www.mia.com//item-3132416.html
嘉宝 Gerber 新包装营养米粉辅食套装 3段 番茄牛肉+混合谷物+混合蔬菜+燕麦 225g*4罐,https://img05.miyabaobei.com/d1/p6/2019/04/30/13/a5/13a58a142160695fc5b73d32f711d4c1055077742.jpg@base@tag=imgScale&w=447,206.00,https://www.mia.com//item-4375054.html
方广 fangguang 宝宝营养米粉 纯米粉2盒+多维+五谷 400g*4盒,https://img06.miyabaobei.com/d1/p6/2019/04/03/ad/84/ad84e62d052ab122a3e9e977af2d1eae766606827.jpg@base@tag=imgScale&w=447,89.00,https://www.mia.com//item-4169835.html
贝儿 Bubs 澳洲婴幼儿有机米粉 宝宝营养辅食高铁米糊【有效期至19年8月-20年1月】 苹果燕麦味 125g*1袋 6月+ 单袋装,https://img05.miyabaobei.com/d1/p6/2019/03/20/10/63/10635201f272fef408dfa546a3594eb0773293220.jpg@base@tag=imgScale&w=447,45.00,https://www.mia.com//item-3132279.html
嘉宝 Gerber 新包装营养米粉辅食套装 1段 原味+钙铁锌+胡萝卜 225g*3罐,https://img06.miyabaobei.com/d1/p6/2019/04/30/65/85/65856cb36271bbc75fd40af697df4412969821193.jpg@base@tag=imgScale&w=447,152.00,https://www.mia.com//item-4375045.html
亨氏 Heinz 婴儿米粉电商装 婴儿米粉*2+铁锌钙*1 325g*3 6个月以上,https://img05.miyabaobei.com/d1/p5/2017/04/20/56/f2/56f2aed597d23b1c0095d497be3372dd753029830.jpg@base@tag=imgScale&w=447,96.00,https://www.mia.com//item-3132018.html
谷之爱 PRO—LOVE 谷之爱婴幼儿小米米粉冲乳 原味 486g*1听 6个月-36个月,https://img06.miyabaobei.com/d1/p5/2018/06/23/09/cb/09cb7e6340fe4247d3531e2ceb65c4f7249211773.jpg@base@tag=imgScale&w=447,158.00,https://www.mia.com//item-3132229.html
方广 fangguang 宝宝营养米粉 多维果蔬+五谷珍宝米粉 400g*2盒,https://img05.miyabaobei.com/d1/p4/2016/08/31/cc/e8/cce8d7d712f4666df67dba9ad4f54fba088905583.jpg@base@tag=imgScale&w=447,70.00,https://www.mia.com//item-3131387.html
贝斯美 Bestme 婴幼儿有机营养米粉米糊辅食 （2口味组合） 果蔬 200g*2盒,https://img06.miyabaobei.com/d1/p5/2018/06/13/36/ed/36ed010988b6f5a6086450740fa2072a813191514.jpg@base@tag=imgScale&w=447,66.00,https://www.mia.com//item-3132534.html
嘉宝 Gerber 谷物燕麦米粉4M+ 227g+纯大米米粉4M+ 227g 宝宝营养辅食,https://img05.miyabaobei.com/d1/p5/item/11/1107/1107232_topic_1_9cc7ed26.jpg@base@tag=imgScale&w=447,69.00,https://www.mia.com//item-1107232.html
方广 fangguang 高铁营养米粉180g/盒 多维果蔬 10月+ 180g 1件,https://img06.miyabaobei.com/d1/p6/2019/03/28/66/9e/669e4ab68389444ffaf0f8dd28627c61570499571.jpg@base@tag=imgScale&w=447,18.80,https://www.mia.com//item-4040521.html
澳洲贝拉米 BELLAMY'S 澳洲直邮有机米糊宝宝辅食苹果肉桂口味6+ *3袋【效期与澳洲超市药房同步 】 苹果肉桂 6个月以上,https://img05.miyabaobei.com/d1/p6/2019/01/25/86/16/86162179a376d1d03060162a0d6f36a5976647457.jpg@base@tag=imgScale&w=447,138.00,https://www.mia.com//item-3133929.html
亨氏 Heinz 荤素营养米粉3盒装 加奶加钙米粉 牛肉番茄*1+五谷杂粮*2 225g*3 6个月以上,https://img06.miyabaobei.com/d1/p5/2018/08/18/2b/5b/2b5baa8e2454cb0a3230cd487626ca5f609467836.jpg@base@tag=imgScale&w=447,82.00,https://www.mia.com//item-3132019.html
澳洲贝拉米 BELLAMY'S 香草口味有机米粉6+ *3袋装【效期与澳洲超市药房同步 】 香草 6个月以上,https://img05.miyabaobei.com/d1/p5/2018/11/10/ab/15/ab15756b9076ce5b62a6c9d76d66af19155203280.jpg@base@tag=imgScale&w=447,138.00,https://www.mia.com//item-3133932.html
谷之爱 PRO—LOVE 谷之爱婴幼儿小米米粉冲乳 DHA+ARA 25g*9袋 6个月-36个月,https://img06.miyabaobei.com/d1/p6/2019/05/05/77/a3/77a3b9136b107f26d62be493b7191f98241768420.jpg@base@tag=imgScale&w=447,58.00,https://www.mia.com//item-3132233.html
贝斯美 Bestme 婴幼儿有机营养米粉米糊辅食 （高铁+小米组合） 原味高铁+小米 200g*4盒,https://img05.miyabaobei.com/d1/p5/2018/05/29/c1/a0/c1a00ec2ccdf6a757b745046bd4d581c644634177.jpg@base@tag=imgScale&w=447,89.00,https://www.mia.com//item-3794651.html
伊威 Eastwes 宝宝辅食营养好搭档 肝粉105g+牛肉番茄线面200g,https://img06.miyabaobei.com/d1/p6/2019/04/08/3a/d0/3ad0b1749eafe3156f487b8f0b2755a0918482088.jpg@base@tag=imgScale&w=447,109.80,https://www.mia.com//item-4191632.html
英吉利 Ying Ji Li 强化铁胡萝卜多维营养米粉 225g,https://img05.miyabaobei.com/d1/p5/2018/08/18/87/7a/877a0c3592729fb617639094a98a3244814752018.jpg@base@tag=imgScale&w=447,32.90,https://www.mia.com//item-3131262.html
澳洲贝拉米 BELLAMY'S 澳洲直邮有机米糊宝宝辅食5+ *3袋【效期与澳洲超市药房同步 】 燕麦 5个月以上,https://img06.miyabaobei.com/d1/p6/2019/01/25/a8/65/a86579a31e85438fea46d793ff8d5795959928361.jpg@base@tag=imgScale&w=447,138.00,https://www.mia.com//item-3133928.html
伊威 Eastwes 宝宝辅食米粉（核桃+钙铁锌+黑米芝麻+三文鱼）4口味组合装200g/盒共800g 200g*4盒,https://img05.miyabaobei.com/d1/p6/2019/04/07/f6/f8/f6f8cc410eab571775a88d4f183f60d5208735172.jpg@base@tag=imgScale&w=447,79.90,https://www.mia.com//item-3131028.html
澳洲贝拉米 BELLAMY'S 苹果肉桂有机米粉6+ *5袋装【效期与澳洲超市药房同步 】 苹果肉桂 6个月以上,https://img06.miyabaobei.com/d1/p6/2019/05/10/46/fc/46fc99449742fb079002dbb84c4a0647545852421.jpg@base@tag=imgScale&w=447,179.00,https://www.mia.com//item-3133934.html
亨氏 Heinz 儿童原味营养米粉宝宝辅食米糊 250g 6个月以上,https://img05.miyabaobei.com/d1/p5/2017/04/12/14/44/14441acc5ae75865116749da597c347e954603815.jpg@base@tag=imgScale&w=447,23.80,https://www.mia.com//item-3131999.html
谷之爱 PRO—LOVE 谷之爱婴幼儿小米米粉冲乳 钙铁锌 330g*1听 6个月-36个月,https://img06.miyabaobei.com/d1/p5/2018/07/13/2d/56/2d561394659ca24f351b431fe0d8fa72496732310.jpg@base@tag=imgScale&w=447,80.00,https://www.mia.com//item-3132239.html
亨氏 Heinz 米粉 铁锌钙营养奶米粉电商装 加钙加奶 婴儿米粉 325g 6个月以上,https://img05.miyabaobei.com/d1/p5/2017/04/14/4b/b8/4bb8c3f157d4d0717a065b5dc586bc5e662596512.jpg@base@tag=imgScale&w=447,45.80,https://www.mia.com//item-3131998.html
小皮 Little Freddie 欧洲原装进口蓝莓藜麦米粉 婴儿营养米粉米糊钙铁锌6月+ 藜麦蓝莓谷物粉 160g*2,https://img06.miyabaobei.com/d1/p6/2019/05/14/84/01/840174f7803f04d7799530e315e3e579169268722.jpg@base@tag=imgScale&w=447,128.00,https://www.mia.com//item-4469406.html
谷之爱 PRO—LOVE 谷之爱婴幼儿小米米粉调糊 DHA+ARA 428g*1听 6个月-36个月,https://img05.miyabaobei.com/d1/p5/2018/06/25/e9/ec/e9ec1def50282c45ea4f49c68e65e9a3930581190.jpg@base@tag=imgScale&w=447,128.00,https://www.mia.com//item-3132236.html
英吉利 Ying Ji Li 钙铁锌多维奶米糊 225g,https://img06.miyabaobei.com/d1/p5/2018/08/14/b3/c7/b3c7220a9de0e1de55415834df0627d9208788806.jpg@base@tag=imgScale&w=447,39.90,https://www.mia.com//item-3131254.html
英吉利 Ying Ji Li 维肠乐-ad钙淮山亲护营养婴儿米粉 450g,https://img05.miyabaobei.com/d1/p5/2018/08/18/62/8a/628a5cffc2ccdac9acfb4002c1dd4836798661937.jpg@base@tag=imgScale&w=447,73.00,https://www.mia.com//item-3131260.html
英吉利 Ying Ji Li 强化铁胡萝卜多维营养婴儿米粉 450g,https://img06.miyabaobei.com/d1/p5/2018/08/18/04/b9/04b9a110ecbf8c43cb02ca2c1f1491a2810359373.jpg@base@tag=imgScale&w=447,59.00,https://www.mia.com//item-3131253.html
贝儿 Bubs 澳洲婴幼儿有机米粉 宝宝营养辅食高铁米糊【有效期至19年8月】 原味大米粉 4M+ 125g,https://img05.miyabaobei.com/d1/p6/2019/03/25/ac/5e/ac5e764970ea4201c26522440e2744d9937158027.jpg@base@tag=imgScale&w=447,55.00,https://www.mia.com//item-4225134.html
英吉利 Ying Ji Li 三盒装米粉婴儿辅食宝宝米粉米糊儿童辅食组合,https://img06.miyabaobei.com/d1/p6/2019/03/30/be/78/be7812ee182b7766df9c01b2009ee193081025400.jpg@base@tag=imgScale&w=447,9.90,https://www.mia.com//item-4040530.html
英吉利 Ying Ji Li 初始期亲护营养婴儿米粉 450g,https://img05.miyabaobei.com/d1/p5/2018/08/18/d7/2b/d72bf6c60b63441b917d10e3f1a27ce4801809259.jpg@base@tag=imgScale&w=447,73.00,https://www.mia.com//item-3131259.html
亨氏 Heinz 超金健儿优婴儿膳食纤维杂粮面条256g宝宝辅食 256g 6个月以上,https://img06.miyabaobei.com/d1/p5/2017/04/24/17/c1/17c12bcd17bc7db24621b30117f4b1db250111882.jpg@base@tag=imgScale&w=447,39.80,https://www.mia.com//item-3131980.html
杞里香 生态黑米 五常黑米五谷杂粮宝宝米辅食 原味 1岁+ 400g,https://img05.miyabaobei.com/d1/p6/2019/04/02/e9/42/e942910f5ba4eec9541f4d8618e63c73700998600.png@base@tag=imgScale&w=447,30.00,https://www.mia.com//item-4143808.html
贝儿 Bubs 澳洲婴幼儿有机米粉 宝宝营养辅食高铁米糊【有效期至20年3月】 香蕉大米味 4M+ 125g,https://img06.miyabaobei.com/d1/p6/2019/03/25/e0/b0/e0b0cb88e2d7b25803e1c662acf38d3d931355430.jpg@base@tag=imgScale&w=447,55.00,https://www.mia.com//item-4225142.html
贝儿 Bubs 澳洲婴幼儿有机米粉 宝宝营养辅食高铁米糊【有效期至20年1月】 原味燕麦粉 6M+ 125g 1件,https://img05.miyabaobei.com/d1/p6/2019/03/25/6b/eb/6beb0fa4691354acc5fc15c4d2d366cc865298458.jpg@base@tag=imgScale&w=447,55.00,https://www.mia.com//item-4225132.html
亨氏 Heinz 超金健儿优婴儿海鱼营养面256g宝宝辅食 256g 6个月以上,https://img06.miyabaobei.com/d1/p5/2017/04/24/7d/97/7d97c87c974c9bdea89a08aca010224d255223412.jpg@base@tag=imgScale&w=447,39.80,https://www.mia.com//item-3131979.html
英吉利 Ying Ji Li DHA果蔬营养米粉 225g/盒,https://img05.miyabaobei.com/d1/p5/2018/08/18/bb/22/bb2286ea9d83103b11d7b379321dec13812376067.jpg@base@tag=imgScale&w=447,32.90,https://www.mia.com//item-3131263.html
亨氏 Heinz 婴儿AD钙高蛋白营养米粉宝宝辅食米糊 250g 6个月以上,https://img06.miyabaobei.com/d1/p5/2017/04/19/39/d7/39d7c887d5bd2d250e6b55b53ca4dc85933201445.jpg@base@tag=imgScale&w=447,32.80,https://www.mia.com//item-3132000.html
贝儿 Bubs 澳洲婴幼儿有机米粉 宝宝营养辅食高铁米糊【有效期至19年9月】 混合谷物味 6M+ 125g,https://img05.miyabaobei.com/d1/p6/2019/03/25/a6/a0/a6a0f7ad1e36d42a095a727e8330ff64925985347.jpg@base@tag=imgScale&w=447,55.00,https://www.mia.com//item-4225133.html
亨氏 Heinz 乳清蛋白营养奶米粉 250g 6个月以上,https://img06.miyabaobei.com/d1/p5/2017/06/22/47/42/474284d30a777a836ec6185d0da4f20b211109073.jpg@base@tag=imgScale&w=447,32.80,https://www.mia.com//item-3132001.html
亨氏 Heinz 婴幼儿营养米粉电商装米糊宝宝辅食 325g 6个月以上,https://img05.miyabaobei.com/d1/p5/2017/04/14/5c/3c/5c3cb54230da4728b1a8153dd3b296c2663908335.jpg@base@tag=imgScale&w=447,33.80,https://www.mia.com//item-3131997.html
嘉宝 Gerber 混合谷物米粉 6M+ 227g,https://img06.miyabaobei.com/d1/p5/item/10/1002/1002963_topic_1_04a227f3.jpg@base@tag=imgScale&w=447,42.00,https://www.mia.com//item-1002963.html
澳洲贝拉米 BELLAMY'S 澳洲直邮有机米糊宝宝辅食4+ *5袋【效期与澳洲超市药房同步 】 大米 4个月以上,https://img05.miyabaobei.com/d1/p5/2018/10/04/48/89/4889e45c7cca41b2efb70231df9d74c7376533907.jpg@base@tag=imgScale&w=447,179.00,https://www.mia.com//item-3133930.html
小皮 Little Freddie 欧洲原装进口2口味番茄肉桂苹果果干独立包装婴儿宝宝零食 混合口味 2盒,https://img06.miyabaobei.com/d1/p6/2019/05/07/6f/4a/6f4a4da2bca91dbcec714285df66df84998612677.png@base@tag=imgScale&w=447,86.00,https://www.mia.com//item-3130649.html
英吉利 Ying Ji Li dha果蔬营养婴儿米粉 450g,https://img05.miyabaobei.com/d1/p5/2018/08/18/59/90/5990fa8f0b927c42a64c0c959821132e808194816.jpg@base@tag=imgScale&w=447,59.00,https://www.mia.com//item-3131257.html
