歌歌宝贝 婴儿短袖连体衣宝宝哈衣薄款夏季睡衣新生儿衣服纯棉夏装（两件装） LTYX20暗红+LTYX19浅灰 73cm,https://img05.miyabaobei.com/d1/p6/2019/05/07/63/9d/639da2dc7cd291fc35aa58cbc275ff92195898292.jpg@base@tag=imgScale&w=447,78.00,https://www.mia.com//item-4409787.html
歌歌宝贝 婴儿连体衣夏季薄款宝宝短袖哈衣纯棉夏装新生儿衣服（两件装） LTYX20绿+LTYX19浅灰 90cm,https://img06.miyabaobei.com/d1/p6/2019/04/18/6a/a5/6aa5ff6cb31d7e06ccef7faa315e7fbe556567565.jpg@base@tag=imgScale&w=447,78.00,https://www.mia.com//item-4407147.html
娃娃舒 0-2岁男女宝宝夏季薄款透气哈衣新生婴儿水果纱布纯棉连体衣 双层纱布透气哈衣 菠萝*开裆款(73cm),https://img05.miyabaobei.com/d1/p5/2018/04/03/96/4a/964a10e326729b9b343f4a28b7df6e63563785720.jpg@base@tag=imgScale&w=447,49.00,https://www.mia.com//item-3763261.html
依尔婴 婴儿连体睡衣服包脚秋冬季装新生儿0-3-6个满月宝宝圣诞哈衣爬服 胡子 59cm,https://img06.miyabaobei.com/d1/p6/2019/03/22/00/ea/00ea169062f5dbff399c9c366b1a8ec4162655990.jpg@base@tag=imgScale&w=447,39.90,https://www.mia.com//item-3639243.html
GOOFLORON 婴儿连体衣服春秋女宝宝棉质哈衣男新生儿睡衣夏季薄款空调服春装 小鹿绿色 73cm,https://img05.miyabaobei.com/d1/p6/2019/04/15/7c/90/7c90f2d00845690a436dcf1b3581eaad327582200.jpg@base@tag=imgScale&w=447,69.90,https://www.mia.com//item-4421546.html
歌歌宝贝 婴儿连体衣夏季薄款宝宝短袖爬服哈衣新生儿纯棉衣服春夏 LTYX19*暖黄色 100cm,https://img06.miyabaobei.com/d1/p6/2019/04/13/70/5c/705cabff9e16198ccd29c154d542c0ba465028556.jpg@base@tag=imgScale&w=447,49.00,https://www.mia.com//item-4347012.html
彩虹叮当 婴儿短袖连体衣宝宝哈衣纯棉夏季薄款0-3个月夏装新生儿衣服6爬服2019新品 小鸡款 蓝色 80CM,https://img05.miyabaobei.com/d1/p6/2019/05/05/18/cf/18cf7c0033dd13e586959bad7266f37a506155321.jpg@base@tag=imgScale&w=447,39.00,https://www.mia.com//item-4290506.html
淘婴库 婴幼儿连体衣开裆秋款春宝宝哈衣爬服外出保暖衣服 香蕉带领保暖哈衣 73码,https://img06.miyabaobei.com/d1/p5/2018/08/09/01/c0/01c0bbad5993b28c17452212bcb85e25009107377.jpg@base@tag=imgScale&w=447,59.00,https://www.mia.com//item-3325763.html
悠哈公仔 婴儿连体衣春夏装男女宝宝长袖三角爬哈衣睡衣新生儿纯棉包屁衣服 波点 66cm,https://img05.miyabaobei.com/d1/p5/2018/11/20/36/a7/36a73b2215c64386d78618256f25dace831026755.jpg@base@tag=imgScale&w=447,19.90,https://www.mia.com//item-4214535.html
wua wua 夏季初生婴儿短袖纯棉连体衣新生儿薄款哈衣爬服 229牛仔蓝 59cm,https://img06.miyabaobei.com/d1/p6/2019/03/20/bb/1a/bb1aa905415bf1293df73adbd34024c7536855791.jpg@base@tag=imgScale&w=447,49.00,https://www.mia.com//item-3996746.html
依尔婴 婴儿连体睡衣服春秋季纯棉新生儿0-3-6个月男女宝宝秋装哈衣爬服 小鸡出壳 73cm,https://img05.miyabaobei.com/d1/p5/2018/06/14/84/d1/84d120ef43eb8b8378acce5d767c574b403163743.jpg@base@tag=imgScale&w=447,39.00,https://www.mia.com//item-3527469.html
依尔婴 婴儿连体衣服女宝宝夏季装新生儿0-3-6-12个月满月纯棉哈衣爬服 相拼大象 80cm,https://img06.miyabaobei.com/d1/p5/2018/04/09/37/dc/37dcf68c4c60c3f35977d0d013857cb5552772472.jpg@base@tag=imgScale&w=447,39.00,https://www.mia.com//item-4376405.html
minizone 春秋宝宝纯棉长袖连体衣哈衣爬服打底衣睡衣 深灰色SUNSHIN 66cm,https://img05.miyabaobei.com/d1/p5/2016/11/25/b1/74/b174361a0214214b73ad2b346ef8c9b8570035215.jpg@base@tag=imgScale&w=447,45.00,https://www.mia.com//item-3229699.html
优宜亲 剪影系列短袖哈衣剪影系列短袖哈衣（中性两件装） 藏青组 70#,https://img06.miyabaobei.com/d1/p6/2019/04/09/fe/7f/fe7ff31142caf661c79a8b5254afbaef144517544.jpg@base@tag=imgScale&w=447,78.00,https://www.mia.com//item-4218530.html
贝贝怡 婴儿衣服纯棉春秋季新生儿哈衣宝宝连体衣爬爬服 淡粉 90cm,https://img05.miyabaobei.com/d1/p5/2017/08/02/3f/41/3f419d3db2c836666be3b3cb84a72dfe703635705.jpg@base@tag=imgScale&w=447,49.00,https://www.mia.com//item-3270972.html
悠哈公仔 婴儿连体衣春秋夏装女0-1岁男宝宝纯棉哈衣新生儿衣服睡衣爬服 小森林 90cm,https://img06.miyabaobei.com/d1/p5/2018/08/06/eb/23/eb2335846d584ff24534b7d146f84cd8374082198.jpg@base@tag=imgScale&w=447,23.90,https://www.mia.com//item-3518819.html
依尔婴 婴儿衣服夏季纯棉连体衣0-3-6个月宝宝夏装新生儿哈衣短袖爬服 悟 80cm,https://img05.miyabaobei.com/d1/p6/2019/04/28/5c/28/5c28c6aede26b6fa97183260878e1250202027582.jpg@base@tag=imgScale&w=447,39.00,https://www.mia.com//item-3529760.html
贝贝怡 宝宝连体衣春秋装纯棉长袖新生儿哈衣婴儿爬爬服 淡黄 80cm,https://img06.miyabaobei.com/d1/p5/2017/08/21/6a/fa/6afa9fd939da0154f28446ca3abddd45821829365.jpg@base@tag=imgScale&w=447,59.00,https://www.mia.com//item-3270543.html
舒贝怡 初生婴儿连体春秋季宝宝满月爬服0-1-2岁新生儿哈衣2019新品 对开翻领黄色 66cm,https://img05.miyabaobei.com/d1/p6/2019/02/15/1e/f0/1ef0cae83142a5c6a96fbc835e1b109f214047826.jpg@base@tag=imgScale&w=447,39.90,https://www.mia.com//item-3520979.html
贝贝怡 婴儿连体衣夏季宝宝哈衣婴儿短袖包屁衣爬爬服2件装 大红 73cm,https://img06.miyabaobei.com/item/10/1039/1039183_topic_1.jpg@base@tag=imgScale&w=447,79.00,https://www.mia.com//item-3270441.html
歌歌宝贝 婴儿连体衣春秋纯棉新生儿衣服春秋宝宝保暖内衣哈衣爬服 荧光黄 90cm,https://img05.miyabaobei.com/d1/p6/2019/01/23/75/dd/75dd61a365a620b6f4f22f4a2210cd75092562672.jpg@base@tag=imgScale&w=447,39.90,https://www.mia.com//item-3376242.html
Cipango 新款可爱宝宝连体哈衣 婴幼儿纯棉衣服 新生儿爬服 绿色小猴子 66cm,https://img06.miyabaobei.com/d1/p5/2017/08/03/ef/14/ef146c99aa1272e1c7d3327897fc5de8517807930.jpg@base@tag=imgScale&w=447,49.00,https://www.mia.com//item-3534209.html
Cipango 新款可爱宝宝纯棉长袖哈衣 婴幼儿连体衣 新生儿爬服 粉色猫咪 66cm,https://img05.miyabaobei.com/d1/p5/2017/07/28/db/86/db8628280547415efc6a4de82dffa052198959510.jpg@base@tag=imgScale&w=447,49.00,https://www.mia.com//item-3532734.html
wua wua 初生婴儿衣服夏季连体衣薄款宝宝短袖哈衣爬服新生儿全棉夏装衣服 625浅粉 80cm,https://img06.miyabaobei.com/d1/p6/2019/03/20/a8/e6/a8e634a23e3052227fb2757d7e13425d635551721.jpg@base@tag=imgScale&w=447,49.00,https://www.mia.com//item-3996524.html
贝贝怡 婴儿衣服夏季宝宝连体衣纯棉短袖哈衣2件装 浅蓝 66cm,https://img05.miyabaobei.com/d1/p5/2017/03/14/4e/4c/4e4c19923281180f492845b4971be333795022615.jpg@base@tag=imgScale&w=447,99.00,https://www.mia.com//item-3269315.html
娃娃舒 夏季宝宝纯棉纱布薄款短袖爬服0-2岁新生婴儿连体衣 双层纱布透气哈衣 柠檬*闭裆款(80cm),https://img06.miyabaobei.com/d1/p5/2018/04/03/5c/51/5c51a119c389f65942641a8b5ae2fb3c597819943.jpg@base@tag=imgScale&w=447,49.00,https://www.mia.com//item-3763306.html
歌歌宝贝 婴儿连体衣夏季薄款宝宝短袖哈衣纯棉夏装新生儿衣服 LTY16104蓝色 66cm,https://img05.miyabaobei.com/d1/p5/2018/04/19/0d/42/0d42652048d0015994edc6cd75da1966016016843.jpg@base@tag=imgScale&w=447,24.90,https://www.mia.com//item-3376167.html
优贝宜 童装薄款男女宝宝哈衣婴儿衣服短袖开档连体衣新生儿夏装 蝴蝶猫咪 59cm,https://img06.miyabaobei.com/d1/p6/2019/04/09/86/53/86532d26ca87f4afced8179b792befa3001555284.jpg@base@tag=imgScale&w=447,39.00,https://www.mia.com//item-3925121.html
wua wua 婴儿衣服0-12个月宝宝连体衣新生儿春秋纯棉哈衣爬服可爱外出服 小熊款浅粉色 80cm,https://img05.miyabaobei.com/d1/p6/2019/03/28/89/0b/890b7643c88d1a1529b7197958b463cb600434306.jpg@base@tag=imgScale&w=447,59.00,https://www.mia.com//item-3527779.html
依尔婴 婴儿衣服夏季纯棉开档连体衣薄0-3-6个月宝宝夏装新生儿哈衣爬服 推土机 110cm,https://img06.miyabaobei.com/d1/p5/2018/03/30/e8/dd/e8dda98e99eceb0a91ac706f7b911b59921833534.jpg@base@tag=imgScale&w=447,39.00,https://www.mia.com//item-3531287.html
贝贝怡 婴儿连体衣短袖纯棉男女宝宝夏装哈衣前开扣开裆爬服 蓝白 66cm,https://img05.miyabaobei.com/d1/p1/item/10/1061/1061675_topic_1.jpg@base@tag=imgScale&w=447,59.00,https://www.mia.com//item-3271153.html
彩虹叮当 新生儿连体衣初生婴儿衣服秋装长袖宝宝爬服哈衣纯棉套装春秋冬季 字母哈衣 开裆 90cm【身高83-90cm】,https://img06.miyabaobei.com/d1/p6/2019/05/05/c2/69/c2694b0b4c6e626564b0e26d5232edfb507787395.jpg@base@tag=imgScale&w=447,49.00,https://www.mia.com//item-4291085.html
贝贝怡 婴儿连体衣夏季纯棉新生儿哈衣前开扣开裆宝宝爬服 藏青 66cm,https://img05.miyabaobei.com/d1/p1/item/10/1056/1056676_topic_1.jpg@base@tag=imgScale&w=447,59.00,https://www.mia.com//item-3271061.html
娃娃舒 新生婴儿纯棉连体衣春秋长袖哈衣 开裆款黄 73CM,https://img06.miyabaobei.com/d1/p2/item/11/1125/1125808_topic_1.jpg@base@tag=imgScale&w=447,49.00,https://www.mia.com//item-3762911.html
歌歌宝贝 婴儿连体衣夏季薄款宝宝短袖爬服哈衣新生儿纯棉衣服春夏（两件装） ltyy31白+ltyy29白 66cm,https://img05.miyabaobei.com/d1/p6/2019/05/16/54/8d/548da648941b45400a395254bb2bf052882952732.jpg@base@tag=imgScale&w=447,78.00,https://www.mia.com//item-3934135.html
贝贝怡 婴儿连体衣春秋装内衣男女宝宝衣服纯棉哈衣爬爬服 淡蓝 73cm,https://img06.miyabaobei.com/d1/p5/2018/06/22/2e/79/2e79cc433037062c9bb20add87b40db2614521527.jpg@base@tag=imgScale&w=447,59.00,https://www.mia.com//item-3270831.html
南极人 Nanjiren 婴儿纯棉长袖连体衣新生儿爬服 睡袋0-6-12个月-3岁 蓝色星星4层 90cm,https://img05.miyabaobei.com/d1/p6/2019/02/20/ed/60/ed60f4dc8aafcdd8e2afe646502fc8ae456378613.jpg@base@tag=imgScale&w=447,89.00,https://www.mia.com//item-3176438.html
贝贝怡 婴儿连体衣春秋长袖纯棉条纹开裆新生儿哈衣宝宝爬服 杏色 52cm,https://img06.miyabaobei.com/d1/p5/2017/08/07/90/31/903167b7bfe3bd772011e285734911ce768941966.jpg@base@tag=imgScale&w=447,59.00,https://www.mia.com//item-3270503.html
贝壳元素 春秋新生儿哈衣爬爬服03个月外出服婴儿连体衣xhy0581 耸拉兔B款绿色(春秋款) 80cm,https://img05.miyabaobei.com/d1/p5/2018/07/06/7b/28/7b289df3bf95321e20e6f7f3eecd0a24726372315.jpg@base@tag=imgScale&w=447,95.00,https://www.mia.com//item-3392734.html
迪士尼宝宝 婴儿连体衣纯棉内衣前开扣哈衣爬服 淡蓝 100cm,https://img06.miyabaobei.com/d1/p2/item/11/1145/1145176_topic_1.jpg@base@tag=imgScale&w=447,59.00,https://www.mia.com//item-3012770.html
舒贝怡 新生儿衣服夏季薄款连体衣婴儿短袖哈衣宝宝夏装0-3-6个月爬爬服 对开款 水果粉色 66cm,https://img05.miyabaobei.com/d1/p5/2018/06/08/39/2c/392ce945541f6c37a0298e10e98ac8a8240676472.jpg@base@tag=imgScale&w=447,39.90,https://www.mia.com//item-4404289.html
依尔婴 婴儿夏装0-1岁男女宝宝连体衣纯棉薄款卡通花色三角哈衣包屁衣 红条小熊 73cm,https://img06.miyabaobei.com/d1/p5/2018/04/15/8b/fc/8bfce43fa9349f8ec35d13ea61b9ad4f709727512.jpg@base@tag=imgScale&w=447,39.00,https://www.mia.com//item-3530689.html
淘婴库 夏季宝宝衣服薄款百天婴儿夏天短袖连体衣纯棉初生新生儿哈衣睡衣夏装 硕-满印小萌狗 半袖连体  蓝色 90码,https://img05.miyabaobei.com/d1/p6/2019/04/12/3d/40/3d4026488b1bb27525469cd909b2f53c440589332.jpg@base@tag=imgScale&w=447,41.00,https://www.mia.com//item-4242881.html
娃娃舒 婴儿连体衣纯棉内衣新生儿全棉爬服睡衣宝宝哈衣 灰色 59cm,https://img06.miyabaobei.com/d1/p5/2017/01/16/a2/d6/a2d6032a8cf104188ecf0a8751f85963800497083.jpg@base@tag=imgScale&w=447,39.00,https://www.mia.com//item-3763001.html
依尔婴 婴儿连体衣服秋冬装女宝宝纯棉长袖哈衣男新生儿1岁0春秋季3个月 粉色 59cm,https://img05.miyabaobei.com/d1/p5/2018/08/07/7f/ee/7fee709e5708b75b4860f9f191ae9a86047179999.jpg@base@tag=imgScale&w=447,39.90,https://www.mia.com//item-3530567.html
迪士尼宝宝 新生儿连体衣男女宝宝爬服哈衣长袖 淡黄 100cm,https://img06.miyabaobei.com/d1/p2/item/11/1145/1145210_topic_1.jpg@base@tag=imgScale&w=447,99.00,https://www.mia.com//item-3012802.html
淘婴库 宝宝哈衣短袖连体衣夏季短袖纯棉0可开裆薄款2岁婴儿bA23j 功夫半袖哈衣 黄色 90码,https://img05.miyabaobei.com/d1/p5/2018/04/10/84/78/8478cf9451d90b8468a9f17ee9b0f222372912164.jpg@base@tag=imgScale&w=447,49.00,https://www.mia.com//item-3326030.html
贝贝怡 婴儿连体衣春秋纯棉长袖新生儿衣服男女宝宝哈衣爬服 米白 73cm,https://img06.miyabaobei.com/d1/p5/2017/08/16/ec/5f/ec5ffcc2222d25be72cb07854774321b683252046.jpg@base@tag=imgScale&w=447,49.00,https://www.mia.com//item-3270991.html
贝贝怡 宝宝连体衣春秋季婴儿长袖爬爬服纯棉哈衣 淡蓝 73cm,https://img05.miyabaobei.com/item/10/1025/1025811_topic_1.jpg@base@tag=imgScale&w=447,49.00,https://www.mia.com//item-3270753.html
纤丝鸟 童装新生儿衣服春秋装男女宝宝长袖爬服儿童内衣婴儿纯棉无骨连体哈衣 净面小胸标 浅粉 90cm,https://img06.miyabaobei.com/d1/p5/2017/09/26/69/8d/698d6dde027d559e17e71dec1cf3d76a081253289.jpg@base@tag=imgScale&w=447,69.00,https://www.mia.com//item-3935559.html
贝贝怡 婴儿衣服夏季男女宝宝三角哈衣短袖包屁衣2件装 淡黄 86cm,https://img05.miyabaobei.com/item/10/1044/1044072_topic_1.jpg@base@tag=imgScale&w=447,89.00,https://www.mia.com//item-3270101.html
齐齐熊 婴儿夏装宝宝纯棉短袖连体衣 1369蓝色 90cm,https://img06.miyabaobei.com/d1/p5/2017/03/28/82/16/8216ad22ca82cc36968419c4d16170eb692922408.jpg@base@tag=imgScale&w=447,29.00,https://www.mia.com//item-3970767.html
淘婴库 宝宝连体衣夏季短袖卡通哈衣婴幼儿爬服 三只小鹿半袖哈衣 73码,https://img05.miyabaobei.com/d1/p5/2018/05/08/b0/3a/b03a97113a8774ce226dbc61019ef419622616380.jpg@base@tag=imgScale&w=447,35.00,https://www.mia.com//item-3325523.html
宝然 宝宝连身衣服夏季薄款纱布开衫爬服长袖连体哈衣空调服睡衣 蓝 66cm,https://img06.miyabaobei.com/d1/p5/2017/04/06/97/e6/97e62166860eb9a850a47aff4494c30d502584384.jpg@base@tag=imgScale&w=447,39.00,https://www.mia.com//item-3459092.html
贝壳元素 春秋新款男女宝宝哈衣新生儿长袖纯棉爬服01岁xhy0210 粉色love 66cm,https://img05.miyabaobei.com/d1/p5/2018/07/04/8b/4a/8b4a757b37f92cfcda7ed8e358796388845933369.jpg@base@tag=imgScale&w=447,58.00,https://www.mia.com//item-3392764.html
依尔婴 婴儿衣服春秋季装纯棉新生儿0-3-6个月宝宝哈衣爬服开档连体衣 推土车 66cm,https://img06.miyabaobei.com/d1/p5/2018/06/14/be/20/be20690fcf474c852b6a0bdb56f2b471400915094.jpg@base@tag=imgScale&w=447,39.00,https://www.mia.com//item-3528267.html
巴拉巴拉 满月宝宝衣服女婴儿哈衣新生儿连体衣爬爬服冬2018新款男 咖黄色调0353 90cm,https://img05.miyabaobei.com/d1/p5/2018/09/14/2c/88/2c8816cbd7c1142eee6b6dde9f79fe05991619461.jpg@base@tag=imgScale&w=447,359.00,https://www.mia.com//item-3555548.html
迷你巴拉巴拉 婴儿秋款连帽连体衣2018新款童装男女棉质哈衣爬服 白黄色调0313 66cm,https://img06.miyabaobei.com/d1/p5/2018/07/21/a4/69/a469ba41de36bd5e43cdb43d90080b3b542459074.jpg@base@tag=imgScale&w=447,199.00,https://www.mia.com//item-4098316.html
悠哈公仔 婴儿连体衣服夏季薄款睡衣男女宝宝短袖哈衣婴幼儿夏装新生儿衣服 菠萝 90cm,https://img05.miyabaobei.com/d1/p6/2019/05/15/fe/66/fe66f167a8e490766f1f0d0a66c34e4e093913567.jpg@base@tag=imgScale&w=447,16.90,https://www.mia.com//item-4453663.html
wua wua 两件装 婴儿衣服0-6个月宝宝春秋装纯棉连体衣男女宝宝哈衣爬服 8020黄+8025青 66cm,https://img06.miyabaobei.com/d1/p5/2018/08/15/79/7f/797f8734aa9bcc017d472026edbd3e32222858144.jpg@base@tag=imgScale&w=447,59.00,https://www.mia.com//item-3996364.html
淘婴库 婴儿连体衣夏装纯棉宝宝纱布爬服新款0-3岁宝宝薄款6短袖bA23j 纱布西瓜开档短爬服 66码,https://img05.miyabaobei.com/d1/p5/2018/04/11/1f/7a/1f7a8f0f4b22d9ad346dfb03565af487128004373.jpg@base@tag=imgScale&w=447,49.00,https://www.mia.com//item-3324983.html
贝贝怡 婴儿连体衣夏季短袖纯棉透气新生儿开裆哈衣宝宝爬服 淡蓝 59cm,https://img06.miyabaobei.com/d1/p5/2017/06/06/3a/b1/3ab195abc7837580df6eb68b936f68f4140377644.jpg@base@tag=imgScale&w=447,49.00,https://www.mia.com//item-3270281.html
贝贝怡 婴儿连体衣夏纯棉男女宝宝哈衣条纹短袖爬服外出服 大红 59cm,https://img05.miyabaobei.com/d1/p1/item/10/1051/1051205_topic_1.jpg@base@tag=imgScale&w=447,59.00,https://www.mia.com//item-3271208.html
哼哼兔&呵呵兔 婴儿爬爬服春秋款新生儿哈衣包脚连体衣长袖宝宝衣服纯棉 粉底白圆点 59cm,https://img06.miyabaobei.com/d1/p5/2017/09/23/60/9f/609fb0d53efe58d8998cf284558ceb33732677502.jpg@base@tag=imgScale&w=447,40.00,https://www.mia.com//item-3831948.html
迷你巴拉巴拉 婴儿秋款连体衣2018新款童装男女宝宝棉质哈衣爬服 浅花灰0017 73cm,https://img05.miyabaobei.com/d1/p5/2018/07/27/d3/06/d3065259fefb8008cd8299bef311ec06894324243.jpg@base@tag=imgScale&w=447,239.00,https://www.mia.com//item-4098514.html
歌歌宝贝 婴儿连体衣夏季薄款宝宝短袖爬服哈衣新生儿纯棉衣服春夏 LTYY30藏蓝色 90cm,https://img06.miyabaobei.com/d1/p6/2019/03/15/7b/19/7b192899b9dfa2890c6a4c7430bd1818124553739.jpg@base@tag=imgScale&w=447,39.10,https://www.mia.com//item-3375381.html
wua wua 新生儿婴儿连体衣服长袖纯棉宝宝春秋装内衣哈衣爬服 兔子蓝色 59cm,https://img05.miyabaobei.com/d1/p5/2018/07/11/f7/ed/f7ed347d939a15a03fb6fc8679395f96030865970.jpg@base@tag=imgScale&w=447,49.00,https://www.mia.com//item-3526527.html
依尔婴 婴儿连体衣服夏季女宝宝夏装男0-6-12个月新生儿哈衣6薄款短袖1岁 小公举 59cm,https://img06.miyabaobei.com/d1/p5/2018/06/13/fa/68/fa688a81f0610315ddd46f4565021990886291399.jpg@base@tag=imgScale&w=447,49.00,https://www.mia.com//item-3529257.html
棉花堂 婴儿纯棉纱布衣服夏装薄款2019新款宝宝连体衣睡衣儿童哈衣 阿拉斯加鱼群 66cm,https://img05.miyabaobei.com/d1/p6/2019/05/02/29/8d/298de35ea9a63b2afb9e8c259810dbed349586315.jpg@base@tag=imgScale&w=447,46.00,https://www.mia.com//item-4380305.html
Augelute 春秋可爱空气棉动物造型连体衣爬服 粉色狐狸 90cm,https://img06.miyabaobei.com/d1/p5/2017/08/11/61/e1/61e169791c568ae52477ac74687cd441372861790.jpg@base@tag=imgScale&w=447,69.00,https://www.mia.com//item-3229237.html
棉花堂 婴儿纱布纯棉连体衣 春夏新品宝宝新生儿短袖夏装哈衣爬服 灰蓝 80cm,https://img05.miyabaobei.com/d1/p6/2019/05/02/3a/17/3a1763aef8b947fc5cb6e38d986b7a4f275442052.jpg@base@tag=imgScale&w=447,49.00,https://www.mia.com//item-4380222.html
舒贝怡 2件装婴儿包屁衣连体衣夏新生儿三角哈衣爬服纯棉春秋岁睡衣保暖2019新品 长袖海洋粉色+笑脸粉色 73cm,https://img06.miyabaobei.com/d1/p6/2019/04/22/29/1a/291a06bbd03acaddacf0214cb998a41f211839956.jpg@base@tag=imgScale&w=447,49.90,https://www.mia.com//item-4296289.html
海绵泡泡 宝宝哈衣（两件装） 小恐龙+米白 52cm,https://img05.miyabaobei.com/d1/p5/2017/12/14/83/6b/836b7677106aa337ca94285806d2e8c0238805242.jpg@base@tag=imgScale&w=447,99.00,https://www.mia.com//item-3233150.html
海绵泡泡 宝宝斜襟长袖哈衣 蓝汽车 80cm,https://img06.miyabaobei.com/d1/p5/2017/12/14/11/0b/110bcdb64d4487641ac18777941e7cac362398701.jpg@base@tag=imgScale&w=447,58.00,https://www.mia.com//item-3233294.html
猪猪的故事 新生婴儿儿衣服初生宝宝衣服外出连体衣夏薄款可爱公主包屁衣纯棉 满印粉熊219 90,https://img05.miyabaobei.com/d1/p6/2019/04/24/5f/8f/5f8f66793768d7e523c0f63783d519d6688915204.jpg@base@tag=imgScale&w=447,69.00,https://www.mia.com//item-4346309.html
海绵泡泡 素色提花双面布长袖哈衣 浅绿 66cm,https://img06.miyabaobei.com/d1/p5/2018/05/29/42/e0/42e088cf6786e6c8de2cce4cdf64732a818861050.jpg@base@tag=imgScale&w=447,59.00,https://www.mia.com//item-3233109.html
歌歌宝贝 婴儿短袖连体衣夏季宝宝纯棉卡通爬服薄款幼儿睡衣哈衣夏 LTYX10*暖黄 100cm,https://img05.miyabaobei.com/d1/p6/2019/04/24/5b/e3/5be3b70f2869c672db9a8481c00142fb761343511.jpg@base@tag=imgScale&w=447,39.90,https://www.mia.com//item-4309340.html
minizone 春秋宝宝长袖斜拉链连帽运动范连体衣 草绿ALL 80cm,https://img06.miyabaobei.com/d1/p4/2016/10/08/70/c7/70c7012293008c1f0b26a5cff0de375d271335827.jpg@base@tag=imgScale&w=447,78.00,https://www.mia.com//item-3228899.html
马克珍妮 春装男女宝宝连体衣 婴儿哈衣爬服童装72000 蓝色星星 80cm,https://img05.miyabaobei.com/d1/p5/2018/01/17/11/60/11607852d5997e73c9a81bda44dffbd5807675163.jpg@base@tag=imgScale&w=447,79.00,https://www.mia.com//item-3248497.html
舒贝怡 婴儿连体衣儿童长袖加厚衣服新生儿保暖哈衣爬服 蓝色小狗 80cm,https://img06.miyabaobei.com/d1/p6/2019/02/20/21/65/2165a20931c4092ff9fb0878093d450d558744748.jpg@base@tag=imgScale&w=447,49.90,https://www.mia.com//item-3806280.html
依尔婴 婴儿夏装0-1岁连体衣超薄款纯棉纱布女宝宝短袖公主哈衣连体衣爬服 萝卜 90cm,https://img05.miyabaobei.com/d1/p5/2018/05/22/a2/30/a23095e07bd9faaef858002a43beaa15739586004.jpg@base@tag=imgScale&w=447,59.00,https://www.mia.com//item-3532052.html
娃娃舒 男女宝宝两用裆纯棉婴儿连体哈衣 开裆款蓝 80CM,https://img06.miyabaobei.com/d1/p2/item/11/1125/1125802_topic_1.jpg@base@tag=imgScale&w=447,49.00,https://www.mia.com//item-4091947.html
wua wua 婴儿衣服0-12个月夏新款连体衣薄款纯棉夏装初生宝宝哈衣爬爬服 开裆黄色 90cm,https://img05.miyabaobei.com/d1/p6/2019/05/10/25/df/25df452143f1b073d8b1124fd6754787585802600.jpg@base@tag=imgScale&w=447,49.00,https://www.mia.com//item-4421943.html
Augelute 夏季日式浴衣和服式婴幼儿爬服连体衣 红平角 80cm,https://img06.miyabaobei.com/d1/p6/2019/02/13/ea/01/ea013096e66d0577d2c0be12378ab59f282919620.jpg@base@tag=imgScale&w=447,62.00,https://www.mia.com//item-3230725.html
迷你巴拉巴拉 婴儿印花连体衣2018秋季新款长袖哈衣宝宝夹棉爬爬服 本白1120 90cm,https://img05.miyabaobei.com/d1/p5/2018/07/13/65/58/6558337b9a744e08f1ebc7c18a4a440b519483684.jpg@base@tag=imgScale&w=447,199.00,https://www.mia.com//item-4098062.html
迪士尼宝宝 婴儿长袖连体衣宝宝纯棉全开扣爬服 杏色 80cm,https://img06.miyabaobei.com/d1/p2/item/11/1145/1145202_topic_1.jpg@base@tag=imgScale&w=447,59.00,https://www.mia.com//item-3012831.html
彩虹叮当 婴儿连体衣保暖春秋季长袖新生儿衣服纯棉秋装宝宝哈衣爬服秋冬季 字母款 闭裆 90cm,https://img05.miyabaobei.com/d1/p6/2019/05/05/47/50/47501a2405bff24bdbc3c9d5e99d0da9504815982.jpg@base@tag=imgScale&w=447,39.00,https://www.mia.com//item-3329554.html
纤丝鸟 新生儿衣服宝宝夏季新款纯棉连体衣婴儿短袖包屁衣三件装 樱花粉+白色+浅粉 80cm,https://img06.miyabaobei.com/d1/p5/2018/05/17/0e/96/0e96cb5bf14e5b2f03cdefc5730e2ff9569946099.jpg@base@tag=imgScale&w=447,89.00,https://www.mia.com//item-3935774.html
海绵泡泡 纯棉斜襟哈衣 小蓝象 73cm,https://img05.miyabaobei.com/d1/p5/2017/12/12/1e/8a/1e8a4da815e7cf71a4804891331cdd08650298288.jpg@base@tag=imgScale&w=447,48.00,https://www.mia.com//item-3233305.html
巴拉巴拉 男女新生儿连体衣夏装2018新款连身衣纯棉两件装爬服哈衣 本白1120 90cm,https://img06.miyabaobei.com/d1/p5/2018/03/22/56/03/5603a854d5309ba0c45e1e67640f977d138175287.jpg@base@tag=imgScale&w=447,179.00,https://www.mia.com//item-4070216.html
贝贝怡 夏装婴儿连体衣纯棉通用新生儿哈衣背心开裆宝宝爬服 蓝白 80cm,https://img05.miyabaobei.com/d1/p1/item/10/1061/1061470_topic_1.jpg@base@tag=imgScale&w=447,59.00,https://www.mia.com//item-3271093.html
歌歌宝贝 宝宝连体衣短袖夏季纯棉婴儿哈衣夏薄款新生儿衣服爬服 LTYY34白色 66cm,https://img06.miyabaobei.com/d1/p5/2018/04/23/e4/a7/e4a78289d92c8cb318a4e954ecea9ea9733191933.jpg@base@tag=imgScale&w=447,39.00,https://www.mia.com//item-3375927.html
依尔婴 婴儿衣服棉春秋季纯棉连体衣0-3-6个月宝宝秋装新生儿哈衣爬服 企鹅 66cm,https://img05.miyabaobei.com/d1/p6/2019/04/07/f5/4f/f54fc5b873b2f463f1a33650487ef936061843848.jpg@base@tag=imgScale&w=447,49.00,https://www.mia.com//item-3528536.html
迷你巴拉巴拉 婴儿印花连体衣2018秋季新款童装男女宝宝爬服新生儿 浅花灰0017 66cm,https://img06.miyabaobei.com/d1/p5/2018/07/06/6c/13/6c13bf4b7ad026b7808687994683173d906722393.jpg@base@tag=imgScale&w=447,159.00,https://www.mia.com//item-4097910.html
wua wua 婴儿连体衣服0-12个月宝宝夏装纯棉连身衣新生儿薄款短袖哈衣 20122蓝色 73cm,https://img05.miyabaobei.com/d1/p6/2019/03/27/8c/1e/8c1e41ca4e4a43942daa58aa95cbdad2571322261.jpg@base@tag=imgScale&w=447,49.00,https://www.mia.com//item-4214566.html
贝贝怡 婴儿衣服夏季宝宝包屁衣纯棉短袖哈衣2件装 浅蓝 73cm,https://img06.miyabaobei.com/d1/p5/2017/03/15/a7/0d/a70d91aa8a0392d985f2109711835873442033011.jpg@base@tag=imgScale&w=447,79.00,https://www.mia.com//item-3269271.html
依尔婴 婴儿连体衣服宝宝男女春秋装纯棉新生儿0-3-6满个月爬爬服哈衣 斜襟印熊 73cm,https://img05.miyabaobei.com/d1/p5/2018/06/14/0e/d4/0ed4aa1979f5638b851b50c70562a1f0389933340.jpg@base@tag=imgScale&w=447,49.00,https://www.mia.com//item-3530817.html
麦拉贝拉 婴儿6-24个月四季款卡通动物珊瑚绒连体衣 粉 73cm,https://img06.miyabaobei.com/d1/p5/2017/01/12/e0/9f/e09f027b3c7ede93c7203d8c6633333a841959268.jpg@base@tag=imgScale&w=447,89.00,https://www.mia.com//item-3454768.html
娃娃舒 宝宝纯棉连体衣春秋婴儿哈衣爬服 按扣款蓝 73CM,https://img05.miyabaobei.com/d1/p2/item/11/1125/1125806_topic_1.jpg@base@tag=imgScale&w=447,49.00,https://www.mia.com//item-3762851.html
罗町 2019夏季婴儿衣服夏装新生儿连体薄款爬服初生宝宝女纯棉夏季短袖网红哈衣0-2岁外出服 黑色 73cm,https://img06.miyabaobei.com/d1/p6/2019/03/31/6a/14/6a1409fcb3856b2a8b4ef6ea6256595b186348986.jpg@base@tag=imgScale&w=447,69.00,https://www.mia.com//item-4053886.html
贝贝怡 新生儿连体衣秋季纯棉长袖婴儿哈衣宝宝爬服 藏青(A款) 66cm,https://img05.miyabaobei.com/d1/p5/item/14/1405/1405747_topic_1.jpg@base@tag=imgScale&w=447,89.00,https://www.mia.com//item-3270628.html
哼哼兔&呵呵兔 新生儿蝴蝶衣0-3-6个月宝宝纯棉哈衣春秋夏款婴儿连体衣长袖 四季款_珍珠粉/薄荷绿 66cm,https://img06.miyabaobei.com/d1/p5/2017/10/07/30/8d/308dd236fcfa624a5e84cd33584c6124729782616.jpg@base@tag=imgScale&w=447,29.00,https://www.mia.com//item-3831018.html
贝贝怡 夏装婴儿连体衣侧开条纹爬服短袖纯棉透气宝宝哈衣 浅蓝 59cm,https://img05.miyabaobei.com/d1/p3/item/12/1269/1269738_topic_1.jpg@base@tag=imgScale&w=447,69.00,https://www.mia.com//item-3270263.html
wua wua 婴儿连体衣3-12个月男女宝宝纯棉薄款爬爬服长袖空调服连身衣 无尾熊闭裆蓝色 80cm,https://img06.miyabaobei.com/d1/p6/2019/05/17/64/e6/64e60b6a373dd5124a95acee24fca9b4793728916.jpg@base@tag=imgScale&w=447,59.00,https://www.mia.com//item-4467428.html
minizone 春秋宝宝抓绒弹力棉撞色长袖连体衣爬服 湖水蓝狐狸 73cm,https://img05.miyabaobei.com/d1/p5/2017/08/21/3e/09/3e09a303d5a045415a7d7be9b44febbc865932383.jpg@base@tag=imgScale&w=447,69.00,https://www.mia.com//item-3230771.html
舒贝怡 新生儿衣服2019新品夏季婴儿连体衣短袖哈衣纯棉爬服0-1岁短袖连体衣 19057 黄色 59cm,https://img06.miyabaobei.com/d1/p6/2019/04/19/91/46/9146d0fe14d3cc941b220e298fe4b02d557012400.jpg@base@tag=imgScale&w=447,39.90,https://www.mia.com//item-4253913.html
娃娃舒 婴儿连体衣纯棉宝宝春秋长袖哈衣 按扣款粉 59CM,https://img05.miyabaobei.com/d1/p2/item/11/1125/1125807_topic_1.jpg@base@tag=imgScale&w=447,49.00,https://www.mia.com//item-3762961.html
小小萌 婴儿新生儿宝宝秋冬纯棉保暖线衣哈衣连体衣 大红点点蝴蝶结 18到24月,https://img06.miyabaobei.com/d1/p5/2018/10/09/89/0e/890e0236306ca92a3863134a05a34e93838435226.jpg@base@tag=imgScale&w=447,99.00,https://www.mia.com//item-3776431.html
Augelute 3件装|夏季婴幼儿宝宝短袖三角哈衣爬服 黄色爱心组 80cm,https://img05.miyabaobei.com/d1/p5/2018/03/14/a9/a1/a9a1fa7c121fffe94a691d0d5b485bc0113338867.jpg@base@tag=imgScale&w=447,80.00,https://www.mia.com//item-3229932.html
贝贝怡 婴儿连体衣夏季纯棉透气新生儿衣服男女宝宝哈衣爬服 淡粉 90cm,https://img06.miyabaobei.com/item/10/1033/1033829_topic_1.jpg@base@tag=imgScale&w=447,49.00,https://www.mia.com//item-3270303.html
淘婴库 宝宝连体衣夏装0-3岁新生儿哈衣夏天衣服3个月婴幼儿外出服 按扣小狗粉+按扣花朵粉短爬服 73码,https://img05.miyabaobei.com/d1/p5/2018/04/27/a8/f7/a8f7702a5006e34cb03f525ded8244b5178857358.jpg@base@tag=imgScale&w=447,69.00,https://www.mia.com//item-3325400.html
舒贝怡 2件装薄款哈衣婴儿连体衣夏季宝宝纯棉夏装新生儿衣服爬服 提花短袖款  绿色+蓝色 59cm,https://img06.miyabaobei.com/d1/p6/2019/04/24/87/6e/876e34f9d5c23527073e1fb66d6955c1774923254.jpg@base@tag=imgScale&w=447,59.90,https://www.mia.com//item-4309353.html
贝贝怡 婴儿包屁衣夏装纯棉长袖男女宝宝衣服连体衣三角哈衣 淡黄 66cm,https://img05.miyabaobei.com/d1/p5/2017/06/06/f9/2a/f92ade37e84bb2d462dcc8b91f958334420857119.jpg@base@tag=imgScale&w=447,46.00,https://www.mia.com//item-3270481.html
minizone 我爱爸爸妈妈长袖三角哈衣 蓝贴布 66cm(3-6M),https://img06.miyabaobei.com/d1/p1/item/10/1073/1073884_topic_1.jpg@base@tag=imgScale&w=447,57.00,https://www.mia.com//item-3229860.html
贝贝怡 婴幼儿衣服夏天宝宝透气三角哈衣短袖包屁衣2件装 淡粉 66cm,https://img05.miyabaobei.com/d1/p1/item/10/1059/1059551_topic_1.jpg@base@tag=imgScale&w=447,89.00,https://www.mia.com//item-3270063.html
迷你巴拉巴拉 女婴儿翻领连体衣2018秋新款女宝宝印花纯棉哈衣爬服 白蓝色调0318 80cm,https://img06.miyabaobei.com/d1/p5/2018/07/27/a0/77/a07714f70cef9c21ed8ffa8d2c7d098c888508716.jpg@base@tag=imgScale&w=447,269.00,https://www.mia.com//item-4098855.html
南极人 Nanjiren 婴儿连体衣夏季纱布包屁衣新生儿爬服双层护肚睡衣三角哈衣 蓝色星星(无袖) 59cm,https://img05.miyabaobei.com/d1/p5/2018/04/11/ec/6e/ec6e58a9790e245c19f7da4a908c9274173678119.jpg@base@tag=imgScale&w=447,49.00,https://www.mia.com//item-3176464.html
巴拉巴拉 婴儿连体衣哈衣新生儿衣服包屁衣宝宝爬爬服潮服0-3个月 深蓝8810 73cm(73cm（两件套）),https://img06.miyabaobei.com/d1/p5/2018/09/07/3f/0e/3f0e0f19d9c2527b2152bf7655100212909659209.jpg@base@tag=imgScale&w=447,159.00,https://www.mia.com//item-3554944.html
淘气麦兜 秋季宝宝连体衣春秋装3-6-12个月潮男女外出爬爬服长袖哈衣婴儿服 桔红色 90cm,https://img05.miyabaobei.com/d1/p6/2019/02/18/fe/85/fe85f3be8930d8f7c32aad6fbc8639c1773458197.jpg@base@tag=imgScale&w=447,69.00,https://www.mia.com//item-3429609.html
依尔婴 婴儿衣服棉悟春秋季纯空连体衣0-3-6个月宝宝秋装新生儿哈衣爬服 悟空 73cm,https://img06.miyabaobei.com/d1/p5/2018/01/14/63/39/6339a3132a3aaa3063d24564ae1c8a1b962478180.jpg@base@tag=imgScale&w=447,39.90,https://www.mia.com//item-3529917.html
罗町 秋冬季男女宝宝卫衣棉哈衣新生儿卡通长耳兔子造型连身衣外出服双层纯棉夹棉糖果色哈衣 绿色 66cm,https://img05.miyabaobei.com/d1/p5/2017/07/26/fc/4f/fc4f2e45393a587e31b5d69165e84356404819796.jpg@base@tag=imgScale&w=447,79.00,https://www.mia.com//item-3504967.html
舒贝怡 2件装婴儿连体衣夏季宝宝短袖哈衣纯棉夏装新生儿衣服爬服可爱薄款 字母黄+字母粉 66cm,https://img06.miyabaobei.com/d1/p6/2019/04/07/a3/29/a3290b6ac5cceca4f452139fdbe5272c031279026.jpg@base@tag=imgScale&w=447,59.00,https://www.mia.com//item-4184376.html
舒贝怡 婴儿短袖连体衣开裆纯棉宝宝哈衣0-3个月新生儿6衣服12月春睡衣 开裆款小狗蓝 73cm,https://img05.miyabaobei.com/d1/p6/2019/03/20/23/68/23681c04efad86a57ac8f1818dfc948d694853789.jpg@base@tag=imgScale&w=447,39.90,https://www.mia.com//item-3805829.html
罗町 2019冬季新品毛球猫咪脸加绒卫衣连体哈衣爬行服男女宝宝连体哈衣糖果色爬服59CM-90CM 粉红色 90cm,https://img06.miyabaobei.com/d1/p5/2018/11/20/b1/7d/b17d31271ac9f01f2ee5b4be0ebc7209863165733.jpg@base@tag=imgScale&w=447,125.00,https://www.mia.com//item-3505160.html
Augelute 夏季宝宝水果造型无袖背心爬服哈衣帽子2件套 粉色草莓 80cm,https://img05.miyabaobei.com/d1/p5/2017/03/12/46/8a/468ae1c67e3915dea5f7834818c52cb5991348304.jpg@base@tag=imgScale&w=447,53.00,https://www.mia.com//item-4124086.html
猪猪的故事 网红婴儿服可爱新生宝宝连体衣夏装纯棉初生婴儿衣服外出服包屁衣 两条装 满印粉熊+满印粉鱼73,https://img06.miyabaobei.com/d1/p6/2019/05/17/d0/2d/d02d73257d59b6282ee21d8f95ebc525814201762.jpg@base@tag=imgScale&w=447,79.00,https://www.mia.com//item-4467139.html
贝贝怡 新生儿衣服春秋婴儿连体衣0-3-6个月宝宝蝴蝶衣和尚服 淡黄 66cm,https://img05.miyabaobei.com/item/10/1021/1021288_topic_1.jpg@base@tag=imgScale&w=447,29.00,https://www.mia.com//item-3270577.html
迪士尼宝宝 婴儿连体衣纯棉开裆宝宝哈衣爬服 淡粉 80cm,https://img06.miyabaobei.com/d1/p2/item/11/1145/1145054_topic_1.jpg@base@tag=imgScale&w=447,59.00,https://www.mia.com//item-3013011.html
迷你巴拉巴拉 婴儿连体衣2018秋季新款新生儿哈衣宝宝纯棉印花爬服 卡其5618 66cm,https://img05.miyabaobei.com/d1/p5/2018/07/13/99/38/99385b2073b8a4958a5c1b95766b8b78578284198.jpg@base@tag=imgScale&w=447,159.00,https://www.mia.com//item-4098553.html
迪士尼宝宝 婴儿内衣纯棉条纹连体衣宝宝开裆爬服 淡黄 80cm,https://img06.miyabaobei.com/d1/p2/item/11/1145/1145065_topic_1.jpg@base@tag=imgScale&w=447,59.00,https://www.mia.com//item-3012523.html
贝贝怡 婴幼儿夏装纯棉男女宝宝连体哈衣短袖前开扣平脚爬服 淡粉 80cm,https://img05.miyabaobei.com/item/10/1033/1033867_topic_1.jpg@base@tag=imgScale&w=447,59.00,https://www.mia.com//item-3271103.html
麦拉贝拉 夏季短袖薄款外穿开裆男女宝宝连体哈衣爬服 婴幼儿开裆连体衣（浅蓝色） 80cm,https://img06.miyabaobei.com/d1/p5/2017/04/14/77/16/771623876e3f5f1e396c54797d0502ed591909012.jpg@base@tag=imgScale&w=447,39.00,https://www.mia.com//item-3455474.html
哼哼兔&呵呵兔 新生儿蝴蝶衣0-3-6个月宝宝纯棉哈衣春秋夏款婴儿连体衣长袖 四季款_彩棉条纹 66cm,https://img05.miyabaobei.com/d1/p5/2018/01/18/0e/c5/0ec5baa8412440c01e41dfdef7661685412238549.jpg@base@tag=imgScale&w=447,59.00,https://www.mia.com//item-3831078.html
依尔婴 婴儿衣服夏季宝宝装纯棉新生儿薄款短袖个性大哥佬马仔连体衣 花钱的 80cm,https://img06.miyabaobei.com/d1/p5/2018/06/14/12/ff/12ffd67d0a93f1e2d8820ca10de6e3bf412254494.jpg@base@tag=imgScale&w=447,49.00,https://www.mia.com//item-3528679.html
淘婴库 2019年夏季新款婴儿短袖连体哈衣衣纯棉男女宝宝夏装婴幼儿薄款睡哈衣男新生儿衣服 硕-小果林 半袖闭档 66码,https://img05.miyabaobei.com/d1/p6/2019/04/01/fa/5f/fa5f5e604c1dbed0da9b52461205367f064184179.jpg@base@tag=imgScale&w=447,39.90,https://www.mia.com//item-4119633.html
wua wua 婴儿衣服夏季0-12个月女宝宝短袖连体衣薄款衣服公主款哈衣爬爬服 99210浅粉 80cm,https://img06.miyabaobei.com/d1/p6/2019/04/23/53/58/5358c6b3547f71ece38536f0b3da6049147573637.jpg@base@tag=imgScale&w=447,49.00,https://www.mia.com//item-4303902.html
罗町 2019秋冬新款韩版小兔加厚带帽卫衣棉哈衣宝宝连体衣外出爬服婴儿服装 粉色66CM-90CM 紫色 66cm,https://img05.miyabaobei.com/d1/p5/2017/08/21/cc/40/cc409feca4cdf3d0d91424fc7a824a33866001473.jpg@base@tag=imgScale&w=447,89.00,https://www.mia.com//item-3505040.html
哼哼兔&呵呵兔 婴儿衣服女宝宝连体衣春秋装纯棉0岁3个月冬季长袖男新生儿哈衣 彩棉圆点 59cm,https://img06.miyabaobei.com/d1/p5/2017/09/30/a9/f3/a9f3079c24b28d682ba317fa57546c7c692809148.jpg@base@tag=imgScale&w=447,33.00,https://www.mia.com//item-3831618.html
哼哼兔&呵呵兔 婴儿印花包屁衣夏季薄款宝宝纯棉纱布爬服背心连体衣 飞鱼 90,https://img05.miyabaobei.com/d1/p6/2019/04/20/8e/7a/8e7ab11edd44ec7ec8cd2ed12cf20257473722100.jpg@base@tag=imgScale&w=447,39.00,https://www.mia.com//item-4298669.html
洛斯小丁 2019新款夏季男女宝宝满印婴儿短袖连体衣0-3岁 波浪满印 80cm,https://img06.miyabaobei.com/d1/p6/2019/04/29/dc/33/dc33fc13688160f6fafaaa9ab468647d060495660.jpg@base@tag=imgScale&w=447,69.00,https://www.mia.com//item-4385163.html
贝贝怡 夏季条纹宝宝开裆连体衣前开扣哈衣婴儿衣服纯棉爬服 淡蓝 66cm,https://img05.miyabaobei.com/d1/p1/item/10/1059/1059515_topic_1.jpg@base@tag=imgScale&w=447,59.00,https://www.mia.com//item-3271123.html
依尔婴 婴儿连体衣夏季新生儿宝宝夏装世界杯足球服短袖连体衣哈衣 红色15号 73cm,https://img06.miyabaobei.com/d1/p5/2018/06/14/7d/46/7d461c97464307e5b365a74efae10872414689983.jpg@base@tag=imgScale&w=447,59.00,https://www.mia.com//item-3529989.html
贝贝怡 婴儿连体衣夏季短袖纯棉男女宝宝哈衣前开扣条纹爬服 红白 90cm,https://img05.miyabaobei.com/d1/p1/item/10/1061/1061695_topic_1.jpg@base@tag=imgScale&w=447,59.00,https://www.mia.com//item-3271223.html
wua wua 婴儿连体衣短袖0-12个月宝宝夏装薄款纯棉哈衣爬爬服 闭裆粉色 59cm,https://img06.miyabaobei.com/d1/p6/2019/04/28/b4/b5/b4b522b7b08930b300ff3bf7026bcd49435377334.jpg@base@tag=imgScale&w=447,49.00,https://www.mia.com//item-4376915.html
minizone 春夏宝宝纯棉长袖三角包屁哈衣爬服连体衣 米白飞机 90cm,https://img05.miyabaobei.com/d1/p4/2016/12/14/05/b5/05b5a5c64363bde29879b01d270cdb14877097817.jpg@base@tag=imgScale&w=447,39.00,https://www.mia.com//item-3229000.html
罗町 2019 夏季新款 宝宝短袖三角连体衣薄款纯棉  包屁哈衣卡通印花多色  66cm-90cm 蓝眼睛 80cm,https://img06.miyabaobei.com/d1/p5/2018/04/15/24/e7/24e73747a8205c19fc5cc3f87c6af8f9804757978.jpg@base@tag=imgScale&w=447,59.00,https://www.mia.com//item-3505292.html
minizone 我爱爸爸妈妈夏款短袖三角哈衣 蓝贴布 90cm(18-24M),https://img05.miyabaobei.com/d1/p1/item/10/1073/1073886_topic_1.jpg@base@tag=imgScale&w=447,57.00,https://www.mia.com//item-3230424.html
罗町 2019新款秋冬婴儿服装宝宝可爱爱爸爸妈妈卫衣连体衣婴幼儿双层卫衣连帽哈衣59CM-90CM 粉色 90cm,https://img06.miyabaobei.com/d1/p5/2017/08/09/9a/12/9a12d9e347bdfc56ec814f88fcf8adef719209550.jpg@base@tag=imgScale&w=447,89.00,https://www.mia.com//item-3505172.html
贝贝怡 婴儿哈衣夏背心英伦活动肩宝宝连体衣通用纯棉爬服 红白 59cm,https://img05.miyabaobei.com/item/10/1033/1033848_topic_1.jpg@base@tag=imgScale&w=447,59.00,https://www.mia.com//item-3271177.html
罗町 2019春秋冬季新款男女宝宝卫衣棉哈衣外出新生儿豹纹兔子造型哈衣连体爬爬服 0-2岁穿 蓝色 59cm,https://img06.miyabaobei.com/d1/p5/2017/07/25/a9/ca/a9ca6df1b83c902dcc36909408568030734055730.jpg@base@tag=imgScale&w=447,59.00,https://www.mia.com//item-3505106.html
忆爱 婴儿连体衣春秋冬季装保暖男女宝宝长袖彩棉哈衣爬服新生儿衣服 浅灰色 80cm,https://img05.miyabaobei.com/d1/p5/2018/11/21/17/c7/17c70a94cca503465004209f9855a01a890066797.jpg@base@tag=imgScale&w=447,68.00,https://www.mia.com//item-3765672.html
依尔婴 网红婴儿衣服秋冬宝宝女可爱超萌0-3个月新生儿加绒保暖连体睡衣 我爸潮帅-灰 59cm,https://img06.miyabaobei.com/d1/p5/2018/10/23/cd/ff/cdffb1e2ad5b3531bbe08550ec03de2f798116528.jpg@base@tag=imgScale&w=447,49.90,https://www.mia.com//item-3531710.html
猪猪的故事 2019春季新款 哈衣新生儿0-3个月婴儿长袖公主服连体衣宝宝爬爬服 无 麻灰狮子85cm,https://img05.miyabaobei.com/d1/p6/2019/03/06/54/dd/54ddd9529a8be4c4c0c6fbb7b90b9eec615694694.jpg@base@tag=imgScale&w=447,49.90,https://www.mia.com//item-3995214.html
海绵泡泡 素色提花双面布长袖三角爬衣 浅粉 73cm,https://img06.miyabaobei.com/d1/p5/2018/02/22/bd/7c/bd7cf83288c753dcaec0d8af449d2f1b927782862.jpg@base@tag=imgScale&w=447,49.00,https://www.mia.com//item-3232833.html
贝贝怡 宝宝婴儿爬服哈衣夏装海军风经典条纹连体衣 大红 59cm,https://img05.miyabaobei.com/d1/p3/item/12/1270/1270911_topic_1.jpg@base@tag=imgScale&w=447,69.00,https://www.mia.com//item-3270173.html
minizone 春秋宝宝婴儿小童薄绒前开拉链连帽连体衣哈衣爬服 宝蓝拉布拉多 80cm,https://img06.miyabaobei.com/d1/p5/2018/08/21/fc/b5/fcb537c1ad734d61eff5721e5faa4de6399238902.jpg@base@tag=imgScale&w=447,88.00,https://www.mia.com//item-3230009.html
悠哈公仔 婴儿短袖连体衣女宝宝夏季薄款纯棉哈衣睡衣男新生儿衣服夏装爬服 西瓜 100cm,https://img05.miyabaobei.com/d1/p6/2019/05/14/b5/bd/b5bd6c750177f19ec56f175160423030197912141.jpg@base@tag=imgScale&w=447,18.90,https://www.mia.com//item-4449746.html
哼哼兔&呵呵兔 婴儿短袖三角包屁衣夏季薄款男女宝宝连体衣新生儿哈衣爬服 本白五角星 73cm,https://img06.miyabaobei.com/d1/p5/2018/04/11/5e/8f/5e8f3612a7905a121fe530eeb5eeeab8302288267.jpg@base@tag=imgScale&w=447,39.00,https://www.mia.com//item-3831661.html
Augelute 夏款宝宝动物造型三角背心哈衣爬服连体衣 猫头鹰 90cm,https://img05.miyabaobei.com/d1/p5/2018/03/14/c0/e2/c0e2fd65ed05b1fab54178eead8119a0102824218.jpg@base@tag=imgScale&w=447,38.00,https://www.mia.com//item-3230642.html
歌歌宝贝 婴儿短袖连体衣纯棉宝宝夏装婴幼儿睡薄款新生儿衣服夏季 乳白色 90cm,https://img06.miyabaobei.com/d1/p5/2018/05/17/9c/55/9c553cf06854bb623ece7f4b371c7c29202104398.jpg@base@tag=imgScale&w=447,36.00,https://www.mia.com//item-3375322.html
依尔婴 婴儿衣服夏季连体衣男女宝宝薄款短袖哈衣爬服新生儿夏装 小可爱 90cm,https://img05.miyabaobei.com/d1/p6/2019/04/07/b8/e3/b8e3c282e1306167dbbf5b667a64f966032801356.jpg@base@tag=imgScale&w=447,39.90,https://www.mia.com//item-4217203.html
歌歌宝贝 包屁衣长袖纯棉婴儿春秋新生儿连体衣服宝宝三角哈衣爬服 LTY16157黄色 80cm,https://img06.miyabaobei.com/d1/p5/2018/03/13/df/1a/df1a62d3d4967dfcf180b29be5cb6ac8270368578.jpg@base@tag=imgScale&w=447,39.20,https://www.mia.com//item-3375037.html
贝贝怡 婴儿衣服夏季男女宝宝三角哈衣短袖包屁衣2件装 杏白 66cm,https://img05.miyabaobei.com/d1/p1/item/10/1059/1059563_topic_1.jpg@base@tag=imgScale&w=447,69.00,https://www.mia.com//item-3270073.html
迪士尼宝宝 夏季婴儿男女宝宝纯棉短袖开裆连体衣 淡黄 59cm,https://img06.miyabaobei.com/d1/p3/item/11/1199/1199362_topic_1.jpg@base@tag=imgScale&w=447,66.00,https://www.mia.com//item-3013155.html
舒贝怡 婴儿短袖连体衣纯棉夏季哈衣新生儿宝宝夏装睡衣爬服薄款 开裆 绿青蛙 73cm,https://img05.miyabaobei.com/d1/p5/2018/06/14/b9/2b/b92bc4d277970796e7c0e9076b21682c432739769.jpg@base@tag=imgScale&w=447,49.90,https://www.mia.com//item-3806112.html
迪士尼宝宝 婴儿衣服夏装女宝宝连体衣纯棉短袖哈衣爬服 大红 86cm,https://img06.miyabaobei.com/d1/p3/item/12/1270/1270085_topic_1.jpg@base@tag=imgScale&w=447,72.00,https://www.mia.com//item-3012721.html
南极人 Nanjiren 新生儿哈衣爬爬服0-2岁婴儿连体衣冬季男宝宝衣服 浅粉 80cm,https://img05.miyabaobei.com/d1/p5/2017/10/31/d0/b3/d0b33ff21779fccdca9c869a322d8d6e601151436.jpg@base@tag=imgScale&w=447,109.00,https://www.mia.com//item-3371284.html
minizone 10色可选|春秋夏婴幼儿卡通印花连体衣三角哈衣爬服 绿色大熊 90cm,https://img06.miyabaobei.com/d1/p5/2018/05/30/55/b6/55b6e508ae8469a5db77566773d218df623697967.jpg@base@tag=imgScale&w=447,39.00,https://www.mia.com//item-3230316.html
洛斯小丁 春秋款宝宝衣服侧开连体衣 猫头鹰满印 59cm,https://img05.miyabaobei.com/d1/p5/2016/12/20/65/ac/65acad9ad5592dff18b40d583d711b55145698590.jpg@base@tag=imgScale&w=447,99.00,https://www.mia.com//item-3224867.html
Cipango 可爱纯棉印花宝宝爬服 黄我妈超正 59cm,https://img06.miyabaobei.com/d1/p4/2016/12/05/73/54/7354eb788376f7bb9643da11c3e9f416144465611.jpg@base@tag=imgScale&w=447,39.00,https://www.mia.com//item-3534649.html
贝贝怡 婴儿包屁衣春秋纯棉长袖男女宝宝衣服连体衣三角哈衣 淡黄 66cm,https://img05.miyabaobei.com/d1/p1/item/10/1059/1059539_topic_1.jpg@base@tag=imgScale&w=447,46.00,https://www.mia.com//item-3271023.html
谷斐尔 2件装 轻薄透气网眼短袖夏日宝宝儿童短袖两用连体衣爬服0-3岁 猫咪粉色&西瓜蓝色 2条装 100cm,https://img06.miyabaobei.com/d1/p6/2019/03/05/22/a4/22a41403aac44b6d108e3e73493f0ae0737756902.jpg@base@tag=imgScale&w=447,59.90,https://www.mia.com//item-3921501.html
贝贝怡 婴儿连体衣春秋新款纯棉卡通新生儿哈衣宝宝爬服 粉色 80cm,https://img05.miyabaobei.com/d1/p5/2017/08/02/26/2c/262c3289da81f9bc310dd8d3bd0dc022373888334.jpg@base@tag=imgScale&w=447,59.00,https://www.mia.com//item-3268283.html
wua wua 婴儿连体衣春秋新款纯棉薄款哈衣新生儿衣服宝宝外出爬服 176白色 66cm,https://img06.miyabaobei.com/d1/p6/2019/03/29/2f/f9/2ff95ec804091ce460e081e64801ba4b237563440.jpg@base@tag=imgScale&w=447,59.00,https://www.mia.com//item-4039253.html
海绵泡泡 宝宝肩开包屁衣两件装 小轮船 85cm,https://img05.miyabaobei.com/d1/p5/2016/10/07/19/bc/19bc33878c07ad88c85effc1fcacf094289415536.jpg@base@tag=imgScale&w=447,78.00,https://www.mia.com//item-3233325.html
贝壳元素 春装新生儿连体衣男女宝宝爬服xhy0129 桔色狮子 80cm,https://img06.miyabaobei.com/d1/p5/2017/03/02/7f/1a/7f1a0665c52f1360778b0aa4ceb893c1386764057.jpg@base@tag=imgScale&w=447,39.00,https://www.mia.com//item-3392564.html
贝贝怡 连体衣连帽保暖连身衣春季新款婴儿衣服哈衣 宝蓝 90cm,https://img05.miyabaobei.com/d1/p5/2018/01/30/55/6e/556e595e91af399ab5ed51e2247415aa976284302.jpg@base@tag=imgScale&w=447,119.00,https://www.mia.com//item-3268777.html
贝贝怡 婴儿哈衣夏短袖条纹宝宝海军风连体衣纯棉透气爬服 宝蓝 59cm,https://img06.miyabaobei.com/d1/p3/item/12/1269/1269745_topic_1.jpg@base@tag=imgScale&w=447,69.00,https://www.mia.com//item-3270233.html
戴维贝拉 dave&bella 【天丝面料】夏季新款女童连体衣 女宝宝背带裤子DB7516 浅蓝色 130cm,https://img05.miyabaobei.com/d1/p5/2018/05/30/62/e1/62e1be1737a398aa2083f5ccc440b4d4471207222.jpg@base@tag=imgScale&w=447,129.00,https://www.mia.com//item-3286686.html
淘婴库 2019夏季新款初生婴儿衣服短袖宝宝连体衣哈衣薄款纯棉新生儿满月服男女夏装 半袖连体【家训白色 开裆】 73码,https://img06.miyabaobei.com/d1/p6/2019/04/25/6a/50/6a5064485af81b9d63ef262f31da0be1853948190.jpg@base@tag=imgScale&w=447,59.00,https://www.mia.com//item-4339202.html
哈咪奇 女宝宝三角哈衣夏装男婴儿短袖连体衣新生儿爬服薄款夏季包屁衣 冰绿+浅玫红 66cm,https://img05.miyabaobei.com/d1/p6/2019/04/18/57/8c/578c509928072d8b9c6d1b81d98cf7e2802297485.jpg@base@tag=imgScale&w=447,79.00,https://www.mia.com//item-4281724.html
悠哈公仔 婴儿秋装女宝宝夹棉保暖连体哈衣秋冬季男新生儿纯棉衣服爬爬服 粉色 80cm,https://img06.miyabaobei.com/d1/p5/2017/09/04/c5/c0/c5c0cbfecc3e445c0b6c11cfb80cac5f086042461.jpg@base@tag=imgScale&w=447,42.00,https://www.mia.com//item-3519217.html
Cipango 新款可爱宝宝纯棉连体哈衣 婴幼儿爬服 新生儿衣服 白小熊 12M/建议身高80cm,https://img05.miyabaobei.com/d1/p5/2017/08/22/23/70/2370feeaa575f729d7a94f452f8d03bb923509977.jpg@base@tag=imgScale&w=447,40.00,https://www.mia.com//item-3534983.html
贝贝怡 新生儿连体衣天鹅绒婴儿哈衣宝宝多功能爬服 浅粉 90cm,https://img06.miyabaobei.com/d1/p5/item/14/1405/1405752_topic_1.jpg@base@tag=imgScale&w=447,89.00,https://www.mia.com//item-3270400.html
哼哼兔&呵呵兔 新生儿保暖连体衣秋冬季婴儿衣服加厚蝴蝶衣纯棉冬装宝宝棉服 彩云 73cm,https://img05.miyabaobei.com/d1/p5/2017/09/23/96/c9/96c923b7d89ba182e4d54d3fbb0dd7f0700788204.jpg@base@tag=imgScale&w=447,49.00,https://www.mia.com//item-3831468.html
贝贝怡 新生儿衣服婴儿连体衣宝宝爬服哈衣夏装纯棉无袖 淡粉 59cm,https://img06.miyabaobei.com/d1/p1/item/10/1059/1059263_topic_1.jpg@base@tag=imgScale&w=447,49.00,https://www.mia.com//item-3270113.html
贝贝怡 宝宝连体衣春秋装新款纯棉婴儿衣服新生儿家居服 蓝色 100cm,https://img05.miyabaobei.com/d1/p5/2017/08/15/be/9b/be9bab87cf46018e90b14673b17a5c9f665753073.jpg@base@tag=imgScale&w=447,59.00,https://www.mia.com//item-3269672.html
哼哼兔&呵呵兔 女宝宝吊带背心纯棉包屁衣薄款婴儿爬服连体衣夏季三角哈衣 蝴蝶结 80cm,https://img06.miyabaobei.com/d1/p5/2018/03/14/cf/cb/cfcb9ac5ad52ceeb6c79192e70044249336289509.jpg@base@tag=imgScale&w=447,49.00,https://www.mia.com//item-4117875.html
依尔婴 婴儿衣服纯棉春秋冬季装男宝宝睡衣0-3-6个满月周岁新生儿连体衣 425白色绅士 90cm,https://img05.miyabaobei.com/d1/p5/2018/06/14/28/78/28788fb5a9bfe7e88db985f56c15f92f396738894.jpg@base@tag=imgScale&w=447,39.90,https://www.mia.com//item-3529457.html
Cipango 夏季新款可爱宝宝连体哈衣婴幼儿爬服 黄波点小熊 80cm,https://img06.miyabaobei.com/d1/p5/2017/07/05/a7/2f/a72fe092427aca28b26930df2181f072390783562.jpg@base@tag=imgScale&w=447,39.00,https://www.mia.com//item-3534947.html
迪士尼宝宝 婴幼儿爬服纯棉哈衣侧开口宝宝连体衣 淡黄 66cm,https://img05.miyabaobei.com/d1/p2/item/11/1145/1145043_topic_1.jpg@base@tag=imgScale&w=447,59.00,https://www.mia.com//item-3012552.html
wua wua 夏季童装男女宝宝衣服短袖纯棉连体衣婴儿薄款开档爬服新生儿哈衣 18215蓝色 90cm,https://img06.miyabaobei.com/d1/p6/2019/04/26/17/41/1741aec829e8bfe8bca9e0b1db28f251512412242.jpg@base@tag=imgScale&w=447,49.00,https://www.mia.com//item-4170359.html
棉花堂 宝宝针织网眼三角哈衣新生婴儿连体衣婴幼儿夏装薄款哈衣 漫步云端 59cm,https://img05.miyabaobei.com/d1/p6/2019/05/01/f2/88/f2880a892c386bbfd858b141bd4e0650256214109.jpg@base@tag=imgScale&w=447,46.00,https://www.mia.com//item-4380154.html
迷你巴拉巴拉 婴儿包屁衣2018秋季新款新生儿哈衣纯棉印花连体衣 本白1120 80cm两件装,https://img06.miyabaobei.com/d1/p5/2018/07/13/9f/13/9f1363bd10bf3d449054d2c90e601c8a580526495.jpg@base@tag=imgScale&w=447,159.00,https://www.mia.com//item-4097794.html
巴拉巴拉 婴儿连体衣新生儿春装2018新款男女宝宝哈衣套装 浅花灰0011 73cm(73cm两件装),https://img05.miyabaobei.com/d1/p5/2018/03/16/8e/39/8e398bd328764ea8b42f953692d9fa51666135632.jpg@base@tag=imgScale&w=447,59.00,https://www.mia.com//item-3555248.html
巴拉巴拉 婴儿连体衣秋冬哈衣新生儿衣服宝宝爬服潮服0-3个月加厚 咖啡5820 90cm,https://img06.miyabaobei.com/d1/p5/2018/08/24/2c/4b/2c4b36106e681129b817d9e6f807c2f1782948992.jpg@base@tag=imgScale&w=447,99.00,https://www.mia.com//item-3555024.html
wua wua 婴儿连体衣春秋新款0-12个月宝宝纯棉哈衣爬爬服可爱卡通外出服 127紫色 80cm,https://img05.miyabaobei.com/d1/p6/2019/01/15/3e/ea/3eea76181939858b74103aca30cb829b497016292.jpg@base@tag=imgScale&w=447,59.00,https://www.mia.com//item-3527862.html
迷你巴拉巴拉 婴儿秋款连帽连体衣2018新款童装男女宝宝拼接衣爬服 深卡其5740 90cm,https://img06.miyabaobei.com/d1/p5/2018/07/27/ba/53/ba539194c55a476f6acf99c9dd3659b3900272513.jpg@base@tag=imgScale&w=447,269.00,https://www.mia.com//item-4098263.html
哼哼兔&呵呵兔 宝宝衣服女0-1岁夏季婴儿短袖纱布连体衣新生儿开裆爬服超 礼物 80cm,https://img05.miyabaobei.com/d1/p5/2018/04/05/f9/38/f9387614dfebaf3dd535fa68ccf868dd996973637.jpg@base@tag=imgScale&w=447,55.00,https://www.mia.com//item-4117895.html
贝贝怡 婴儿包屁衣春秋装纯棉长袖宝宝三角哈衣连体衣家居服 杏色 66cm,https://img06.miyabaobei.com/d1/p1/item/10/1059/1059535_topic_1.jpg@base@tag=imgScale&w=447,49.00,https://www.mia.com//item-3271008.html
歌歌宝贝 包屁衣夏宝宝连体衣夏季短袖三角哈衣薄款爬服婴儿睡衣 灰色 59cm,https://img05.miyabaobei.com/d1/p5/2018/01/18/e5/78/e5789e1302902c15474e781fad3e1130676662846.jpg@base@tag=imgScale&w=447,29.90,https://www.mia.com//item-3375229.html
迷你巴拉巴拉 婴儿秋款圆领连体衣2018新款男女宝宝纯棉哈衣爬服 宝蓝8710 66cm,https://img06.miyabaobei.com/d1/p5/2018/07/17/6c/62/6c6293fc72290d3698cb6b0aa968d5d7361621437.jpg@base@tag=imgScale&w=447,239.00,https://www.mia.com//item-4097804.html
麦拉贝拉 婴儿夏季无袖薄款爬服 浅咖色小黄鸡 73cm,https://img05.miyabaobei.com/d1/p5/2017/05/11/78/3b/783b92006688b0ff5a66ee762dc71b90843157327.jpg@base@tag=imgScale&w=447,49.00,https://www.mia.com//item-3455637.html
minizone 宝宝春秋季长袖纯棉连体衣打底衣 白河马 73cm,https://img06.miyabaobei.com/d1/p1/item/10/1073/1073875_topic_1.jpg@base@tag=imgScale&w=447,35.00,https://www.mia.com//item-3231065.html
贝壳元素 春秋新款纯棉新生儿长袖哈衣薄款01岁xhy0209 漂亮妈妈 66cm,https://img05.miyabaobei.com/d1/p5/2018/07/04/fa/46/fa46bacade284a94787fa10feeb30055864584968.jpg@base@tag=imgScale&w=447,59.00,https://www.mia.com//item-3392494.html
哼哼兔&呵呵兔 婴儿衣服夏装新生儿三角包屁衣夏季哈衣宝宝无袖连体衣 法式小胡子 90cm,https://img06.miyabaobei.com/d1/p5/2018/03/17/cf/53/cf5326d0db9af079764bd55284eb83a9853378888.jpg@base@tag=imgScale&w=447,49.00,https://www.mia.com//item-3832338.html
海绵泡泡 新生短袖背 黄羊 52cm,https://img05.miyabaobei.com/d1/p3/item/12/1283/1283470_topic_1.jpg@base@tag=imgScale&w=447,18.00,https://www.mia.com//item-3233340.html
迪士尼宝宝 宝宝夏季条纹侧开连体衣 浅蓝 80cm,https://img06.miyabaobei.com/d1/p3/item/12/1269/1269789_topic_1.jpg@base@tag=imgScale&w=447,72.00,https://www.mia.com//item-3011841.html
wua wua 婴儿衣服春季新款纯棉内衣新生儿连体衣宝宝哈衣爬爬服 闭档蓝色 66cm,https://img05.miyabaobei.com/d1/p6/2019/03/16/da/d0/dad0e6dd2c40a349b1342772cabe2eca058723322.jpg@base@tag=imgScale&w=447,49.00,https://www.mia.com//item-3527946.html
艾酷熊 新生儿纯棉卡通连体衣哈衣婴幼儿带围嘴连体衣宝宝长袖爬服 小鹿黄色 59cm,https://img06.miyabaobei.com/d1/p6/2019/03/10/d3/05/d3054cff2b7f51449a74d27c70cc04a2121436685.jpg@base@tag=imgScale&w=447,49.90,https://www.mia.com//item-3066866.html
罗町 2019 夏季新款 宝宝短袖三角连体衣薄款纯棉  包屁哈衣卡通印花多色  66cm-90cm 帆船 90cm,https://img05.miyabaobei.com/d1/p6/2019/03/21/b8/a6/b8a63171c36f6d1a05d251b5ae977f52411446498.jpg@base@tag=imgScale&w=447,69.00,https://www.mia.com//item-3939531.html
迪士尼宝宝 婴儿衣服夏款新款宝宝前开扣短袖开裆连体衣 米白 90cm,https://img06.miyabaobei.com/d1/p3/item/12/1215/1215885_topic_1.jpg@base@tag=imgScale&w=447,56.00,https://www.mia.com//item-3012644.html
谷斐尔 2件装 轻薄透气网眼无袖夏日宝宝儿童背心两用连体衣爬服0-3岁 猫咪粉色&西瓜蓝色 2条装 100cm,https://img05.miyabaobei.com/d1/p6/2019/03/05/8d/a5/8da535fa0b6e06a071852441da8a00fa769254457.jpg@base@tag=imgScale&w=447,59.90,https://www.mia.com//item-3921453.html
威尔贝鲁 wellber 冬季宝宝纯棉哈衣新生婴儿爬服连身衣加厚保暖 小狗款 59cm,https://img06.miyabaobei.com/d1/p5/2017/09/28/a6/20/a620bd7145a247cd8174ffc04845e782777868097.jpg@base@tag=imgScale&w=447,159.00,https://www.mia.com//item-3205784.html
贝壳元素 春秋新款婴儿大pp裤新生儿哈伦裤子可开档xkz0072 白色(春秋款) 73cm,https://img05.miyabaobei.com/d1/p5/2018/07/06/30/0e/300ee23f3d0123d5d9235222db8e1c95737648794.jpg@base@tag=imgScale&w=447,45.00,https://www.mia.com//item-3392334.html
迷你巴拉巴拉 长袖包屁婴儿衣秋季连体衣新款宝宝三角包屁衣 冰蓝2 73cm,https://img06.miyabaobei.com/d1/p5/2017/12/08/2d/ae/2dae3f5766e493f35e9fa3325b8da3f3283635750.jpg@base@tag=imgScale&w=447,119.00,https://www.mia.com//item-4098482.html
迪士尼宝宝 婴儿连体衣男女宝宝条纹翻领连体衣 藏青 80cm,https://img05.miyabaobei.com/d1/p3/item/12/1272/1272930_topic_1.jpg@base@tag=imgScale&w=447,72.00,https://www.mia.com//item-3012630.html
Cipango 冬季新款可爱宝宝绣花连体哈衣 婴幼儿加厚棉服 蓝色小车 59cm,https://img06.miyabaobei.com/d1/p5/2017/09/11/64/51/6451cbecb4ac5f02f23e62ca6f612c62056086494.jpg@base@tag=imgScale&w=447,99.00,https://www.mia.com//item-3533700.html
迷你巴拉巴拉 婴儿夏季连体衣水手短袖夏装宝宝三角衣男童女童哈衣 深蓝8806 90cm,https://img05.miyabaobei.com/d1/p5/2018/03/10/c0/c9/c0c93ee3edb8026da5fa2a95d2b633e1514794194.jpg@base@tag=imgScale&w=447,159.00,https://www.mia.com//item-4097654.html
悠哈公仔 婴儿衣服短袖爬爬服夏季新生儿连体衣宝宝哈衣0-3月纯棉春秋薄 亮黄拼深蓝 59cm,https://img06.miyabaobei.com/d1/p5/2017/03/26/61/e7/61e7fa23c5bd9c705d0f3e04fccaeb97055641098.jpg@base@tag=imgScale&w=447,15.00,https://www.mia.com//item-3519084.html
Cipango 新款可爱宝宝假两件哈衣 婴幼儿女宝宝衣服 纯棉爬服 7号 80cm,https://img05.miyabaobei.com/d1/p5/2018/04/27/0f/d8/0fd83fcf899cad5a534ea3effb19c600978654049.jpg@base@tag=imgScale&w=447,79.00,https://www.mia.com//item-3533507.html
依尔婴 婴儿衣服夏季满月0-3-6个月周新生儿纯棉宝宝春夏季装绅士连体衣 格子绅士 66cm,https://img06.miyabaobei.com/d1/p5/2018/06/14/f1/00/f100d7f8239cae32c8cfb67af731b67a568184895.jpg@base@tag=imgScale&w=447,39.00,https://www.mia.com//item-3530317.html
wua wua 婴儿连体衣纯棉夏装薄款哈衣男女宝宝空调服婴幼儿夏季爬爬服 920701D短爬黄色 80cm,https://img05.miyabaobei.com/d1/p6/2019/04/03/ca/92/ca9220b04de47fe07da6202b8effe1d2804338423.jpg@base@tag=imgScale&w=447,49.00,https://www.mia.com//item-4170990.html
依芭妮卡 婴儿保暖连体衣0-6个月新生儿衣服宝宝冬装加绒婴幼儿毛衣针织衫 蓝色 73cm,https://img06.miyabaobei.com/d1/p5/2018/10/23/b3/a2/b3a2c3db23f93385930b9e848e8fad18753751500.jpg@base@tag=imgScale&w=447,119.00,https://www.mia.com//item-3321807.html
齐齐熊 婴儿衣男女宝宝长袖纯棉哈衣条纹连体衣 绿色 73,https://img05.miyabaobei.com/d1/p4/2016/10/11/f7/29/f7296fa893e961ad87db517d5e9de3ce608263970.jpg@base@tag=imgScale&w=447,45.00,https://www.mia.com//item-3348059.html
谷斐尔 轻薄透气网眼短袖夏日宝宝儿童短袖两用连体衣爬服0-3岁 猫咪蓝色 80cm,https://img06.miyabaobei.com/d1/p6/2019/03/05/22/a4/22a41403aac44b6d108e3e73493f0ae0718577179.jpg@base@tag=imgScale&w=447,39.90,https://www.mia.com//item-3921541.html
贝贝怡 婴儿包屁衣秋季纯棉条纹男女宝宝衣服连体衣三角哈衣 淡蓝 73cm,https://img05.miyabaobei.com/d1/p1/item/10/1059/1059526_topic_1.jpg@base@tag=imgScale&w=447,49.00,https://www.mia.com//item-3270321.html
麦拉贝拉 新生婴儿纱布连体衣纯棉春夏季空调服哈衣薄款长袖宝宝抱衣 按扣白色 80cm,https://img06.miyabaobei.com/d1/p6/2019/04/23/d0/10/d0108f93fbea05cdd0b7a7907f91ed2d139559617.jpg@base@tag=imgScale&w=447,69.00,https://www.mia.com//item-4308375.html
依尔婴 婴儿连体衣夏薄款纱布衣服哈衣男新生儿夏装宝宝长袖夏季睡衣纱布宝宝哈衣蝴蝶衣薄 西瓜 59cm,https://img05.miyabaobei.com/d1/p6/2019/04/19/ea/bd/eabd2713c799c3fab117eccf2396534e438584102.jpg@base@tag=imgScale&w=447,49.00,https://www.mia.com//item-4286642.html
贝贝怡 婴儿连体衣四季纯棉透气新生儿哈衣宝宝爬服 浅粉 90cm,https://img06.miyabaobei.com/d1/p5/2017/05/24/75/3d/753d6a056eeb9d5b4145d836fa10c167925398452.jpg@base@tag=imgScale&w=447,59.00,https://www.mia.com//item-3269541.html
哼哼兔&呵呵兔 婴儿包屁衣宝宝春秋冬季纯棉长袖宝宝连体衣新生儿三角哈衣 彩云 73cm,https://img05.miyabaobei.com/d1/p5/2017/10/07/d5/5f/d55f6df486bd20f35f2e9f4c6e1e7332470001630.jpg@base@tag=imgScale&w=447,29.00,https://www.mia.com//item-3830530.html
歌歌宝贝 宝宝连体衣春秋婴幼儿连帽外出服新生儿动物造型哈衣爬服 黄色LTY1659 66cm,https://img06.miyabaobei.com/d1/p5/2018/01/05/39/b1/39b13eeefad9b92898044abd4a5a144a313608560.jpg@base@tag=imgScale&w=447,59.00,https://www.mia.com//item-3375263.html
Cipango 新款可爱宝宝长袖哈衣 婴幼儿连体爬服 新生儿衣服 黄色爱心 73cm,https://img05.miyabaobei.com/d1/p5/2017/07/28/cb/9e/cb9ef90ce6e43df5aa06718dade05507204391563.jpg@base@tag=imgScale&w=447,49.00,https://www.mia.com//item-3532607.html
依尔婴 婴儿衣服春秋季纯棉连体衣0-3-6个月男宝宝春装新生儿哈衣爬服 灰色 59cm,https://img06.miyabaobei.com/d1/p5/2017/12/30/46/51/4651a59baf3ae916025bb94bdef13973007189627.jpg@base@tag=imgScale&w=447,49.00,https://www.mia.com//item-3529349.html
谷斐尔 轻薄透气网眼无袖夏日宝宝儿童背心两用连体衣爬服0-3岁 猫咪白色 100cm,https://img05.miyabaobei.com/d1/p6/2019/03/05/8d/a5/8da535fa0b6e06a071852441da8a00fa756481615.jpg@base@tag=imgScale&w=447,39.90,https://www.mia.com//item-3921625.html
Augelute 夏季宝宝短袖三角包屁衣爬服3件装 蓝色 90cm,https://img06.miyabaobei.com/d1/p2/item/11/1171/1171355_topic_1.jpg@base@tag=imgScale&w=447,83.00,https://www.mia.com//item-3230684.html
南极人 Nanjiren 春秋新款纯棉纱布婴儿分腿连体衣连帽哈衣 四季婴装童装 蓝色佩奇 59cm,https://img05.miyabaobei.com/d1/p5/2018/07/11/fe/47/fe4717a3fdf4a10cdfb88fbf1ec8e36a768405002.jpg@base@tag=imgScale&w=447,106.00,https://www.mia.com//item-3176298.html
迷你巴拉巴拉 宝宝三角衣2019夏装新款婴儿连体衣外出和尚服两件装 本白1120 90cm,https://img06.miyabaobei.com/d1/p6/2019/03/10/63/41/63416542ff487173b98ad9f9260731b6939272802.jpg@base@tag=imgScale&w=447,139.00,https://www.mia.com//item-4098344.html
悠哈公仔 婴儿保暖连体衣秋冬装6-12月男女宝宝加厚爬服新生儿夹棉外出衣服 蓝色 73cm,https://img05.miyabaobei.com/d1/p5/2018/11/19/85/d3/85d356fe7fad8cc04023be40f6f4466c948755291.jpg@base@tag=imgScale&w=447,39.00,https://www.mia.com//item-3518723.html
南极人 Nanjiren 童装新生儿连体衣春季新款婴儿爬服宝宝长袖哈衣 线条小星星浅灰 73cm,https://img06.miyabaobei.com/d1/p6/2019/02/26/81/49/81498258ec5fb5154adbd43ee29e8018515845415.jpg@base@tag=imgScale&w=447,79.00,https://www.mia.com//item-3307993.html
minizone 夏季宝宝平角翻领短袖连体哈衣爬服 紫色 66cm,https://img05.miyabaobei.com/d1/p5/2018/05/02/6e/ad/6ead08e0b906d32eeb1cc08655c69cfe439791518.jpg@base@tag=imgScale&w=447,42.00,https://www.mia.com//item-3230896.html
贝贝怡 男宝宝婴儿连体衣春秋新款卡通加绒保暖哈衣爬爬服 大红 66cm,https://img06.miyabaobei.com/d1/p5/item/14/1404/1404147_topic_1.jpg@base@tag=imgScale&w=447,79.00,https://www.mia.com//item-3270640.html
舒贝怡 新生儿夏季短袖哈衣0-1岁睡衣薄款爬爬服 对开 粉色 80cm,https://img05.miyabaobei.com/d1/p5/2018/02/22/16/57/165718d3d30a0bbb8d5594ffd8499b1a851463808.jpg@base@tag=imgScale&w=447,39.90,https://www.mia.com//item-3806666.html
Cipango 夏季新款可爱宝宝三角爬服 婴幼儿纯棉哈衣 新生儿衣服 红色小猴 80cm,https://img06.miyabaobei.com/d1/p6/2019/04/18/32/f7/32f7fcfaea7b2463cfc665dde36b614b748723298.jpg@base@tag=imgScale&w=447,49.00,https://www.mia.com//item-4281012.html
猪猪的故事 网红婴儿服可爱公主婴儿衣服夏薄款女宝宝包屁衣婴幼儿连体衣夏装 黑白五星 66cm,https://img05.miyabaobei.com/d1/p6/2019/04/24/a0/64/a064b02db0d5a6fb47425d8c746f9940688678613.jpg@base@tag=imgScale&w=447,99.00,https://www.mia.com//item-4346239.html
巴拉巴拉 新生儿婴儿连体衣哈衣宝宝包屁衣秋装纯棉长袖休闲居家潮 冰蓝8015 73cm,https://img06.miyabaobei.com/d1/p5/2018/07/26/9a/a4/9aa42097093f21a4fe80304daf101da1014773070.jpg@base@tag=imgScale&w=447,99.00,https://www.mia.com//item-3555660.html
依尔婴 婴儿连体衣春秋季薄款纯棉0-3个月宝宝夏装哈衣爬新生儿连体衣服 萝卜 90cm,https://img05.miyabaobei.com/d1/p5/2018/08/12/51/ed/51ed3415b901d8080bc291589241e16a548273009.jpg@base@tag=imgScale&w=447,39.90,https://www.mia.com//item-3529819.html
英氏 婴儿连体衣 男女宝宝薄夹棉连帽哈衣 173434-173437 粉色 173437 80cm,https://img06.miyabaobei.com/d1/p5/2017/12/19/63/e1/63e16c0b8eeef557ef1d72187c3f4648711037134.jpg@base@tag=imgScale&w=447,576.00,https://www.mia.com//item-4243475.html
麦拉贝拉 婴儿春秋冬季三层保暖连体哈衣 绿色开裆 80cm,https://img05.miyabaobei.com/d1/p5/2017/08/28/3a/a4/3aa4d49a48302455d64d4b365c67916c021894746.jpg@base@tag=imgScale&w=447,63.00,https://www.mia.com//item-3454716.html
南极人 Nanjiren 婴儿连体衣宝宝纯棉纱布哈衣新生儿夏季薄款短袖网纱爬服 粉色一开裆 66cm,https://img06.miyabaobei.com/d1/p5/2018/04/10/c4/51/c451c4c318ff93c9d453ab87a8ae7442318367187.jpg@base@tag=imgScale&w=447,46.00,https://www.mia.com//item-3951702.html
宝然 新生儿衣服秋冬保暖连体哈衣婴儿包手包脚爬服男女宝宝连身衣服 粉色 66cm,https://img05.miyabaobei.com/d1/p5/2017/08/28/58/f9/58f977a68596a5db9342a7de0b0fa7b0291788825.jpg@base@tag=imgScale&w=447,58.00,https://www.mia.com//item-3458547.html
迷你巴拉巴拉 男女宝宝夏季连体衣2019新款婴儿衣服印花外出连体服 奶黄M0202192115 66cm,https://img06.miyabaobei.com/d1/p6/2019/05/10/1f/d9/1fd94ec05846a77dbfddfe06a2a6a774756984547.jpg@base@tag=imgScale&w=447,79.90,https://www.mia.com//item-4430623.html
Cipango 夏季新款可爱宝宝条纹平角爬服 婴幼儿纯棉哈衣 新生儿衣服 灰色狐狸 66cm,https://img05.miyabaobei.com/d1/p6/2019/04/18/65/9d/659d5cf1cb9f0016d22f6da69865f84e710004710.jpg@base@tag=imgScale&w=447,49.00,https://www.mia.com//item-4280896.html
迷你巴拉巴拉 婴儿三角衣夏装新款爬服男女宝宝包屁衣纯棉连体衣薄 粉红M0242192112 73cm,https://img06.miyabaobei.com/d1/p6/2019/05/10/04/0e/040e83f232c75f0976fd88d124d3f0c1761079263.jpg@base@tag=imgScale&w=447,99.90,https://www.mia.com//item-4430593.html
迷你巴拉巴拉 婴儿纯棉连体衣2019春新款宝宝仙人掌印花爬服可开档 白绿色调0314 73cm,https://img05.miyabaobei.com/d1/p6/2018/12/19/f6/ef/f6ef888c7e9ccf0bf8bece06d21ec979814252253.jpg@base@tag=imgScale&w=447,139.00,https://www.mia.com//item-4098754.html
歌歌宝贝 婴儿连体衣夏季薄款宝宝短袖哈衣纯棉夏装新生儿衣服开档 粉红色 73cm,https://img06.miyabaobei.com/d1/p5/2018/04/21/f6/58/f65861fcb70b134d231ba00b7e77a871797262539.jpg@base@tag=imgScale&w=447,39.00,https://www.mia.com//item-3375432.html
依尔婴 初婴儿衣服夏季装男宝宝0-3-6-12个月满哈衣薄款纯棉新生儿连体衣 粉条领结 80cm,https://img05.miyabaobei.com/d1/p5/2018/04/26/98/56/98560c46640b79f10f9ab407ea66ecbc090924624.jpg@base@tag=imgScale&w=447,49.00,https://www.mia.com//item-3527829.html
哼哼兔&呵呵兔 婴儿包屁衣宝宝春秋冬季纯棉长袖宝宝连体衣新生儿三角哈衣 彩云 73cm,https://img06.miyabaobei.com/d1/p5/2018/01/18/9c/04/9c0464260858ef4851ff64e19f67cc9b437106609.jpg@base@tag=imgScale&w=447,59.00,https://www.mia.com//item-3831140.html
贝贝怡 婴儿连体衣春秋纯棉新生儿衣服0-3-6个月宝宝和尚服 淡黄 52cm,https://img05.miyabaobei.com/d1/p5/2017/05/19/26/ed/26edcf580ee82c061f688a701a0aa4cb610287628.jpg@base@tag=imgScale&w=447,39.90,https://www.mia.com//item-3270569.html
贝贝怡 婴儿连体衣春秋季彩棉长袖男女宝宝哈衣爬服新生儿衣服 卡其 66cm,https://img06.miyabaobei.com/d1/p5/2017/09/13/99/af/99af3002750384a15b7af2a8e53c0f38844853537.jpg@base@tag=imgScale&w=447,59.00,https://www.mia.com//item-3271357.html
歌歌宝贝 新生儿包屁衣长袖纯棉衣服宝宝连体衣婴儿三角哈衣春秋装 桔色 59cm,https://img05.miyabaobei.com/d1/p5/2017/08/01/84/b1/84b1b33553696121e43c28b789ce0daf689466250.jpg@base@tag=imgScale&w=447,29.00,https://www.mia.com//item-3376123.html
淘婴库 婴儿衣服短袖连体衣夏季新款流行潮词闭裆爬爬服 一起尬舞粉色+小公举短爬服 73码,https://img06.miyabaobei.com/d1/p5/2018/04/28/ef/65/ef6594ef915e45a7cb41911025f52f7a946553823.jpg@base@tag=imgScale&w=447,69.00,https://www.mia.com//item-3325973.html
minizone 夏季款男女宝宝婴儿翻领短袖休闲三角哈爬服包屁衣衣服 黄色 80cm,https://img05.miyabaobei.com/d1/p6/2019/04/25/4b/6b/4b6b5c6125a3010c54da32f6749d5e8b616305810.jpg@base@tag=imgScale&w=447,42.00,https://www.mia.com//item-4326930.html
淘婴库 婴儿连体衣夏季纯棉宝宝半袖哈衣0-3岁男女童衣服6薄款 bA23j 按扣老虎短爬服 咖色 80码,https://img06.miyabaobei.com/d1/p5/2018/04/10/36/0c/360ce609a96e42d26b2caa978ad79362373292337.jpg@base@tag=imgScale&w=447,49.00,https://www.mia.com//item-3325660.html
minizone 春秋超酷功夫造型宝宝长袖连体哈衣爬服 黄色 90cm,https://img05.miyabaobei.com/d1/p1/item/10/1073/1073897_topic_1.jpg@base@tag=imgScale&w=447,57.00,https://www.mia.com//item-3231087.html
歌歌宝贝 婴儿短袖连体衣纯棉宝宝夏装婴幼儿睡薄款新生儿衣服夏季 粉红色 73cm,https://img06.miyabaobei.com/d1/p5/2018/05/17/05/3f/053f3ce31078ad76a839b76e95cdb59b201018664.jpg@base@tag=imgScale&w=447,36.00,https://www.mia.com//item-3375392.html
哼哼兔&呵呵兔 宝宝哈衣连体衣新款婴儿衣服男女宝宝棉衣哈衣新生儿连体衣爬服 橘粉 90cm,https://img05.miyabaobei.com/d1/p5/2017/09/28/70/8b/708b9e1dce765b0215c91af737d6eae1619168440.jpg@base@tag=imgScale&w=447,45.00,https://www.mia.com//item-3832263.html
依尔婴 婴儿连体衣服春秋冬季装纯棉新生儿0-3-6满月周岁哈衣宝宝连体衣 霸道总裁 90cm,https://img06.miyabaobei.com/d1/p5/2018/06/14/89/8a/898ac4dd98f77b24128329219b24618a558038120.jpg@base@tag=imgScale&w=447,39.00,https://www.mia.com//item-3530607.html
谷斐尔 轻薄透气网眼短袖夏日宝宝儿童短袖三角哈衣包屁衣配加长片0-2岁 猫咪蓝色 90cm,https://img05.miyabaobei.com/d1/p6/2019/03/05/ce/16/ce16d0e5cf2cd710bf92807c74563055677542473.jpg@base@tag=imgScale&w=447,39.90,https://www.mia.com//item-3921717.html
贝贝怡 婴儿连体衣纯棉长袖高领防风保暖宝宝哈衣爬爬服 淡蓝 66cm,https://img06.miyabaobei.com/d1/p5/2018/07/19/16/51/16512a794aaddedc6de666ad01e0e58a898865472.jpg@base@tag=imgScale&w=447,69.00,https://www.mia.com//item-3270380.html
哼哼兔&呵呵兔 婴儿吊带包屁衣夏季超薄男女宝宝三角哈衣婴儿新生儿爬服 水晶蓝猫咪 90cm,https://img05.miyabaobei.com/d1/p5/2018/04/11/84/e3/84e3ac5d7041854fe70edf71e96d4801274003914.jpg@base@tag=imgScale&w=447,39.00,https://www.mia.com//item-3832218.html
依尔婴 新初生婴儿衣服春秋季装0-6个月宝宝礼服男哈衣满月周岁连体衣 竖条绅士 73cm,https://img06.miyabaobei.com/d1/p5/2018/08/27/7a/38/7a382f6f3abeda6cfa6ab775264d09b9541539581.jpg@base@tag=imgScale&w=447,69.00,https://www.mia.com//item-3529527.html
哼哼兔&呵呵兔 新生儿长袖连体衣春秋款婴儿衣服男女宝宝爬服睡衣纯棉哈衣 纸飞机 80cm,https://img05.miyabaobei.com/d1/p5/2017/09/27/10/c7/10c75bf4d6f60f25937a9623a17b23ce158101763.jpg@base@tag=imgScale&w=447,39.00,https://www.mia.com//item-3831348.html
巴拉巴拉 新生儿连体衣婴儿爬服哈衣夏装2018新款女宝宝衣服外出服 粉紫7009 66cm,https://img06.miyabaobei.com/d1/p5/2018/03/22/ff/95/ff95f0b7f9b5e879946c0b22f76f9920203188823.jpg@base@tag=imgScale&w=447,139.90,https://www.mia.com//item-4070006.html
minizone 春秋宝宝纯棉斜开拉链长袖连体哈衣爬服 红色红嘴鸟 73cm,https://img05.miyabaobei.com/d1/p5/2017/09/01/c3/6b/c36b249bfc6bd2c407262fefd4f5e51c451519259.jpg@base@tag=imgScale&w=447,72.00,https://www.mia.com//item-3228780.html
南极人 Nanjiren 婴儿连体衣夏装宝宝短袖纯棉纱布哈衣新生儿爬服薄款开裆闭裆 粉色羽毛一闭裆 66cm,https://img06.miyabaobei.com/d1/p5/2018/05/31/24/f4/24f44e04ca50f2b958b875ef709dab42587902311.jpg@base@tag=imgScale&w=447,59.00,https://www.mia.com//item-3176350.html
minizone 春秋纯色宝宝内衣长袖单排扣连体衣哈衣爬服 灰色 73cm,https://img05.miyabaobei.com/d1/p5/2017/12/25/1a/db/1adb16dd1b6e9985c84dc09da8bf7726879972340.jpg@base@tag=imgScale&w=447,45.00,https://www.mia.com//item-3230418.html
悠哈公仔 新生儿连体衣0-6月初生婴儿和尚爬服衣服宝宝护手包脚哈衣春秋装 黄色 59cm,https://img06.miyabaobei.com/d1/p5/2018/08/07/db/64/db64489bebc862af03eb3c01aa02a9ef040471306.jpg@base@tag=imgScale&w=447,39.00,https://www.mia.com//item-3518743.html
谷斐尔 2条装 轻薄透气网眼短袖夏日宝宝儿童短袖开档连体衣爬服0-2岁 猫咪蓝色&西瓜绿色 2条装 73cm,https://img05.miyabaobei.com/d1/p6/2019/03/05/ba/d3/bad3ceb8fbdba592e71e7e83edf1a525712357591.jpg@base@tag=imgScale&w=447,59.90,https://www.mia.com//item-3921695.html
迷你巴拉巴拉 男女童宝宝三角衣2018夏新婴幼儿舒适装两件套包屁衣 白红色调0216 73cml两件装,https://img06.miyabaobei.com/d1/p5/2018/06/01/ed/82/ed82472e1b33c1ca1c76391124c18fef220708075.jpg@base@tag=imgScale&w=447,139.00,https://www.mia.com//item-4098144.html
齐齐熊 纯棉长袖哈衣卡通小鸡连体衣爬爬服 绿色 66,https://img05.miyabaobei.com/d1/p5/2017/03/08/18/41/1841442a9c71220dd9b20590c74b055e550515640.jpg@base@tag=imgScale&w=447,35.00,https://www.mia.com//item-3347928.html
麦拉贝拉 婴幼儿春秋纯棉连体衣哈衣爬服男女宝宝春秋季外出服 浅灰色 73cm,https://img06.miyabaobei.com/d1/p5/2017/02/10/49/10/4910de192ff503a6bb9ddecab76f2aa0929864023.jpg@base@tag=imgScale&w=447,99.00,https://www.mia.com//item-3455284.html
谷斐尔 2件装 轻薄透气网眼短袖夏日宝宝婴幼儿短袖三角哈衣包屁衣配加长片0-2岁 猫咪蓝色&西瓜白色 2条装 90cm,https://img05.miyabaobei.com/d1/p6/2019/03/05/ce/16/ce16d0e5cf2cd710bf92807c74563055692832455.jpg@base@tag=imgScale&w=447,59.90,https://www.mia.com//item-3921604.html
依尔婴 婴儿连体衣服春秋季纯棉周岁新生儿3-6-12个满月宝宝秋装哈衣爬服 棒球狗 59cm,https://img06.miyabaobei.com/d1/p5/2018/01/14/7f/90/7f90589f8aa2aef1e0c70d2794ed4aa7091229980.jpg@base@tag=imgScale&w=447,49.00,https://www.mia.com//item-3527670.html
依尔婴 婴儿连体睡衣服春秋季纯棉新生儿0-3-6个月宝宝春装新品哈衣爬服 纳福 73cm,https://img05.miyabaobei.com/d1/p5/2018/02/04/9e/0d/9e0d8f1cd4665dbc5ef4aa212d43a4c2135538739.jpg@base@tag=imgScale&w=447,39.00,https://www.mia.com//item-3527532.html
贝壳元素 春装新生儿连体衣男女宝宝外出爬服xhy0126 浅蓝色铁锚 59cm,https://img06.miyabaobei.com/d1/p5/2018/06/14/7a/5c/7a5cc7ed957713bf5bd7519e4eeaa8a1467529743.jpg@base@tag=imgScale&w=447,39.00,https://www.mia.com//item-3392274.html
迪士尼宝宝 婴儿连体衣纯棉新生儿内衣侧开扣爬服 淡蓝 73cm,https://img05.miyabaobei.com/d1/p2/item/11/1145/1145196_topic_1.jpg@base@tag=imgScale&w=447,59.00,https://www.mia.com//item-3012731.html
谷斐尔 轻薄透气网眼短袖夏日宝宝儿童吊带三角哈衣包屁衣配加长片0-2岁 猫咪绿色 90cm,https://img06.miyabaobei.com/d1/p6/2019/03/05/48/4f/484f65457a8dc7f5a6651ab32fe31ae5664429401.jpg@base@tag=imgScale&w=447,39.90,https://www.mia.com//item-3921802.html
依尔婴 初生婴儿连体衣服春夏女宝宝秋季0-1-2岁哈衣爬服长袖纯棉连体衣 粉色小羊 80cm,https://img05.miyabaobei.com/d1/p5/2018/06/14/4e/f7/4ef7331f78dd696102473d8d1be593f5566555082.jpg@base@tag=imgScale&w=447,49.00,https://www.mia.com//item-3530477.html
歌歌宝贝 包屁衣长袖纯棉新生儿衣服宝宝连体衣婴儿三角哈衣春秋 烟灰色 66cm,https://img06.miyabaobei.com/d1/p5/2017/09/26/f5/ca/f5cad3f07945983d106aaf7345fef185902066770.jpg@base@tag=imgScale&w=447,39.00,https://www.mia.com//item-3375591.html
minizone 10色可选|春秋夏宝宝长袖三角连体衣哈衣爬服 G灰色划船印花 73cm,https://img05.miyabaobei.com/d1/p5/2018/01/30/b3/68/b368b10945905240d874daab44ce9b05052179696.jpg@base@tag=imgScale&w=447,45.00,https://www.mia.com//item-3989064.html
迷你巴拉巴拉 新生儿连体衣套头开裆设计2019春新男女宝长绒棉套装 冰蓝8015 73cm,https://img06.miyabaobei.com/d1/p5/2018/12/13/7d/fa/7dfabba2f6a32da8f6860ef0022486ed675597351.jpg@base@tag=imgScale&w=447,159.00,https://www.mia.com//item-4098201.html
wua wua 婴儿衣服0-12个月短袖连体衣男女宝宝纯棉三角哈衣包屁衣夏季薄款连身衣 231浅粉 90cm,https://img05.miyabaobei.com/d1/p5/2018/03/27/91/b0/91b05be63c5f21dbec85b1c8250d024b466718469.jpg@base@tag=imgScale&w=447,49.00,https://www.mia.com//item-4265325.html
哼哼兔&呵呵兔 婴儿长袖连体衣春秋款宝宝纯棉开裆连体衣哈衣爬服新生儿衣服 奶牛 59cm,https://img06.miyabaobei.com/d1/p5/2017/10/06/10/7a/107a951b59b6f194194ed7badfd76c63943152028.jpg@base@tag=imgScale&w=447,36.00,https://www.mia.com//item-3831754.html
贝贝怡 婴儿连体衣春秋装纯棉长袖男女宝宝哈衣前开扣爬服 红灰 59cm,https://img05.miyabaobei.com/d1/p2/item/11/1141/1141174_topic_1.jpg@base@tag=imgScale&w=447,69.00,https://www.mia.com//item-3270413.html
贝壳元素 春秋新款新生儿卡通连体衣男宝宝外出爬服xhy0205 蓝色字母 80cm,https://img06.miyabaobei.com/d1/p5/2018/07/04/8d/e2/8de256206054fb9b4249c3ae2361f4e8910965537.jpg@base@tag=imgScale&w=447,45.00,https://www.mia.com//item-3392424.html
哼哼兔&呵呵兔 婴儿长袖连体衣春秋款宝宝纯棉开裆连体衣哈衣爬服新生儿衣服 粉色三角形 90cm,https://img05.miyabaobei.com/d1/p5/2018/01/14/3a/2a/3a2a8ad8c90258f5fc1c43550724af7f161879559.jpg@base@tag=imgScale&w=447,49.00,https://www.mia.com//item-3832126.html
贝贝怡 婴儿秋装新款卡通纯棉长袖宝宝春秋连体衣新生儿衣服 蓝色 66cm,https://img06.miyabaobei.com/d1/p5/2017/08/15/d9/a1/d9a187056010ac2d0a18fdb05f18cf5e658798929.jpg@base@tag=imgScale&w=447,59.00,https://www.mia.com//item-3269437.html
马克珍妮 春装男女宝宝家居服连体衣 宝宝哈衣爬服19337 粉樱桃 99cm,https://img05.miyabaobei.com/d1/p6/2019/02/20/96/e3/96e3b3d4fca3cc544b84679e6e9e63ec273338431.jpg@base@tag=imgScale&w=447,79.00,https://www.mia.com//item-3248701.html
巴拉巴拉 婴儿连体衣哈衣新生儿秋冬衣服0-1岁宝宝睡衣包屁衣睡衣 本白1120 73cm,https://img06.miyabaobei.com/d1/p5/2018/08/24/20/1c/201cf59d01b40eabc287cf34ffe1d58d747694110.jpg@base@tag=imgScale&w=447,159.00,https://www.mia.com//item-3555570.html
minizone 春秋纯色新生儿宝宝内衣长袖单排扣三角哈衣爬服 蓝色 90cm,https://img05.miyabaobei.com/d1/p5/2017/12/25/18/88/1888811d70248fb4aa8f232546d4d1d6894181822.jpg@base@tag=imgScale&w=447,39.00,https://www.mia.com//item-3229816.html
迪士尼宝宝 婴儿包屁衣新生儿宝宝四季长袖纯棉 淡黄 73cm,https://img06.miyabaobei.com/d1/p2/item/11/1145/1145458_topic_1.jpg@base@tag=imgScale&w=447,49.00,https://www.mia.com//item-3013004.html
巴拉巴拉 纯棉时尚爬服哈衣夏装2018新款男婴儿新生儿连体衣连身衣 浅花灰0011 73cm,https://img05.miyabaobei.com/d1/p5/2018/03/08/02/26/02267e2049913a728ecc121597aa366b009102642.jpg@base@tag=imgScale&w=447,79.90,https://www.mia.com//item-4070158.html
忆爱 婴儿连体衣服背心式哈衣短袖新生儿外出服夏装宝宝开档爬服棉薄款 小狗黄色 80cm,https://img06.miyabaobei.com/d1/p6/2019/02/28/4a/3d/4a3d23b44875d329c8cf9068ed5b9041230523378.jpg@base@tag=imgScale&w=447,49.00,https://www.mia.com//item-3765354.html
罗町 春秋婴儿连体衣秋季宝宝春秋双色圆点纯棉双层开裆爬爬服3-6个月12婴幼儿哈衣59CM-90CM 浅棕色 80cm,https://img05.miyabaobei.com/d1/p5/2017/09/22/05/18/051854a6a702c81b75ab37f2bdbf2705664124716.jpg@base@tag=imgScale&w=447,89.00,https://www.mia.com//item-3505260.html
舒贝怡 婴儿开档连体衣春秋保暖宝宝哈衣纯棉新生儿衣服春装睡衣春秋 白色 66cm,https://img06.miyabaobei.com/d1/p6/2019/02/20/ef/cc/efcc81c88639dba725bd2fdf4aabef43483607071.jpg@base@tag=imgScale&w=447,39.90,https://www.mia.com//item-3806039.html
舒贝怡 初生婴儿连体春夏季宝宝满月爬服0-1-2岁新生儿哈衣2019新品 黄色 59cm,https://img05.miyabaobei.com/d1/p6/2019/04/15/cc/98/cc98dd3028b728d9514895a246d97811914198929.jpg@base@tag=imgScale&w=447,39.90,https://www.mia.com//item-4254407.html
歌歌宝贝 婴儿连体衣夏0宝宝衣服1竹节棉无袖哈衣3-6个月薄款爬服 粉红色 59cm,https://img06.miyabaobei.com/d1/p5/2018/01/31/1f/92/1f929d40b87c66b75172ca4c764d25a4662092578.jpg@base@tag=imgScale&w=447,29.90,https://www.mia.com//item-3375939.html
谷斐尔 2件装 轻薄透气网眼短袖夏日婴幼儿宝宝儿童吊带三角哈衣包屁衣配加长片0-2岁 猫咪粉色&西瓜蓝色 2条装 90cm,https://img05.miyabaobei.com/d1/p6/2019/03/05/48/4f/484f65457a8dc7f5a6651ab32fe31ae5670762780.jpg@base@tag=imgScale&w=447,59.90,https://www.mia.com//item-3921842.html
优贝宜 婴儿卡通无袖连体衣宝宝纯棉哈衣夏季新生儿夏装衣服薄 浅蓝星星 59cm,https://img06.miyabaobei.com/d1/p6/2019/04/09/af/73/af7326096cc550afd4a21e426fa8f17f001021438.jpg@base@tag=imgScale&w=447,32.80,https://www.mia.com//item-3925319.html
淘婴库 宝宝夏装无袖吊带纯棉连体衣婴儿短爬服男女宝宝哈衣 彩虹小鸟吊带蓝 66码,https://img05.miyabaobei.com/d1/p5/2018/06/13/dd/da/ddda6cde6a64b9f7110a6b22b8d2652f690863734.jpg@base@tag=imgScale&w=447,49.00,https://www.mia.com//item-3325043.html
马克珍妮 新款夏装男宝宝乌龟父子纯棉连体衣19512 乌龟父子 66cm(12M建议身高66cm),https://img06.miyabaobei.com/d1/p6/2019/05/16/3c/08/3c08f36c5a450d936129d6dae302b72d938525748.jpg@base@tag=imgScale&w=447,69.00,https://www.mia.com//item-4462253.html
歌歌宝贝 婴儿短袖连体衣宝宝哈衣薄款夏季睡衣新生儿衣服纯棉夏装 LTYX01桔色 100cm,https://img05.miyabaobei.com/d1/p6/2019/03/23/05/fb/05fb81b265f22798aa61d0c772a75420216278799.jpg@base@tag=imgScale&w=447,39.90,https://www.mia.com//item-3841963.html
罗町 2019新款冬季婴儿加厚服樱桃印花图案魔法帽细绒加厚1200G冬款保暖连体爬行服59CM-90CM 粉红色 66cm,https://img06.miyabaobei.com/d1/p5/2018/11/20/c1/5f/c15fe1cb0febea15da3ac75e5755e8f1864331539.jpg@base@tag=imgScale&w=447,129.00,https://www.mia.com//item-3505092.html
谷斐尔 轻薄透气网眼短袖夏日宝宝儿童短袖开档连体衣爬服0-2岁 猫咪绿色 73cm,https://img05.miyabaobei.com/d1/p6/2019/03/05/ba/d3/bad3ceb8fbdba592e71e7e83edf1a525703127620.jpg@base@tag=imgScale&w=447,39.90,https://www.mia.com//item-3921760.html
贝贝怡 婴儿连体衣纯棉透气新生儿哈衣男女宝宝爬服 米白 80cm,https://img06.miyabaobei.com/d1/p5/2017/05/24/e6/5a/e65a068106f10f61f10e073c47596f35149927410.jpg@base@tag=imgScale&w=447,59.00,https://www.mia.com//item-3268373.html
迪士尼宝宝 新生儿衣服婴儿包屁衣宝宝长袖纯棉 米白 59cm,https://img05.miyabaobei.com/d1/p2/item/11/1144/1144962_topic_1.jpg@base@tag=imgScale&w=447,49.00,https://www.mia.com//item-3012582.html
贝贝怡 婴儿开裆连体衣纯棉透气新生儿衣服宝宝哈衣 米白 59cm,https://img06.miyabaobei.com/d1/p5/2017/05/23/41/e3/41e3c06f75cc3971b6ec110914fed148380118587.jpg@base@tag=imgScale&w=447,59.00,https://www.mia.com//item-3268633.html
海绵泡泡 条纹前开襟开档连体爬衣 黄条纹 80cm,https://img05.miyabaobei.com/d1/p5/2017/06/02/b8/3a/b83a4d85553ee30b04c1328206ff52d4700468640.jpg@base@tag=imgScale&w=447,49.00,https://www.mia.com//item-3233189.html
哼哼兔&呵呵兔 女宝宝连体衣夏装纯棉百天0-1岁满月3个月新生儿哈衣婴儿衣服夏季 粉西瓜 59cm,https://img06.miyabaobei.com/d1/p5/2018/03/15/24/3e/243e56be1f2ce58a91d20940f65bd81e918792005.jpg@base@tag=imgScale&w=447,79.00,https://www.mia.com//item-3831694.html
宝然 宝宝衣服夏季纱布连体哈衣婴儿纯棉爬服长袖开衫空调服睡衣 蓝色 66cm,https://img05.miyabaobei.com/d1/p5/2018/05/11/f2/ff/f2ffccd3aa0afb05c1c38100669f877e089806549.jpg@base@tag=imgScale&w=447,45.00,https://www.mia.com//item-3458765.html
Cipango 夏季新款婴幼儿连体爬服 斜开扣黄条纹 80cm,https://img06.miyabaobei.com/d1/p5/2017/06/17/c3/8a/c38a22c5b53626ec235f55588e0edbef804898322.jpg@base@tag=imgScale&w=447,39.00,https://www.mia.com//item-3532687.html
巴拉巴拉 婴儿连体衣哈衣新生儿秋冬衣服宝宝睡衣包屁衣0-3个月 浅花灰0011 73cm,https://img05.miyabaobei.com/d1/p5/2018/08/24/b8/9d/b89d119084ac566bde8602d0127b9630750779367.jpg@base@tag=imgScale&w=447,139.00,https://www.mia.com//item-3555244.html
淘婴库 童装婴儿连体衣夏天新生儿衣服宝宝衣服短爬服夏款薄哈衣外出服 小白兔短爬服 80码,https://img06.miyabaobei.com/d1/p5/2018/03/09/62/10/62100e9480defd928b1d2585cb659773741917382.jpg@base@tag=imgScale&w=447,45.00,https://www.mia.com//item-3325493.html
宝然 女宝宝连体哈衣春秋长袖爬服翻领外出服连身衣 粉色 66cm,https://img05.miyabaobei.com/d1/p5/2016/10/21/a8/d5/a8d554b105b01a7466113f75694e124a235779179.jpg@base@tag=imgScale&w=447,65.00,https://www.mia.com//item-3458595.html
酷尾巴/COBROO 酷尾巴 婴儿夏季包屁衣服0-6个月男女宝宝哈衣爬服新生儿衣服薄 粉蓝 59cm,https://img06.miyabaobei.com/d1/p5/2018/04/03/be/9b/be9b21ea2e41f5cf65d7b8c27d4e77e4194902327.jpg@base@tag=imgScale&w=447,29.00,https://www.mia.com//item-3518240.html
贝贝怡 婴儿包屁衣长袖纯棉条纹新生儿衣服宝宝内衣三角哈衣 淡黄 66cm,https://img05.miyabaobei.com/item/10/1004/1004692_topic_1.jpg@base@tag=imgScale&w=447,44.90,https://www.mia.com//item-3270914.html
minizone 春秋宝宝长袖休闲连体衣哈衣爬服衣服 灰色麋鹿 66cm,https://img06.miyabaobei.com/d1/p5/2017/11/30/b0/a2/b0a2c5863d784f1388499b24b1afc50e288668620.jpg@base@tag=imgScale&w=447,55.00,https://www.mia.com//item-3230179.html
舒贝怡 新生儿连体衣薄宝宝爬服纯棉男女儿童哈衣0-3岁初生儿夏装2019新品 假两件满印蓝 90cm,https://img05.miyabaobei.com/d1/p6/2019/03/13/3f/de/3fdefc77e16eae747ecc02d6366b5932671216400.jpg@base@tag=imgScale&w=447,39.90,https://www.mia.com//item-3520887.html
舒贝怡 婴儿包屁衣春秋季宝宝连体衣春装新生儿衣服三角哈衣爬服夏季 蓝色长袖款 73cm,https://img06.miyabaobei.com/d1/p5/2018/04/02/60/4a/604a6e323b604589d6373314bcf6af1f366877468.jpg@base@tag=imgScale&w=447,39.90,https://www.mia.com//item-3806439.html
依尔婴 婴儿连体衣春秋夏季宝宝春装男女新生儿婴儿衣服装爬服宝宝连体衣 LTY113粉企鹅 80cm,https://img05.miyabaobei.com/d1/p5/2018/05/15/7d/f0/7df0421b93f93327fcee38db6ad39836488265699.jpg@base@tag=imgScale&w=447,49.00,https://www.mia.com//item-3532097.html
Augelute 夏季婴儿短袖连身衣爬服2件/组 甜甜圈两件组 70cm,https://img06.miyabaobei.com/d1/p5/2017/03/16/15/77/157792c1c46b3980d71b6960a4556745598073814.jpg@base@tag=imgScale&w=447,58.00,https://www.mia.com//item-3230661.html
彩虹叮当 新生婴儿儿衣服婴儿连体衣春装0-3个月6宝宝纯棉哈衣春秋季和尚服2019 中国风 66CM(【建议身高66cm七天无理由退换】),https://img05.miyabaobei.com/d1/p6/2019/04/20/33/8a/338a0c9ac49e6a28a5f055892daff0a6509331004.jpg@base@tag=imgScale&w=447,39.00,https://www.mia.com//item-4290594.html
海绵泡泡 珊瑚绒带帽爬衣 浅蓝 80cm,https://img06.miyabaobei.com/item/10/1015/1015888_topic_1.jpg@base@tag=imgScale&w=447,119.00,https://www.mia.com//item-3233414.html
淘气麦兜 婴儿衣服新生儿用品宝宝哈衣秋季新款爬服初生儿卡通连体衣送礼 MD028-1浅蓝色 80cm,https://img05.miyabaobei.com/d1/p5/2018/04/28/a2/e1/a2e10030412068d3e34460788c778eb5104685906.jpg@base@tag=imgScale&w=447,69.00,https://www.mia.com//item-3428594.html
齐齐熊 婴儿连体衣宝宝纯棉长袖开档哈衣 蓝色 90,https://img06.miyabaobei.com/d1/p5/2017/08/10/4d/a9/4da9efe1c9baaead1d25fbf20f289517319851533.jpg@base@tag=imgScale&w=447,35.00,https://www.mia.com//item-3347943.html
优贝宜 新生儿连体衣婴儿哈衣条纹男女宝宝纯棉三角爬服 彩蓝眼镜熊 66cm,https://img05.miyabaobei.com/d1/p5/2018/07/23/f8/c7/f8c756b1e349d221c9db3dc01d131e76382194470.jpg@base@tag=imgScale&w=447,25.80,https://www.mia.com//item-3441533.html
依尔婴 婴儿夏装0-1岁连体衣超薄款纯棉女宝宝短袖公主哈衣连体衣爬服 黄底碎花 80cm,https://img06.miyabaobei.com/d1/p5/2018/05/17/02/7e/027e2440be78264a3cf5835ad7a67c3f378049782.jpg@base@tag=imgScale&w=447,59.00,https://www.mia.com//item-3529607.html
minizone 7色可选|2件装春秋宝宝新生儿斜开拉链长袖连体衣爬服 蓝色条纹组合 66cm,https://img05.miyabaobei.com/d1/p5/2018/07/26/e3/0a/e30a1e7d0f8c5f9091a3690d919edeac717034910.jpg@base@tag=imgScale&w=447,109.00,https://www.mia.com//item-3229957.html
海绵泡泡 三层暖棉曲线哈衣 蓝条纹 85cm,https://img06.miyabaobei.com/item/10/1013/1013863_topic_2.jpg@base@tag=imgScale&w=447,59.00,https://www.mia.com//item-3233453.html
wua wua 婴幼儿夏季连体衣新生儿纯棉短袖哈衣爬服初生宝宝衣服自带可拆卸围嘴 20219黄色 80cm,https://img05.miyabaobei.com/d1/p6/2019/03/27/59/c0/59c00c39e708028b5c8661f2e923a2cd534669814.jpg@base@tag=imgScale&w=447,49.00,https://www.mia.com//item-4033716.html
依尔婴 婴儿连体衣服秋冬装女宝宝纯棉长袖哈衣男新生儿1岁0春秋季3个月 熊猫 59cm,https://img06.miyabaobei.com/d1/p5/2017/11/07/b5/23/b52374a02b80d954a05bf1664a8aabef197822456.jpg@base@tag=imgScale&w=447,39.90,https://www.mia.com//item-3530522.html
奥伊西 宝宝纯棉印花连帽连体衣婴儿春秋爬服 红色爱心 66码,https://img05.miyabaobei.com/d1/p5/2017/01/20/15/02/1502526b82784379afc601307da863fb070578179.jpg@base@tag=imgScale&w=447,89.00,https://www.mia.com//item-3203939.html
麦拉贝拉 婴儿春秋按扣连体衣男女宝宝爬服哈衣宝宝外穿衣外出服 貂纹皮粉 66cm,https://img06.miyabaobei.com/d1/p5/2017/02/10/6f/3c/6f3c7df5ef4221915e4124b39dbf798c952508768.jpg@base@tag=imgScale&w=447,99.00,https://www.mia.com//item-3455079.html
舒贝怡 婴儿连体衣男宝宝三角爬服新生儿纯棉包屁衣初生儿哈衣女0-6个月2019新品 星空系列粉色 90cm,https://img05.miyabaobei.com/d1/p6/2019/03/20/d0/f7/d0f758701d75601c12c27094b90f7526732717162.jpg@base@tag=imgScale&w=447,29.90,https://www.mia.com//item-3805806.html
海绵泡泡 素色提花单面布长袖哈衣 浅绿 73cm,https://img06.miyabaobei.com/d1/p5/2018/05/29/56/35/5635c2d44d1e5e692ba24f02c193b612803154456.jpg@base@tag=imgScale&w=447,49.00,https://www.mia.com//item-3233429.html
Cipango 夏季宝宝短袖平角哈衣 婴幼儿爬爬服 豆沙粉小熊 59cm,https://img05.miyabaobei.com/d1/p6/2019/05/06/14/17/1417d5812a0631ee3dff6ba45dd2a5dc255889291.jpg@base@tag=imgScale&w=447,49.00,https://www.mia.com//item-4405331.html
Augelute 春秋宝宝学院风领带绅士连身哈衣爬服 灰白 90cm,https://img06.miyabaobei.com/d1/p5/2018/06/27/ec/1b/ec1b75c2e0211269dd7444a9c6c086db913867940.jpg@base@tag=imgScale&w=447,69.00,https://www.mia.com//item-3230581.html
迪士尼宝宝 新生儿连体衣男女宝宝前开短袖爬服夏季 淡粉 73cm,https://img05.miyabaobei.com/d1/p2/item/11/1170/1170817_topic_1.jpg@base@tag=imgScale&w=447,56.00,https://www.mia.com//item-3013036.html
安奈儿 婴童秋衣秋裤套装女童长袖睡衣男童保暖套装1-2-3岁潮 杂色02 110,https://img06.miyabaobei.com/d1/p5/2018/11/08/24/d2/24d27d973f414934ec3adeba06284a40432568917.jpg@base@tag=imgScale&w=447,199.00,https://www.mia.com//item-3154843.html
依尔婴 婴儿连体衣服秋冬季纯棉新生儿0-3-6个月男女宝宝秋装哈衣爬服 小哥哥 73cm,https://img05.miyabaobei.com/d1/p5/2018/07/22/13/3f/133faf167b1ab95543549886332ee54d500366669.jpg@base@tag=imgScale&w=447,39.00,https://www.mia.com//item-3527590.html
麦拉贝拉 秋季卡通多彩系列彩棉哈衣 咖色开裆 73cm,https://img06.miyabaobei.com/d1/p5/2017/07/13/32/b9/32b9758f93feb2323095fa770a7ee7a7330724487.jpg@base@tag=imgScale&w=447,49.00,https://www.mia.com//item-3453976.html
迷你巴拉巴拉 婴儿连体衣2018秋季新款哈衣宝宝和尚服纯棉印花爬服 本白1120 66cm,https://img05.miyabaobei.com/d1/p5/2018/07/13/34/d0/34d06813124391e62f933cb90cde3e71649298543.jpg@base@tag=imgScale&w=447,159.00,https://www.mia.com//item-4097753.html
马克珍妮 夏装男宝宝时尚爬服哈衣连体衣13099 浅蓝 66cm,https://img06.miyabaobei.com/d1/p5/2017/03/28/45/07/4507a6248af69054aa2c15b553c62532861657175.jpg@base@tag=imgScale&w=447,99.00,https://www.mia.com//item-3248842.html
淘婴库 婴儿连体衣春秋冬款0宝宝纯棉6保暖哈衣爬服长袖新生儿秋冬款A23j 小熊保暖开档哈衣 粉色 80码,https://img05.miyabaobei.com/d1/p5/2018/01/26/bc/a9/bca950ff09a6a4689b7cc33a9216856f435139454.jpg@base@tag=imgScale&w=447,49.00,https://www.mia.com//item-3325633.html
依尔婴 婴儿连体睡衣服包脚春秋季装新生儿0-3-6个满月初生宝宝哈衣爬服 乌云飞机 66cm,https://img06.miyabaobei.com/d1/p5/2018/02/04/ea/91/ea91c6fcae58a7e7b162a79b297ceec4301841277.jpg@base@tag=imgScale&w=447,39.90,https://www.mia.com//item-3531547.html
齐齐熊 婴儿卡通小兔子连体衣纯棉宝宝长袖连体衣 黄色 66,https://img05.miyabaobei.com/d1/p5/2017/08/05/8f/98/8f98cfa3f6f2906ef0be9de5bcc99276145907190.jpg@base@tag=imgScale&w=447,39.00,https://www.mia.com//item-3348112.html
哼哼兔&呵呵兔 婴儿连体衣2018夏季新款印花短袖薄款哈衣宝宝纯棉纱布爬服 礼物 66cm,https://img06.miyabaobei.com/d1/p5/2018/06/17/12/ed/12ed15d07273e1b7488675334579197c360405532.jpg@base@tag=imgScale&w=447,53.00,https://www.mia.com//item-3830714.html
哼哼兔&呵呵兔 女宝宝短袖包屁衣夏季新款婴儿可爱蝴蝶结爬服儿童洋气连体衣 紫色 73,https://img05.miyabaobei.com/d1/p6/2019/04/20/49/e8/49e8b262431af2ebe0eb07e0c52f3b8c617093922.jpg@base@tag=imgScale&w=447,39.00,https://www.mia.com//item-4298849.html
齐齐熊 春装婴儿衣服纯棉斜襟长袖哈衣男女宝宝纯棉连体衣爬爬服 蓝色 59,https://img06.miyabaobei.com/d1/p5/2017/08/11/06/f8/06f8d07dd86105a835ecc4ab54b0b6aa407427874.jpg@base@tag=imgScale&w=447,45.00,https://www.mia.com//item-3347879.html
南极人 Nanjiren 儿童婴儿印花纯棉长袖连体爬服哈衣连体衣 浅花灰 66cm,https://img05.miyabaobei.com/d1/p5/2017/08/25/31/4a/314a4c88141a4a31a57790f968bae40e485091668.jpg@base@tag=imgScale&w=447,59.00,https://www.mia.com//item-3371136.html
哼哼兔&呵呵兔 婴儿包脚连体衣春秋款宝宝摇粒绒保暖长袖哈衣爬服双向拉链款 豹纹 80cm,https://img06.miyabaobei.com/d1/p5/2017/09/21/7f/70/7f7032873e6454cd53fa446de3e63b3f003456892.jpg@base@tag=imgScale&w=447,45.00,https://www.mia.com//item-3832115.html
哼哼兔&呵呵兔 宝宝连体衣蝴蝶结肩开扣连体衣 婴儿纯棉蝴蝶结爬服宝宝外出服 豹纹 59cm,https://img05.miyabaobei.com/d1/p5/2017/10/06/0a/c5/0ac5698be1528b94c81f6dad20de9345732915302.jpg@base@tag=imgScale&w=447,45.00,https://www.mia.com//item-3831848.html
小小萌 春秋冬季婴儿双层加厚纯棉哈衣 蓝白条纹 80cm,https://img06.miyabaobei.com/d1/p6/2019/01/02/92/58/92583aa0023db494d1b6445128c3d0cd402471989.jpg@base@tag=imgScale&w=447,79.00,https://www.mia.com//item-3775841.html
迷你巴拉巴拉 婴儿碎花连体衣2019夏装新款童装男女宝宝哈衣爬服 紫白色调0371 90cm,https://img05.miyabaobei.com/d1/p6/2019/03/10/26/26/262671a4102f99f67f191fcb108ebf6f953746599.jpg@base@tag=imgScale&w=447,89.90,https://www.mia.com//item-4098784.html
Cipango 新款可爱宝宝圣诞款纯棉哈衣 黄色圣诞鹿 66cm,https://img06.miyabaobei.com/d1/p5/2016/12/19/e9/a9/e9a916fcc71511f62f77edc826a99795420389183.jpg@base@tag=imgScale&w=447,42.00,https://www.mia.com//item-3535107.html
贝贝怡 婴儿衣服夏季男女宝宝夏装背心开裆连体衣哈衣 米白 73cm,https://img05.miyabaobei.com/d1/p1/item/10/1076/1076884_topic_1.jpg@base@tag=imgScale&w=447,49.00,https://www.mia.com//item-3270151.html
棉花堂 婴儿宝宝纯棉纱布连体衣薄款2019春夏儿童短袖哈衣爬服睡衣 粉羽 80cm,https://img06.miyabaobei.com/d1/p6/2019/05/01/85/77/8577b69fd16d2671510b6011501ba9c2168796752.jpg@base@tag=imgScale&w=447,46.00,https://www.mia.com//item-4380087.html
小小萌 婴儿新生儿男女童长袖哈衣三角爬服连体衣包屁衣 短袖粉色3件装 100cm,https://img05.miyabaobei.com/d1/p6/2019/02/14/b7/74/b77467cdb2efe443d9320fbed37ae8a4525933009.jpg@base@tag=imgScale&w=447,88.00,https://www.mia.com//item-4284973.html
麦拉贝拉 婴儿短袖连体衣夏季匹马棉半袖哈衣薄款小男孩纯棉衣服女宝宝爬服 开裆黄色 66cm,https://img06.miyabaobei.com/d1/p6/2019/04/04/9e/cd/9ecdbe06c44b52470e688478f1d1f497694113788.jpg@base@tag=imgScale&w=447,76.00,https://www.mia.com//item-4181482.html
舒贝怡 婴儿连体衣短袖纯棉薄款男女宝宝哈衣新生儿衣服夏季爬服 蓝色字母 80cm,https://img05.miyabaobei.com/d1/p5/2018/06/14/3b/80/3b80a6792948b7ede415b6abf5235aff640627856.jpg@base@tag=imgScale&w=447,49.00,https://www.mia.com//item-3805740.html
Augelute 春秋帅气马甲+假两件西服连体衣2件套 黑背心 70cm,https://img06.miyabaobei.com/d1/p1/item/10/1085/1085271_topic_1.jpg@base@tag=imgScale&w=447,92.00,https://www.mia.com//item-3230057.html
忆爱 婴幼儿哈衣连体衣 宝宝棉卡通双档长袖爬服装连身衣春秋季新款 小祖宗蓝色 59cm建议身高50至59cm内,https://img05.miyabaobei.com/d1/p5/2017/09/30/00/11/0011a0c97223a3cf54ed30513ec708b5624494373.jpg@base@tag=imgScale&w=447,48.00,https://www.mia.com//item-3765431.html
迷你巴拉巴拉 婴儿连体衣服男女宝宝秋装爬服秋新款儿童哈衣 宝蓝2 66cm,https://img06.miyabaobei.com/d1/p5/2017/12/09/d0/a7/d0a7a6a579a22a86e4c0baa578d11e8c014531623.jpg@base@tag=imgScale&w=447,199.00,https://www.mia.com//item-4098877.html
舒贝怡 婴儿衣服夏装男女宝宝爬爬服新生儿春秋连体衣宽松韩版纯棉哈衣夏2019新品 提花对开款 粉色 66cm,https://img05.miyabaobei.com/d1/p6/2019/04/22/66/ae/66ae0bdb6c1653e6e93a0ee4e09335e2020116616.jpg@base@tag=imgScale&w=447,39.90,https://www.mia.com//item-4295659.html
猪猪的故事 ins超萌新生儿宝宝衣服婴儿连体衣夏天女满月服公主初生 吊带爬服 粉橘色 90cm,https://img06.miyabaobei.com/d1/p6/2019/04/24/4d/37/4d372de74d28c296dc68c9e00f9ece3b689332935.jpg@base@tag=imgScale&w=447,99.00,https://www.mia.com//item-4346319.html
迷你巴拉巴拉 男女童连体衣2018夏装婴幼儿宝宝卡通贴补短袖爬爬服 灰蓝8208 73cm,https://img05.miyabaobei.com/d1/p5/2018/03/15/ad/55/ad55f2d26ba454304efdf4975f4018a9145469930.jpg@base@tag=imgScale&w=447,139.00,https://www.mia.com//item-4098164.html
Augelute 春秋爬服日系和服经典樱花个性造型服 红色 70cm,https://img06.miyabaobei.com/d1/p5/2017/08/11/d8/59/d859987a1e9abafcefa0854e7ff3ade2398206677.jpg@base@tag=imgScale&w=447,78.00,https://www.mia.com//item-3230667.html
wua wua 婴儿连体衣服夏季6-12个月宝宝纯棉哈衣爬爬服新生儿超薄睡衣空调服 0804粉色 90cm,https://img05.miyabaobei.com/d1/p6/2019/04/16/61/85/6185e3e259a4e040e7b7d5496209fa7d100493977.jpg@base@tag=imgScale&w=447,49.00,https://www.mia.com//item-4274092.html
舒贝怡 婴儿短袖包屁衣夏季薄款宝宝连体衣新生儿衣服三角哈 棕大象 73cm,https://img06.miyabaobei.com/d1/p5/2018/03/14/81/6c/816cbf92089ef2098352c7f5567a9db6952987849.jpg@base@tag=imgScale&w=447,39.90,https://www.mia.com//item-3805989.html
迪士尼宝宝 男女宝宝纯棉色织前开扣短袖平脚哈衣 淡蓝 66cm,https://img05.miyabaobei.com/d1/p3/item/11/1199/1199135_topic_1.jpg@base@tag=imgScale&w=447,66.00,https://www.mia.com//item-3011936.html
娃娃舒 男女宝宝纯棉短袖薄款哈衣婴儿连体衣爬服 152LT粉色 59cm,https://img06.miyabaobei.com/d1/p5/2017/03/12/75/95/7595df4658a1580ded6de8f2593a5fc4161507674.jpg@base@tag=imgScale&w=447,42.00,https://www.mia.com//item-3762781.html
麦拉贝拉 婴儿连体衣夏季薄款哈衣可爱卡通短袖竹纤维男女宝宝爬服 开裆蓝色 90cm,https://img05.miyabaobei.com/d1/p6/2019/04/04/74/b5/74b594724b372d1a12565d42533c18ac666923270.jpg@base@tag=imgScale&w=447,69.00,https://www.mia.com//item-4181433.html
南极人 Nanjiren 宝宝哈衣春秋男长袖新生儿爬服纯棉休闲秋季女婴儿连体衣 星星白色 59cm,https://img06.miyabaobei.com/d1/p5/2017/09/13/e5/d3/e5d3f77b0c250b108382858641a6c0a9320836343.jpg@base@tag=imgScale&w=447,69.00,https://www.mia.com//item-3371329.html
淘婴库 婴儿连体衣服春秋装女宝宝哈衣秋季夏装男新生儿12满月0岁3个月6 play翻领哈衣 黑色 66码,https://img05.miyabaobei.com/d1/p6/2019/03/04/5b/16/5b16af48c2f3dff42f5267034a622f60673007985.jpg@base@tag=imgScale&w=447,59.00,https://www.mia.com//item-3995694.html
麦拉贝拉 婴儿空调服春秋男女孩纯棉爬爬服幼儿长袖哈衣6-12个月宝宝连体衣 开裆粉色 59cm,https://img06.miyabaobei.com/d1/p5/2018/07/16/b0/ef/b0ef9edb06e05fce800745d35a4746e3297909471.jpg@base@tag=imgScale&w=447,56.00,https://www.mia.com//item-3454882.html
贝贝怡 婴儿包屁衣春秋装长袖高领纯棉宝宝连体衣哈衣爬爬服 淡蓝 66cm,https://img05.miyabaobei.com/d1/p5/2018/07/20/bd/b8/bdb87155bc9a2d547b393083ac74580a747559408.jpg@base@tag=imgScale&w=447,59.00,https://www.mia.com//item-3270343.html
Cipango 可爱宝宝天鹅绒包脚哈衣 黄色小鸭 66cm,https://img06.miyabaobei.com/d1/p5/2016/09/10/9a/57/9a57a7dde99a79dd0b4748cbfa36ef76893717050.jpg@base@tag=imgScale&w=447,42.00,https://www.mia.com//item-3532527.html
舒贝怡 婴儿秋装0-3-6-12-15月长袖连体衣宝宝爬服春季新款哈衣 蓝色 59cm,https://img05.miyabaobei.com/d1/p5/2018/07/31/bb/43/bb430de80ceed913eab390f1974ffb87181966472.jpg@base@tag=imgScale&w=447,49.90,https://www.mia.com//item-3805772.html
minizone 3件装夏季宝宝圆领刺绣三角包屁衣礼盒装 紫色三件装 59cm,https://img06.miyabaobei.com/d1/p5/2018/05/08/23/55/2355e7826421f6aeb860fd0c33254110638505083.jpg@base@tag=imgScale&w=447,98.00,https://www.mia.com//item-3229187.html
舒贝怡 婴儿秋装0-3-6-12-15月长袖连体衣宝宝爬服春季新款纯棉哈衣 红色表情系列 73cm,https://img05.miyabaobei.com/d1/p5/2018/07/31/e2/90/e290ccb01b77e9f1aad649fb45a872ae063035551.jpg@base@tag=imgScale&w=447,39.90,https://www.mia.com//item-3806595.html
贝贝怡 婴儿连体衣春秋彩棉长袖新生儿哈衣男女宝宝爬服睡衣 卡其 73cm,https://img06.miyabaobei.com/d1/p5/2017/09/13/1c/46/1c46b3e1a90e4b9a94f33954a1e85dc2842117967.jpg@base@tag=imgScale&w=447,59.00,https://www.mia.com//item-3271366.html
Augelute 夏季女宝宝短袖蕾丝日系和服造型三角包屁衣 木马 70cm,https://img05.miyabaobei.com/d1/p6/2019/02/13/c5/91/c591e4d0bd2ce94c11f56a92cd89c829292352131.jpg@base@tag=imgScale&w=447,59.00,https://www.mia.com//item-3230118.html
Cipango 新款夏季可爱宝宝三角爬服 婴幼儿短袖哈衣 橙色小羊 90/83cm23斤内,https://img06.miyabaobei.com/d1/p3/item/13/1313/1313282_topic_1.jpg@base@tag=imgScale&w=447,29.00,https://www.mia.com//item-4407249.html
贝贝怡 婴儿连体衣春秋装新款纯棉新生儿衣服宝宝爬爬服 蓝色 59cm,https://img05.miyabaobei.com/d1/p5/2017/08/15/3b/b6/3bb65ca760c3364bdf32458dced69163647831562.jpg@base@tag=imgScale&w=447,59.00,https://www.mia.com//item-3268693.html
依尔婴 婴儿连体衣服纯棉春秋季男宝宝绅士满月0-3-6个月1周岁新生儿礼服 藏青 59cm,https://img06.miyabaobei.com/d1/p5/2018/06/14/2d/2c/2d2ca9d90f609266645beb4d0f2e4083559148931.jpg@base@tag=imgScale&w=447,39.00,https://www.mia.com//item-3528759.html
罗町 2019新款夏季婴儿连体衣短袖薄款宝宝三角包屁哈衣爬服佩戴发饰新生儿连体衣59CM-85CM 黄色 80cm,https://img05.miyabaobei.com/d1/p5/2017/05/02/a1/77/a1775dc603f8d7979567539fb6054767927841231.jpg@base@tag=imgScale&w=447,39.00,https://www.mia.com//item-3504950.html
宝然 婴儿连身衣服夏季纱布开衫爬服宝宝哈衣长袖家居服睡衣 蓝色 66cm,https://img06.miyabaobei.com/d1/p5/2017/02/07/74/32/743224e0a69b6fc65f145be403ada3e7358473173.jpg@base@tag=imgScale&w=447,42.00,https://www.mia.com//item-3459249.html
忆爱 婴儿连体衣冬季加厚男女宝宝棉衣哈衣爬服外出新生儿衣服2018新款 咖色狐狸 73cm,https://img05.miyabaobei.com/d1/p5/2018/10/12/c8/f9/c8f96f82e5edc80dc22c8a7cd727d289344821507.jpg@base@tag=imgScale&w=447,79.00,https://www.mia.com//item-3765541.html
wua wua 夏季男女宝宝夏装偏襟连体衣婴儿纯棉短袖开档哈衣爬服初生新生儿衣服 20126蓝色 66cm,https://img06.miyabaobei.com/d1/p6/2019/03/27/e3/a4/e3a4908ab30dc0e4c05174289618386f592752036.jpg@base@tag=imgScale&w=447,49.00,https://www.mia.com//item-4035037.html
