火火兔 智能早教机器人遥控早教机对话高科技玩具儿童学习J6 白色 8G内存,https://img05.miyabaobei.com/d1/p5/2018/03/12/23/c8/23c8846946dd48438c2343a371e57165364923634.jpg@base@tag=imgScale&w=447,399.00,https://www.mia.com//item-3362622.html
知识花园 抖音同款青蛙吃豆玩具 抢珠亲子互动桌面游戏 两只青蛙吃豆,https://img06.miyabaobei.com/d1/p5/2018/05/07/76/29/7629c78da8fc1f8c0ebbaab8825562ae821407977.jpg@base@tag=imgScale&w=447,35.00,https://www.mia.com//item-3367706.html
美乐 Joan Miro 儿童蜡笔套装幼儿园丝滑旋转蜡笔12色24色炫彩棒可水洗油画棒 6色,https://img05.miyabaobei.com/d1/p5/2018/10/15/53/65/536584da11f97081886bd5ae24825344966975344.jpg@base@tag=imgScale&w=447,29.90,https://www.mia.com//item-3380014.html
KDE 儿童魔法沙套装粘土沙太空玩具沙套装益智亲子玩具 玫红,https://img06.miyabaobei.com/d1/p5/2018/01/18/7e/fa/7efa161c8cc5c103869eabffab992085434679580.jpg@base@tag=imgScale&w=447,69.90,https://www.mia.com//item-3517069.html
优卡家 儿童88轨道球感统训练器材益8字智玩具专注力八八太极转盘抖音 黄绿色(内含小球),https://img05.miyabaobei.com/d1/p5/2018/12/05/f0/f2/f0f23e64ced1894cd525bcd1f2dca1bf075374057.jpg@base@tag=imgScale&w=447,15.90,https://www.mia.com//item-3369504.html
KDE 创意卡通儿童自动卷钱机硬币存款机带验钞ATM密码存钱罐 蓝色,https://img06.miyabaobei.com/d1/p5/2017/03/06/21/34/2134a60512b031d1922a526d46a35891707674677.jpg@base@tag=imgScale&w=447,77.00,https://www.mia.com//item-3516742.html
LTL 抖音同款 小狗天平猴子猪启蒙数字数学秤桌游儿童玩具 小狗天平套装,https://img05.miyabaobei.com/d1/p5/2018/11/16/a7/83/a7837f89f6064a374b089ce71e0df829600565348.jpg@base@tag=imgScale&w=447,88.00,https://www.mia.com//item-3881233.html
LTL 小猪爬楼梯玩具抖音灯光音乐轨道车儿童电动滑滑梯 小号手动爬楼梯,https://img06.miyabaobei.com/d1/p6/2018/12/26/1c/3c/1c3c88c69b46116177381d5fac125d57174671535.jpg@base@tag=imgScale&w=447,19.90,https://www.mia.com//item-3881229.html
优卡家 抖音同款疯狂贪吃青蛙吃豆机玩具亲子互动吃豆豆球游戏儿童益于智力 三人PK款(内含144颗豆),https://img05.miyabaobei.com/d1/p5/2018/11/27/08/67/0867e8bf65e3f45c6a3e68317938ce55004767473.jpg@base@tag=imgScale&w=447,74.00,https://www.mia.com//item-3369532.html
芙蓉天使 儿童画板便携涂鸦小黑板小学生绘画多功能手写可擦家用双面写字板 黑猫头鹰10页装（送6支液体粉笔）,https://img06.miyabaobei.com/d1/p6/2019/05/11/a3/0a/a30a759691f8a0cbbc5cdf1c01f18c0d562343182.jpg@base@tag=imgScale&w=447,46.00,https://www.mia.com//item-3880978.html
LTL 小猪爬楼梯玩具抖音灯光音乐轨道车儿童电动滑滑梯 迷你手动爬楼梯,https://img05.miyabaobei.com/d1/p6/2018/12/26/1c/3c/1c3c88c69b46116177381d5fac125d57174671535.jpg@base@tag=imgScale&w=447,19.90,https://www.mia.com//item-3367837.html
知识花园 儿童飞行棋中国象棋 磁性棋类斗兽棋五子棋亲子互动玩具 飞行棋,https://img06.miyabaobei.com/d1/p5/2018/11/03/f5/8c/f58ce12e78200777ec3ba67762a3d1d8332556723.jpg@base@tag=imgScale&w=447,39.00,https://www.mia.com//item-3367751.html
优学猫 2-8岁儿童数学思维智能学习机2018德国红点奖获奖产品,https://img05.miyabaobei.com/d1/p6/2018/12/26/cc/1b/cc1b63242be7079693e94d30c89fc7ec191421674.jpg@base@tag=imgScale&w=447,399.00,https://www.mia.com//item-3374103.html
360 儿童电话手表SE3 Plus智能语音GPS定位防丢防水 蓝色 22.9*4.15*1.56cm,https://img06.miyabaobei.com/d1/p5/2018/05/07/68/a8/68a84c0e4c94656376f652def2bc4ec8827936906.jpg@base@tag=imgScale&w=447,289.00,https://www.mia.com//item-3834017.html
芙蓉天使 儿童颗粒积木3-6周岁男孩女孩塑料拼插拼装玩具 280粒（盒装+图册）,https://img05.miyabaobei.com/d1/p6/2019/03/12/7d/5d/7d5dad406c05af37a2f9b0830b54c534720301110.jpg@base@tag=imgScale&w=447,33.80,https://www.mia.com//item-3880986.html
亚之杰玩具 大号儿童水枪滋水枪吸水玩具大容量可加压 长度48厘米278 长度48厘米278,https://img06.miyabaobei.com/d1/p6/2019/03/09/1c/94/1c94b7dc32b2a4a66c6cc71bcda2116a234137450.jpg@base@tag=imgScale&w=447,29.90,https://www.mia.com//item-3365046.html
木丸子 磁性塑料运笔迷宫智力游戏女孩男宝宝1-3周岁-4-5-6岁儿童玩具 交通迷宫+飞行棋,https://img05.miyabaobei.com/d1/p5/2017/04/05/1f/d2/1fd254fbbf162f315dadd2fd1c8e6e54637113941.jpg@base@tag=imgScale&w=447,42.00,https://www.mia.com//item-3880618.html
涩咪咪 24mm袖珍便携迷你麻将牌旅行麻将旅游精致小麻将 24mm蓝色+皮盒+u尺,https://img06.miyabaobei.com/d1/p6/2019/03/19/3e/b5/3eb5adf696a52a8d0a0d6e56a7f40380730322925.jpg@base@tag=imgScale&w=447,58.00,https://www.mia.com//item-4173410.html
木丸子 磁性铁运笔迷宫益智力游戏儿童玩具 农场迷宫+飞行棋,https://img05.miyabaobei.com/d1/p5/2016/11/21/3d/0b/3d0b7b5da547a749e79a71129fff04a4060191357.jpg@base@tag=imgScale&w=447,39.00,https://www.mia.com//item-3880595.html
碟谜 抖音同款亲子玩具贪吃青蛙吃豆3-6岁桌面游戏 青蛙吃豆两人版-马卡绿(16颗豆),https://img06.miyabaobei.com/d1/p6/2019/02/23/a6/f3/a6f3d44a25f96b5754635dd5b57945cb933129486.jpg@base@tag=imgScale&w=447,18.80,https://www.mia.com//item-3645942.html
知识花园 儿童飞行棋中国象棋 磁性棋类斗兽棋五子棋亲子互动玩具 斗兽棋,https://img05.miyabaobei.com/d1/p5/2018/08/04/15/f1/15f1b09b63801d3503c80e22ecc620e0687837147.jpg@base@tag=imgScale&w=447,32.00,https://www.mia.com//item-3367743.html
优卡家 3D立体闯关迷宫球儿童注意力训练3岁益智玩具 208关,https://img06.miyabaobei.com/d1/p5/2018/11/22/2a/d8/2ad8f7863da28b46a0294aac66221c3a698114021.jpg@base@tag=imgScale&w=447,59.90,https://www.mia.com//item-3369554.html
Hape 动物派对磁性走珠益智迷宫 多彩,https://img05.miyabaobei.com/d1/p5/2017/06/15/63/17/6317af3d3c8f93f75307fc2c3e7e2732192859857.jpg@base@tag=imgScale&w=447,198.00,https://www.mia.com//item-3323248.html
木丸子 多功能棋二合一棋木制玩具飞行棋跳棋儿童玩具棋类成人 跳棋飞行棋,https://img06.miyabaobei.com/d1/p5/2017/04/05/1a/45/1a45575fd56ba583dcf0ded41cf5241f836901463.jpg@base@tag=imgScale&w=447,49.00,https://www.mia.com//item-3880598.html
涩咪咪 五合一多功能数独棋4/6/9宫格数独桌面趣味亲子智力游戏棋玩具 五合一多功能数独棋,https://img05.miyabaobei.com/d1/p5/2018/07/13/e3/f0/e3f00d3b8a3594d9e3e7212623b78b86463226111.jpg@base@tag=imgScale&w=447,58.00,https://www.mia.com//item-3880600.html
铭塔 益智趣味五子棋跳跳棋 五子棋跳棋 A8013,https://img06.miyabaobei.com/d1/p1/item/10/1068/1068890_topic_1.jpg@base@tag=imgScale&w=447,48.00,https://www.mia.com//item-3380542.html
美乐 Joan Miro 儿童早教闪卡英语卡片识字3-6岁幼儿启蒙益智小学生单词闪卡 户外世界,https://img05.miyabaobei.com/d1/p5/2018/10/18/74/41/744129cad076704b4b6504b7a4051882404433978.jpg@base@tag=imgScale&w=447,52.90,https://www.mia.com//item-3380009.html
芙蓉天使 儿童充气玩具跳跳马加大加厚橡胶弹力宝宝小马坐骑跳跳鹿骑骑马 贵族金+充气泵,https://img06.miyabaobei.com/d1/p6/2019/03/15/3b/78/3b78cca0c15037d35962e5880de09575161552966.jpg@base@tag=imgScale&w=447,66.00,https://www.mia.com//item-3880987.html
智恩堡 抖音同款轨道闯关汽车大冒险停车场冒险汽车轨道车玩具惯性火车 汽车闯关大冒险【警察款】,https://img05.miyabaobei.com/d1/p6/2019/03/26/e9/2a/e92a06fc9b7f07067fd015314dc4be3c810522695.jpg@base@tag=imgScale&w=447,108.00,https://www.mia.com//item-4168688.html
俏娃宝贝 数字天平秤 儿童抖音同款玩具亲子互动启蒙类男女孩礼物 企鹅天平 26*8.5*26.5,https://img06.miyabaobei.com/d1/p6/2019/02/13/96/eb/96eb61f923e0410a697701dedfeab77d508559262.jpg@base@tag=imgScale&w=447,49.90,https://www.mia.com//item-3323322.html
LTL 电动跳舞旋转早教音乐灯光讲故事机器人多功能儿童玩具 小猴天平(送贴纸）,https://img05.miyabaobei.com/d1/p5/2018/11/16/a7/83/a7837f89f6064a374b089ce71e0df829600565348.jpg@base@tag=imgScale&w=447,88.00,https://www.mia.com//item-3367841.html
弥鹿 记忆棋配对游戏四款可选 数字,https://img06.miyabaobei.com/d1/p5/2018/04/04/0f/c9/0fc9cf5409cdb4f13a6c011b1eb723d5136257535.jpg@base@tag=imgScale&w=447,26.50,https://www.mia.com//item-3380283.html
智恩堡 儿童专注力训练早教玩具幼儿园掌上平衡滚珠走珠迷宫 平衡滚珠【蓝色】,https://img05.miyabaobei.com/d1/p6/2019/04/04/55/40/5540af2f2bb7847efdf9ac987c53c239668376375.jpg@base@tag=imgScale&w=447,29.00,https://www.mia.com//item-4383713.html
铭塔 大号桦木54粒数字层层叠叠乐叠叠高抽积木桌游儿童木质益智玩具 叠叠乐A7705 A7705,https://img06.miyabaobei.com/d1/p5/2017/02/10/ec/87/ec8718340fc5911a48b2e346b760324a165305898.jpg@base@tag=imgScale&w=447,49.00,https://www.mia.com//item-3380550.html
优卡家 婴儿玩具彩虹套圈0-1岁宝宝叠叠乐不倒翁叠叠圈6-12个月儿童 儿童益智叠叠乐【暖色】,https://img05.miyabaobei.com/d1/p6/2019/03/28/da/65/da65c32795c4292f1b0ffcc22e6eb747591993013.jpg@base@tag=imgScale&w=447,35.00,https://www.mia.com//item-4168565.html
满满 儿童小火车玩具轨道车停车场汽车闯关大冒险抖音男孩玩具3-6周岁 大礼盒包装+直升机+起重机,https://img06.miyabaobei.com/d1/p6/2019/03/29/02/b7/02b77e7c6cd616ec6ff101f7c12f410c681921153.jpg@base@tag=imgScale&w=447,116.00,https://www.mia.com//item-4383733.html
B.Duck 小黄鸭趣味叠叠乐 叠叠杯启蒙早教积木0-3岁儿童宝宝玩具 黄色,https://img05.miyabaobei.com/d1/p5/2018/04/13/68/bb/68bb5c05ff82ad00f644b51675b2aadf874969469.jpg@base@tag=imgScale&w=447,47.90,https://www.mia.com//item-3367575.html
特宝儿 动物木制叠叠高积木亲子抽抽乐玩具 花色 8*8*28cm,https://img06.miyabaobei.com/d1/p5/2018/09/12/95/a0/95a0a4dd6459d90282a2d98dcb35248c390253719.jpg@base@tag=imgScale&w=447,69.00,https://www.mia.com//item-3373530.html
亚之杰玩具 智能遥控机器人恐龙玩具吐雾编程跟随学英语 遥控编程跟随雾龙,https://img05.miyabaobei.com/d1/p6/2019/01/14/87/0c/870cb30d08690f778e8f1c4850b37f66464781559.jpg@base@tag=imgScale&w=447,169.00,https://www.mia.com//item-3365051.html
木丸子 跳棋飞行棋十二合一棋子儿童木制积木玩具 十二合一棋,https://img06.miyabaobei.com/d1/p5/2017/03/30/7c/7e/7c7e93120ccdc711ff8038b8900e06ca523246374.jpg@base@tag=imgScale&w=447,49.90,https://www.mia.com//item-3880599.html
特宝儿 互动开心农场益智骰子游戏棋飞行棋 多色 30*3*30cm,https://img05.miyabaobei.com/d1/p5/2018/09/12/95/bb/95bbb43907b4119529a489766c3adaef436844307.jpg@base@tag=imgScale&w=447,39.00,https://www.mia.com//item-3372488.html
木丸子 多功能十六合一跳棋飞行五子棋桌游木制玩具 原木,https://img06.miyabaobei.com/d1/p3/item/12/1247/1247274_topic_1.jpg@base@tag=imgScale&w=447,68.00,https://www.mia.com//item-3880594.html
弥鹿 十六合一多功能棋,https://img05.miyabaobei.com/d1/p6/2019/01/08/23/99/2399ac85101b6fddd1df4f0356bb6a3e285832853.jpg@base@tag=imgScale&w=447,159.00,https://www.mia.com//item-3380295.html
美乐 Joan Miro 儿童飞行棋益智游戏棋 卡通幼儿玩具小学生桌游双面大富翁 儿童飞行棋,https://img06.miyabaobei.com/d1/p5/2018/10/08/ac/b9/acb9e91f5d3800c6073cebe369f78415844749613.jpg@base@tag=imgScale&w=447,69.90,https://www.mia.com//item-3380079.html
满满 婴儿手抓球宝宝软胶曼哈顿抚触觉感知按摩球触感球玩具 10件套,https://img05.miyabaobei.com/d1/p6/2019/04/07/a5/db/a5db0ab4417f12db1429b27dba7ecca8280722660.jpg@base@tag=imgScale&w=447,56.00,https://www.mia.com//item-4469277.html
木丸子 二合一游戏宝盒迷宫/飞行棋组合玩具 迷宫飞行棋二合一,https://img06.miyabaobei.com/d1/p5/2016/10/04/e3/e4/e3e4f22b07d947a747223f551eb99d8c697068075.jpg@base@tag=imgScale&w=447,38.00,https://www.mia.com//item-3880629.html
木丸子 七合一棋跳棋飞行棋儿童桌面游戏益智玩具,https://img05.miyabaobei.com/d1/p5/2016/10/11/4c/e3/4ce35bc49e8672761d280b14d9ef68bf636291106.jpg@base@tag=imgScale&w=447,32.00,https://www.mia.com//item-3880677.html
俏娃宝贝 儿童益智桌游 亲子玩具3-6周岁专注力训练棋类小侦探益智玩具 脑力大作战家庭小侦探 33.5*29*6.5,https://img06.miyabaobei.com/d1/p6/2019/02/13/89/47/894752c06abffa0b298716e67ce5fee2466936785.jpg@base@tag=imgScale&w=447,52.00,https://www.mia.com//item-3323326.html
弥鹿 儿童启智类桌游-育脑塔,https://img05.miyabaobei.com/d1/p6/2019/01/08/55/b9/55b9897d56b05f8baf153e92ca81b324296646843.jpg@base@tag=imgScale&w=447,159.00,https://www.mia.com//item-3380289.html
木丸子 六角跳棋迷宫走珠二合一儿童木制益智玩具,https://img06.miyabaobei.com/d1/p5/2016/10/07/d9/0d/d90d5a2f60e820403af896323f94c1d4110277362.jpg@base@tag=imgScale&w=447,39.00,https://www.mia.com//item-3880619.html
弥鹿 创意趣味游戏棒 挑棒,https://img05.miyabaobei.com/d1/p5/2018/04/04/cb/44/cb44e0b50695537ab7c6bf91b3db8f12086731410.jpg@base@tag=imgScale&w=447,39.00,https://www.mia.com//item-3380286.html
木丸子 儿童木制玩具二合一磁性迷宫组合益智玩具,https://img06.miyabaobei.com/d1/p5/2016/11/21/5c/f9/5cf9df3bb7b43ce2c263065c8fe972bc965363901.jpg@base@tag=imgScale&w=447,39.90,https://www.mia.com//item-3880628.html
木丸子 二合一数字时钟趣味迷宫儿童益智桌面游戏,https://img05.miyabaobei.com/d1/p4/2016/11/01/e2/e5/e2e5587a264c45c54787016c7262028b823556630.jpg@base@tag=imgScale&w=447,49.00,https://www.mia.com//item-3880627.html
弥鹿 棋盘游戏二合一,https://img06.miyabaobei.com/d1/p5/2018/04/04/ee/3c/ee3c0c97acb88bb521b5bd1652c25a4d082258785.jpg@base@tag=imgScale&w=447,69.00,https://www.mia.com//item-3380308.html
俏娃宝贝 拯救小鸡游戏棒挑小棒挑棍多人互动儿童亲子桌游玩具 小鸡抽签游戏 21*21*5.5,https://img05.miyabaobei.com/d1/p6/2019/01/31/cf/a1/cfa17ae71e5938d9f8d039d94dbc7e8f171317787.jpg@base@tag=imgScale&w=447,24.80,https://www.mia.com//item-3323325.html
弥鹿 海狮平衡叠叠高平衡游戏玩具,https://img06.miyabaobei.com/d1/p5/2018/04/04/0d/67/0d672dde05ea5c5d7ad03b78d0313d4d084394698.jpg@base@tag=imgScale&w=447,68.00,https://www.mia.com//item-3380368.html
弥鹿 Bingo儿童桌面游戏,https://img05.miyabaobei.com/d1/p5/2018/11/16/60/7d/607d715797c697af1b37c09e371ce9b9394705461.jpg@base@tag=imgScale&w=447,98.00,https://www.mia.com//item-3380287.html
俏娃宝贝 速度叠叠杯儿童专注力训练早教启蒙玩具亲子互动桌面游戏 儿童专注力反应力训练速度叠叠杯,https://img06.miyabaobei.com/d1/p6/2019/02/13/66/a3/66a3464b5276bdc555a2f0c7ba74715e450537350.jpg@base@tag=imgScale&w=447,68.00,https://www.mia.com//item-4173404.html
弥鹿 儿童桌面卡牌游戏-皮特猫的大餐,https://img05.miyabaobei.com/d1/p5/2018/11/16/cf/33/cf333fabdbfdb9504b1f207d5adcca1e384579464.jpg@base@tag=imgScale&w=447,58.00,https://www.mia.com//item-3881456.html
弥鹿 皮特猫的奇妙纽扣,https://img06.miyabaobei.com/d1/p6/2019/01/08/eb/68/eb685cedfc8ae7a88134cb01468aaac5304259206.jpg@base@tag=imgScale&w=447,138.00,https://www.mia.com//item-3380288.html
Hape 宝宝花园,https://img05.miyabaobei.com/d1/p5/item/11/1185/1185761_topic_1_34a9e539.jpg@base@tag=imgScale&w=447,118.00,https://www.mia.com//item-1185761.html
Kids II baby einstein 农场模型箱,https://img06.miyabaobei.com/item/10/1024/1024197_topic_1.jpg@base@tag=imgScale&w=447,289.00,https://www.mia.com//item-1024197.html
智库 鱼精灵 Fish to fish,https://img05.miyabaobei.com/d1/p1/item/10/1071/1071248_topic_1.jpg@base@tag=imgScale&w=447,168.00,https://www.mia.com//item-1071248.html
小猪佩奇 peppapig PEPPA PIG 二合一游戏棋 其它 其它,https://img06.miyabaobei.com/d1/p6/2019/01/18/4a/68/4a68e95c961fc44587435d6ce94524fc774051829.jpg@base@tag=imgScale&w=447,58.00,https://www.mia.com//item-3368019.html
小猪佩奇 peppapig PEPPA PIG 飞行棋+康乐棋 其它 其它,https://img05.miyabaobei.com/d1/p6/2019/01/18/d2/0a/d20a8e651f8a3ed61886884bc6cf55ef906051539.jpg@base@tag=imgScale&w=447,28.00,https://www.mia.com//item-3368023.html
小猪佩奇 peppapig PEPPA PIG 二合一棋 其它 其它,https://img06.miyabaobei.com/d1/p6/2019/01/18/f8/01/f801f614217bd3c30edd92e186f5ccaf888804911.jpg@base@tag=imgScale&w=447,28.00,https://www.mia.com//item-3368021.html
小猪佩奇 peppapig PEPPA PIG 小连环棋 其它 其它,https://img05.miyabaobei.com/d1/p6/2019/01/18/9b/a5/9ba5eeef2a2f1b0613d16d1ef5b0f075931561022.jpg@base@tag=imgScale&w=447,19.00,https://www.mia.com//item-3368024.html
小猪佩奇 peppapig PEPPA PIG 康乐棋 其它 其它,https://img06.miyabaobei.com/d1/p6/2019/01/18/e7/ee/e7eefb572dea7657318303ef867f9938899907166.jpg@base@tag=imgScale&w=447,28.00,https://www.mia.com//item-3368022.html
小猪佩奇 peppapig PEPPA PIG 飞行棋 其它 其它,https://img05.miyabaobei.com/d1/p6/2019/01/18/ea/5a/ea5ae3df74303ad6bfa482586ee90d71832187598.jpg@base@tag=imgScale&w=447,29.00,https://www.mia.com//item-3368020.html
