JM solution 防晒喷雾180ml 海洋珍珠 两支装,https://img05.miyabaobei.com/d1/p6/2019/03/15/3e/68/3e683c0facc876104cba23725e3c9c49453487687.jpg@base@tag=imgScale&w=447,109.00,https://www.mia.com//item-4281553.html
资生堂 SHISEIDO 安耐晒金瓶防水防晒霜 60ml,https://img06.miyabaobei.com/d1/p5/2018/04/26/44/51/4451d1cf6cfcfe29c8b5aed6add3a08c084152681.jpg@base@tag=imgScale&w=447,195.00,https://www.mia.com//item-3128238.html
资生堂 SHISEIDO 【保税】日本本土版 安耐晒金瓶60ml 防水防晒霜SPF50,https://img05.miyabaobei.com/d1/p5/2018/07/03/7f/d5/7fd5c638c1a9181f7f0130ae86b35fd5058983474.jpg@base@tag=imgScale&w=447,195.00,https://www.mia.com//item-4228672.html
莱斯璧 娜扎同款水晶防晒喷雾spf50夏季保湿全身清爽轻薄隔离 水晶喷雾150ML2瓶,https://img06.miyabaobei.com/d1/p5/2018/07/18/5b/fa/5bfa33f137cb64a06ff5b37f8443c3b9276065027.jpg@base@tag=imgScale&w=447,120.00,https://www.mia.com//item-4042520.html
韩国VN 【张柏芝同款】铂金包防晒霜防晒SPF50+ 50ml 类型1,https://img05.miyabaobei.com/d1/p6/2019/03/22/a1/40/a14065ad5f67afb31d86fcdb0c805753596854909.jpg@base@tag=imgScale&w=447,138.00,https://www.mia.com//item-3590783.html
娜丽丝 NARIS UP 【娜扎同款 包税】防晒喷雾spf50 90g*2瓶,https://img06.miyabaobei.com/d1/p5/2017/04/20/eb/43/eb437a0ba63ec19d0314cc03dc02c600797541611.jpg@base@tag=imgScale&w=447,138.00,https://www.mia.com//item-3129368.html
姬芮 ZA 【台湾版】隔离霜遮瑕亮白保湿素颜霜SPF26除黑色素脸部提亮肤色正品 两支装,https://img05.miyabaobei.com/d1/p5/2018/03/07/6b/69/6b695a3b82ffe4382e87e727c7e6d739176272286.jpg@base@tag=imgScale&w=447,105.00,https://www.mia.com//item-4124055.html
香蒲丽 SHANGPREE 林允儿同款精华防晒霜SPF50+隔离紫外线敏感肌孕妇可用 50g 50g,https://img06.miyabaobei.com/d1/p5/2018/03/30/3c/c3/3cc30576738d3cd6a2e697c4ccf73a3b793697301.jpg@base@tag=imgScale&w=447,135.00,https://www.mia.com//item-3493907.html
资生堂 SHISEIDO 安耐晒粉金瓶敏感肌/儿童防晒霜（SPF50+ PA++++）20ml 20ml,https://img05.miyabaobei.com/d1/p6/2019/03/26/3a/c0/3ac090b6118a0c26788cb93395ea9932893034366.jpg@base@tag=imgScale&w=447,95.00,https://www.mia.com//item-4191613.html
伊诗兰顿 葵香儿红石榴防护喷雾150ml 网红人气喷雾 补水喷雾粉底液 150ml 1瓶装,https://img06.miyabaobei.com/d1/p5/2018/03/24/bf/da/bfda4fdb54318f77a65c4b7f935b9bdd954355563.jpg@base@tag=imgScale&w=447,59.00,https://www.mia.com//item-3655083.html
mistine 泰国 水润提亮面部防晒乳 40ml/瓶 SPF50 防晒霜防紫外线L9yia 40ml*2,https://img05.miyabaobei.com/d1/p6/2019/03/05/c5/fa/c5fab77569ac08715ad5d259cd677ee1536831080.jpg@base@tag=imgScale&w=447,130.00,https://www.mia.com//item-4236871.html
ATREUS 泰国ATREUS牛奶美白防晒喷雾150ml/瓶 spf50 防水保湿霜学生 1瓶,https://img06.miyabaobei.com/d1/p6/2019/04/12/5a/9b/5a9bc71010cc231078f3d4b74e6f27bf378043698.jpg@base@tag=imgScale&w=447,45.00,https://www.mia.com//item-3871983.html
mistine 泰国 多效修护身体防晒霜150ml+小黄帽面部防晒霜40ml 2件套 L9yia 套装1,https://img05.miyabaobei.com/d1/p6/2019/03/05/06/4d/064d1fd6faf6a51712338bdf5f1502a9839295996.jpg@base@tag=imgScale&w=447,118.00,https://www.mia.com//item-3062046.html
科颜氏 Kiehl's 清爽防晒隔离乳液 SPF50PA+++ 60ml,https://img06.miyabaobei.com/d1/p6/2019/03/19/6b/ec/6bec401b5a783fa68518d756bceec4a2965995406.jpg@base@tag=imgScale&w=447,315.00,https://www.mia.com//item-3871787.html
W.lab wlab防晒隔离霜50ml水光面部隔离防紫外线防水spf50+ 1瓶,https://img05.miyabaobei.com/d1/p6/2019/03/04/be/14/be14023fc3ab9616aea4a3b8a0468563833849073.jpg@base@tag=imgScale&w=447,69.00,https://www.mia.com//item-3871980.html
卡姿兰 轻透隔离防晒霜40ml 新升级（45ml）SPF38++,https://img06.miyabaobei.com/d1/p6/2019/05/13/64/6d/646d00a6ae42ac57d7baf133f239be04363496787.jpg@base@tag=imgScale&w=447,119.00,https://www.mia.com//item-3727545.html
范特 VT 张韶涵同款~CICA老虎贴清爽镇定舒缓防晒喷雾spf50+150ml/瓶 两瓶装,https://img05.miyabaobei.com/d1/p5/2018/04/20/6f/a6/6fa6f67c6624279c57218a633f6971cf190598612.jpg@base@tag=imgScale&w=447,119.00,https://www.mia.com//item-3493915.html
玉兰油 多效修护防晒面霜 SPF15 面霜保湿滋养女士日霜素颜霜 50g,https://img06.miyabaobei.com/d1/p6/2019/01/23/12/e0/12e08e01cfbe802165effdb279b7dead316044601.jpg@base@tag=imgScale&w=447,109.00,https://www.mia.com//item-3648306.html
怡思丁 ISDIN 多维光护沁融水感防晒液SPF50+ 30ml,https://img05.miyabaobei.com/d1/p6/2019/04/19/d3/cb/d3cbafec4edc7c86de3f51cf2d4439e0646805519.jpg@base@tag=imgScale&w=447,89.00,https://www.mia.com//item-3075618.html
mistine 泰国 防晒喷雾100ml 全身体隔离防紫外线补水男女正品SPF50 100ml 100ml,https://img06.miyabaobei.com/d1/p6/2019/03/05/ad/2d/ad2d68f15014ae9bd9bf34cdb4844982682944045.jpg@base@tag=imgScale&w=447,65.00,https://www.mia.com//item-3127328.html
伊诗兰顿 葵香儿红石榴防护喷雾150ml 网红人气喷雾 补水喷雾粉底液,https://img05.miyabaobei.com/d1/p5/2018/04/23/4d/78/4d789855f3c1ccc075881aa84def5a08814628958.jpg@base@tag=imgScale&w=447,69.00,https://www.mia.com//item-3655096.html
莱斯璧 韩国水晶防晒喷雾 隔离保湿SPF50/PA+++ 水晶喷雾180ML2瓶,https://img06.miyabaobei.com/d1/p5/2018/05/09/2e/90/2e908bb1db33d56627ce2a3987d2b4d1747014019.jpg@base@tag=imgScale&w=447,95.00,https://www.mia.com//item-4042521.html
韩熙贞 【新品上售】防晒霜男女通用高度防晒隔离乳 清透不黏腻 50g,https://img05.miyabaobei.com/d1/p6/2019/05/08/01/7c/017c127a7bba35e8d3bc9619ec34bcc7867413024.jpg@base@tag=imgScale&w=447,89.00,https://www.mia.com//item-3649086.html
德妃 DERMAFIRM 林允同款紫苏防晒霜SPF50 轻薄不油腻防汗 50ml,https://img06.miyabaobei.com/d1/p6/2019/03/07/a6/06/a606b73f3c75fe957599f818eba048c2250418364.jpg@base@tag=imgScale&w=447,95.00,https://www.mia.com//item-3872233.html
资生堂 SHISEIDO 资生堂安耐晒蓝瓶孕妇婴儿可用防晒霜（SPF35 PA+++）20ml 20ml,https://img05.miyabaobei.com/d1/p6/2019/03/26/ba/b3/bab361222b1d8daaa9ec19fd0416756d881042399.jpg@base@tag=imgScale&w=447,95.00,https://www.mia.com//item-4191612.html
娇韵诗 CLARINS 清透隔离防晒乳SPF50透明色 30ML,https://img06.miyabaobei.com/d1/p5/2018/04/14/0c/2e/0c2e2143627d36c4fe9be57316b5265c168903850.jpg@base@tag=imgScale&w=447,339.00,https://www.mia.com//item-3825576.html
范特 VT CICA老虎防晒霜  抗痘镇定清爽 60ml,https://img05.miyabaobei.com/d1/p6/2019/02/19/48/f0/48f0009f783b3e0e7cf075dfd71faeeb694529275.jpg@base@tag=imgScale&w=447,89.00,https://www.mia.com//item-3493911.html
健美创研 抖音同款 红石榴隔离防护喷雾渝崧防晒霜 隔离防护喷雾1瓶+防晒霜1瓶,https://img06.miyabaobei.com/d1/p6/2019/04/10/dd/15/dd15e8427e0c9bad801bb1493ef4c13e925508356.jpg@base@tag=imgScale&w=447,29.00,https://www.mia.com//item-4226930.html
雅漾 Avene 儿童清爽防晒喷雾SPF50+ 200ml 200ml*1支,https://img05.miyabaobei.com/d1/p5/2018/08/21/83/4a/834a30b543868458336cf73a79c922c0328818569.jpg@base@tag=imgScale&w=447,178.00,https://www.mia.com//item-3129364.html
mistine 【清仓】泰国隐形丝袜/止汗美白防晒喷雾 100ml*2 止汗*2,https://img06.miyabaobei.com/d1/p6/2019/03/29/58/8a/588a9bd1917f8051900861a16961a500398553056.jpg@base@tag=imgScale&w=447,59.00,https://www.mia.com//item-4151637.html
mistine 泰国 水润防晒乳2件套面部身体保湿清爽无油 SPF50,https://img05.miyabaobei.com/d1/p6/2019/03/06/f0/ea/f0ea405a1a86c860e826cde892f5f688613099450.jpg@base@tag=imgScale&w=447,98.00,https://www.mia.com//item-3062051.html
植物主义 孕妇防晒霜专用喷雾物理隔离紫外线怀孕期全身天然纯保湿 防晒霜+隔离两件套,https://img06.miyabaobei.com/d1/p6/2019/02/21/50/d4/50d4b2d58011cad8abb59c3d01c2aa62344969682.jpg@base@tag=imgScale&w=447,98.00,https://www.mia.com//item-3490191.html
mistine 泰国 AQUA水润身体防晒乳 70ml/瓶 SPF50 防晒霜防紫外线 70ml,https://img05.miyabaobei.com/d1/p6/2019/03/05/d9/25/d9251526c96a11d0dc417e65587ea65e528381482.jpg@base@tag=imgScale&w=447,49.00,https://www.mia.com//item-3059883.html
AHC 新款隔离防晒喷雾 防紫外线 180ml 全身可用,https://img06.miyabaobei.com/d1/p5/2018/06/28/4a/ac/4aac8932b8d9e38c559e0327c67bdbaa562584283.jpg@base@tag=imgScale&w=447,75.00,https://www.mia.com//item-3472070.html
肌肤之钥 CPB 日本本土版 乳液防晒霜 SPF50 PA++++ 50g,https://img05.miyabaobei.com/d1/p6/2019/02/25/0f/bd/0fbdc62dc83da8cab32e8f473ac4017b794065425.jpg@base@tag=imgScale&w=447,649.00,https://www.mia.com//item-3872244.html
莱斯璧 娜扎同款韩国水晶防晒喷雾spf50防水新款变色盖瓶盖150ML 1瓶,https://img06.miyabaobei.com/d1/p5/2018/07/18/5b/fa/5bfa33f137cb64a06ff5b37f8443c3b9275378799.jpg@base@tag=imgScale&w=447,48.00,https://www.mia.com//item-3503936.html
理肤泉 LA ROCHE-POSAY 特护清透防抗晒乳 50ML,https://img05.miyabaobei.com/d1/p5/2017/05/02/d4/55/d4551f30d03556010ca872978aa5dea6271204506.jpg@base@tag=imgScale&w=447,159.00,https://www.mia.com//item-3825578.html
AHC 便携式隔离防晒棒22g SPF50+ PA ++++保湿防紫外线,https://img06.miyabaobei.com/d1/p5/2018/06/21/a3/3b/a33b2ab2c783e92bbd463b20926aaffe741635756.jpg@base@tag=imgScale&w=447,69.00,https://www.mia.com//item-3472068.html
奥黛拉 抖音同款防晒乳喷雾组合 防紫外线补水隔离保湿美白特证 150ml+30g,https://img05.miyabaobei.com/d1/p6/2019/02/28/56/7f/567f3f4c0e99ecce83a882b55cac72c5416806304.jpg@base@tag=imgScale&w=447,58.00,https://www.mia.com//item-3666045.html
mistine 泰国 多效修护全身体户外防晒霜大容量高倍防晒乳隔离养肤 150ml,https://img06.miyabaobei.com/d1/p6/2019/03/05/57/a6/57a6f097e4acca77de0bbf31953d1907548308859.jpg@base@tag=imgScale&w=447,69.00,https://www.mia.com//item-3059885.html
韩束 隔离轻薄防晒乳40ml(SPF35/PA+++) 防晒霜40ml*1支,https://img05.miyabaobei.com/d1/p6/2019/04/25/24/b3/24b3b894b0bded29a9fa399d5df50702010047035.jpg@base@tag=imgScale&w=447,69.00,https://www.mia.com//item-4360438.html
伊诗兰顿 葵香儿红石榴防护喷雾150ml 新款网红人气喷雾 补水喷雾粉底液,https://img06.miyabaobei.com/d1/p5/2018/06/11/16/fb/16fb8f8595d2b19800588db1db4efdae211393127.jpg@base@tag=imgScale&w=447,59.00,https://www.mia.com//item-3655097.html
LiliA 网红同款防晒乳喷雾组合 防紫外线补水隔离保湿美白特证 30g+150ml,https://img05.miyabaobei.com/d1/p6/2019/04/02/78/a8/78a8aa834c0ec123a6add414723c3f2d017422998.jpg@base@tag=imgScale&w=447,58.00,https://www.mia.com//item-4146518.html
娜丽丝 NARIS UP 【包税】防晒喷雾防晒啫喱霜组合装 防晒喷雾90g+防晒啫喱霜90g,https://img06.miyabaobei.com/d1/p5/2017/04/20/2a/d4/2ad4895f34372774d37ed274404994c1705589802.jpg@base@tag=imgScale&w=447,137.00,https://www.mia.com//item-3129365.html
mistine 泰国身体面部防晒霜女2件套装隔离防紫外线补水正品 水润身体70ml+修护面部40ml,https://img05.miyabaobei.com/d1/p6/2019/04/10/7c/29/7c290ad919c7a39d69e3d893e7b56a09915296786.jpg@base@tag=imgScale&w=447,109.00,https://www.mia.com//item-4236874.html
珀莱雅 海洋柔皙莹白造型修颜霜SPF50+/PA+++55g（防晒）,https://img06.miyabaobei.com/d1/p6/2019/03/11/2f/46/2f464283318fb51305f8da28a9435f32961581199.jpg@base@tag=imgScale&w=447,55.00,https://www.mia.com//item-4407097.html
娜丽丝 NARIS UP 娜扎同款日本Cosme大赏丝防晒喷雾乳儿保湿清爽防晒90g 2支组合装,https://img05.miyabaobei.com/d1/p5/2018/07/30/fb/9e/fb9ecc4bed67b145d83e94ff98c9bd7e316202935.jpg@base@tag=imgScale&w=447,135.00,https://www.mia.com//item-3472071.html
范特 VT 张韶涵同款~CICA老虎贴清爽镇定舒缓防晒喷雾spf50+150ml/瓶 一瓶装,https://img06.miyabaobei.com/d1/p5/2018/04/20/62/05/6205fb2747c7d2450544641e3cc40c5e133362015.jpg@base@tag=imgScale&w=447,69.00,https://www.mia.com//item-3493913.html
娇韵诗 CLARINS 高保护防晒喷雾 150ML,https://img05.miyabaobei.com/d1/p6/2019/04/02/67/74/67740136c5f65bcf286f9f9cf02932ad092626626.jpg@base@tag=imgScale&w=447,249.00,https://www.mia.com//item-3825584.html
朵拉朵尚 防晒喷雾 全身隔离清爽防晒乳学生防紫外线户外防晒霜女100ml 100ml,https://img06.miyabaobei.com/d1/p6/2019/02/22/bd/b4/bdb457c097686a2559aef657959cb0f7345399414.jpg@base@tag=imgScale&w=447,39.00,https://www.mia.com//item-3041390.html
CO.E韩伊 防晒露spf25 【买2送1】 保湿滋润隔离霜防晒霜成人学生军训 80g,https://img05.miyabaobei.com/d1/p6/2019/03/31/ef/de/efded12352d55d01795963d4eba1f1a4010947603.jpg@base@tag=imgScale&w=447,25.00,https://www.mia.com//item-3648016.html
香奈儿 CHANEL 防护隔离乳液,https://img06.miyabaobei.com/d1/p6/2019/04/25/67/42/6742fbccc38563afade057998d7bd26c227383072.jpg@base@tag=imgScale&w=447,449.00,https://www.mia.com//item-3825581.html
欧莱雅 L'OREAL 多重防护隔离露外御内护SPA50PA+++ 30ml防护小金管 五重防护,https://img05.miyabaobei.com/d1/p6/2019/04/19/f2/30/f2300eb2f64173e0dca02ff8423dd530528614274.jpg@base@tag=imgScale&w=447,145.00,https://www.mia.com//item-4299009.html
巴诺巴奇 舒缓修复零感防晒霜 50ml,https://img06.miyabaobei.com/d1/p6/2019/05/07/ca/ad/caad323537fd6b86f5713a66ffb8ed73133317881.jpg@base@tag=imgScale&w=447,79.00,https://www.mia.com//item-4437141.html
韩熙莲 红石榴隔离防护喷雾150ml 一喷即白防护保湿 全身可用 轻薄透气 无需卸妆,https://img05.miyabaobei.com/d1/p5/2018/08/20/1a/8f/1a8f2e838e330639984f1c1762228c1d594389152.jpg@base@tag=imgScale&w=447,59.00,https://www.mia.com//item-3648866.html
贝德玛 BIODERMA 皙妍倍护儿童防晒乳喷雾 SPF50+ 200ML,https://img06.miyabaobei.com/d1/p5/2018/07/12/83/75/83752a8b685021f7bda285f3670c0d93963487682.jpg@base@tag=imgScale&w=447,189.00,https://www.mia.com//item-3825583.html
娜丽丝 NARIS UP 【包税】保湿芳香防晒啫喱霜 90g*2支,https://img05.miyabaobei.com/d1/p5/2017/04/20/1e/be/1ebe6e9e42a7015a7417b7a940b468cc804937307.jpg@base@tag=imgScale&w=447,137.00,https://www.mia.com//item-3129372.html
怡思丁 ISDIN 多维光护儿童纯物理防晒液SPF50+    50ML 50ml 单瓶,https://img06.miyabaobei.com/d1/p6/2019/04/10/b7/a6/b7a604fd853a59a2965d165c64a4cdac753399791.jpg@base@tag=imgScale&w=447,179.00,https://www.mia.com//item-4346859.html
娜丽丝 NARIS UP 【网红推荐 包税】保湿芳香防晒啫喱霜 90g,https://img05.miyabaobei.com/d1/p5/2018/08/17/22/18/2218f22f078acb34e8c02cd85905eafa749927158.jpg@base@tag=imgScale&w=447,78.00,https://www.mia.com//item-3129361.html
一叶子 防晒乳39ml SPF35 39ml,https://img06.miyabaobei.com/d1/p6/2019/04/26/03/ae/03aedd5f9c1b203675d352e608cd38a5822452808.jpg@base@tag=imgScale&w=447,59.00,https://www.mia.com//item-4352526.html
自然堂 【全新品】雪润皙白多重隔离霜30ml SPF30+ PA+++ 30ml 淡绿色,https://img05.miyabaobei.com/d1/p6/2019/05/16/88/2e/882e5031c0686941c2f912dac4e1342e921125763.jpg@base@tag=imgScale&w=447,89.00,https://www.mia.com//item-4463722.html
V FAU 韩国再生修复防晒霜30g 面部防晒SPF50+ 30ml,https://img06.miyabaobei.com/d1/p6/2019/04/12/02/3c/023c20f4b03a337129453c2597a4bcb4415422108.jpg@base@tag=imgScale&w=447,115.00,https://www.mia.com//item-4247563.html
雅漾 Avene 儿童舒护清爽防晒乳 SPF50+ 100ml 100ml,https://img05.miyabaobei.com/d1/p5/2018/08/24/76/4c/764c05e0e6140634a1cfcf1a7d796321023644775.jpg@base@tag=imgScale&w=447,148.00,https://www.mia.com//item-3129371.html
欧莱雅 L'OREAL 多重防护隔离露 匀净 SPF50+PA++送膜力水65ml,https://img06.miyabaobei.com/d1/p6/2019/05/16/b5/34/b53489e87a301e6720906870a2458b35903428155.jpg@base@tag=imgScale&w=447,96.00,https://www.mia.com//item-4226822.html
一叶子 晒后修护芦荟胶180g （补水保湿 晒后修护 淡化痘印 舒缓肌肤 面部护理） 180g,https://img05.miyabaobei.com/d1/p6/2019/04/25/e5/fd/e5fd4a498a4bf49ece2410e1f6b74ab3045145097.jpg@base@tag=imgScale&w=447,38.00,https://www.mia.com//item-4360440.html
苏菲娜 芯美颜美白日间倍护防晒乳30ml清爽型 SPF50 PA++++保湿面部户外日本 30ml,https://img06.miyabaobei.com/d1/p6/2019/04/30/b9/a5/b9a5031107bf8243b42aae9b92e916b0944914338.jpg@base@tag=imgScale&w=447,192.00,https://www.mia.com//item-4401080.html
贝德玛 BIODERMA 皙妍清爽控油防晒乳霜 SPF30+ 40ML,https://img05.miyabaobei.com/d1/p5/2018/07/12/92/da/92dac2c0a570ad8d1ee6665faebb0b09944131916.jpg@base@tag=imgScale&w=447,159.00,https://www.mia.com//item-3825580.html
袋鼠妈妈 孕妇专用水光轻盈隔离防护喷雾补水保湿孕妇护肤品 150ml,https://img06.miyabaobei.com/d1/p5/2018/10/18/ba/cc/bacc20782d75f15db6d9a7df1b585259424719507.jpg@base@tag=imgScale&w=447,138.00,https://www.mia.com//item-3503748.html
莱斯璧 韩国水晶防晒喷雾 隔离保湿SPF50/PA+++ 180ml大容量 1瓶,https://img05.miyabaobei.com/d1/p5/2018/05/09/19/ca/19ca696af518e04ddc4e3d95232b8d3f741665836.jpg@base@tag=imgScale&w=447,59.00,https://www.mia.com//item-3503937.html
范特 VT 老虎防晒组合防晒霜60ml+喷雾150ml部防外线镇定舒缓补水清爽 防晒组合,https://img06.miyabaobei.com/d1/p6/2019/05/14/24/49/24490014c4d4008c173f1997305fd70d279848655.jpg@base@tag=imgScale&w=447,139.00,https://www.mia.com//item-4453849.html
曼秀雷敦 新碧双重保湿水感防晒露SPF50+ 80g 80g,https://img05.miyabaobei.com/d1/p6/2019/05/06/f7/83/f783c4c90bed2eca21d304a983ab4e63125675046.jpg@base@tag=imgScale&w=447,63.90,https://www.mia.com//item-4404233.html
曼秀雷敦 新碧儿童户外防晒喷雾SPF40 120ml 120ml,https://img06.miyabaobei.com/d1/p6/2019/05/06/64/fe/64fedacdb73d0d846f6de958e3aa09f6150452833.jpg@base@tag=imgScale&w=447,64.90,https://www.mia.com//item-4404243.html
娜丽丝 NARIS UP 防晒喷雾90g+玻尿酸保湿液500ml套装 防晒喷雾90g+玻尿酸保湿液500ml,https://img05.miyabaobei.com/d1/p5/2017/06/21/f5/7d/f57d3b27f17689cec8beb9de9651f842352284634.jpg@base@tag=imgScale&w=447,138.00,https://www.mia.com//item-3129370.html
mistine 泰国 AQUA水润面部防晒乳 20ml/支 SPF50 防晒霜防紫外线 20ml,https://img06.miyabaobei.com/d1/p6/2019/03/05/1f/d6/1fd600b06d0d96a247eff2210449806c507349001.jpg@base@tag=imgScale&w=447,49.00,https://www.mia.com//item-3059882.html
德玛多利 DERMATORY 低敏温和 温和防晒液 100ml 100ml,https://img05.miyabaobei.com/d1/p6/2019/03/28/36/b6/36b6b542c0a090159a61ec2f128524e7433251692.jpg@base@tag=imgScale&w=447,129.00,https://www.mia.com//item-4042518.html
MONSIEUR J MJ清爽防晒乳 清爽轻薄 防晒 50ml 50ml,https://img06.miyabaobei.com/d1/p6/2019/04/10/82/b1/82b187ccd90f2bf5ee1fc2d8f6ef69cc774074033.jpg@base@tag=imgScale&w=447,119.00,https://www.mia.com//item-4273269.html
曼秀雷敦 新碧轻透水感防晒喷雾150ml  SPF35（天蓝） 150ml,https://img05.miyabaobei.com/d1/p6/2019/05/06/43/a6/43a671db073be28ff757b0d4d73cf314234756346.jpg@base@tag=imgScale&w=447,99.00,https://www.mia.com//item-4404236.html
娜丽丝 NARIS UP 防晒喷雾90g+收敛水200ml套装 防晒喷雾90g+收敛水200ml,https://img06.miyabaobei.com/d1/p5/2017/06/21/10/8c/108c19f4bf5fd6e2d31f70148e3f373a330542471.jpg@base@tag=imgScale&w=447,138.00,https://www.mia.com//item-3129369.html
欧莱雅 L'OREAL 多重防护精华芯隔离露 80ml SPF30+++脸部身体隔离霜,https://img05.miyabaobei.com/d1/p6/2019/03/28/51/8e/518eeef9064995ecbd3430c6905e32f4649165412.jpg@base@tag=imgScale&w=447,98.00,https://www.mia.com//item-4176829.html
德玛多利 DERMATORY 温和舒缓防过敏 润色修颜防晒液 50ml 50ml,https://img06.miyabaobei.com/d1/p6/2019/03/27/ea/f9/eaf91cb3d1700676a768ceacfa8591f3806669678.jpg@base@tag=imgScale&w=447,119.00,https://www.mia.com//item-3871669.html
欧莱雅 L'OREAL 多重防护隔离露 柔紫 30ml+精华膜力水65ml,https://img05.miyabaobei.com/d1/p6/2019/05/16/a7/17/a7171e7bebe96ae48d4df833288abd52904014315.jpg@base@tag=imgScale&w=447,96.00,https://www.mia.com//item-4226881.html
迪朗贝斯 DELON 倍护沁爽防晒喷90g 1支装,https://img06.miyabaobei.com/d1/p5/2018/06/12/22/4c/224c18a739938f8c93f8afed9ea1961f926819115.jpg@base@tag=imgScale&w=447,49.00,https://www.mia.com//item-3129362.html
曼秀雷敦 新碧户外骄阳防晒乳液SPF130 35g 35g,https://img05.miyabaobei.com/d1/p6/2019/05/06/21/8a/218a64a2a21ca82ecf731c974df75bf5142621026.jpg@base@tag=imgScale&w=447,57.90,https://www.mia.com//item-4404235.html
曼秀雷敦 新碧水薄清爽防晒露SPF30 80g 80g,https://img06.miyabaobei.com/d1/p6/2019/05/06/eb/15/eb1529ec3b73e2b4b3f3f542fd78ea5b136097468.jpg@base@tag=imgScale&w=447,49.90,https://www.mia.com//item-4404234.html
自然堂 【清仓】雪润皙白多重隔离霜 SPF30+ PA+++ 30ml 淡紫色,https://img05.miyabaobei.com/d1/p5/2018/03/01/88/2e/882e5031c0686941c2f912dac4e1342e930669502.jpg@base@tag=imgScale&w=447,105.00,https://www.mia.com//item-3876564.html
爱尔塔 elta MD 紫外线防晒霜  85g/管 无油配方 85g,https://img06.miyabaobei.com/d1/p6/2019/04/22/4a/69/4a69cfa76873a71edf49039ab34c6bda132203660.jpg@base@tag=imgScale&w=447,168.00,https://www.mia.com//item-4299008.html
范特 VT 19年9月份到期 防晒霜隔离保湿提亮清爽改善暗沉SPF50 可洗UV防晒霜,https://img05.miyabaobei.com/d1/p6/2019/02/20/e7/94/e794e6fdd250bfb892191e9f46538e0f505248883.jpg@base@tag=imgScale&w=447,79.00,https://www.mia.com//item-3493898.html
相宜本草 红景天幼白隔离防护乳面部隔离防晒霜女50g 50g,https://img06.miyabaobei.com/d1/p5/2018/03/31/51/7c/517cd013b5a47e12e0d2db5b0b59410b827245319.jpg@base@tag=imgScale&w=447,65.00,https://www.mia.com//item-3665973.html
第一三共 【日本直邮】transino防晒隔离乳液 40ml,https://img05.miyabaobei.com/d1/p5/2017/09/27/84/11/84114bd4eeab1d2f581d2ea7eb21aadf826514775.jpg@base@tag=imgScale&w=447,339.00,https://www.mia.com//item-3490329.html
