糯米妈咪 孕妇连衣裙夏季短袖上衣中长款宽松吊带碎花裙子两件套孕妇装夏装 白T+吊带裙 白色套装XL,https://img05.miyabaobei.com/d1/p5/2018/03/14/bb/68/bb6850c4c8f4906cd89590cade3ba7c0003673867.jpg@base@tag=imgScale&w=447,112.00,https://www.mia.com//item-4116724.html
妙恋霖 哺乳衣夏季新款短袖哺乳装上衣外出时尚辣妈款圆领产后短袖T恤喂奶衣 626军绿色 L,https://img06.miyabaobei.com/d1/p6/2019/03/14/b5/08/b50835f9eb291ddcc23d77fdcaaa55f8574216304.jpg@base@tag=imgScale&w=447,59.00,https://www.mia.com//item-4123383.html
妙恋霖 孕妇装秋装套装时尚款2018新款韩版孕妇宽松上衣休闲孕妇两件套秋 粉色条纹上衣 L,https://img05.miyabaobei.com/d1/p5/2018/09/06/95/9f/959f389dd25b685a665234169c6f829e243202548.jpg@base@tag=imgScale&w=447,98.00,https://www.mia.com//item-4123495.html
糯米妈咪 孕妇春装套装2018新款时尚碎花吊带裙大码孕妇连衣裙中长款两件套 两件套孕妇裙 藏青色M,https://img06.miyabaobei.com/d1/p5/2018/03/24/37/b8/37b84999d53bfedfee4261574b0c5ec7984995986.jpg@base@tag=imgScale&w=447,168.00,https://www.mia.com//item-4116716.html
妙恋霖 孕妇装2019新款春秋假两件拼接条纹宽松哺乳上衣孕妇托腹裤套装 孕妇卫衣 黑白条M,https://img05.miyabaobei.com/d1/p5/2018/09/30/2c/91/2c91f14c33da755b55acbbedf9febb30844062656.jpg@base@tag=imgScale&w=447,89.00,https://www.mia.com//item-4121702.html
米度丽 孕妇裤夏季外穿长裤孕妇安心打底裤孕妇装外穿裤子长托腹裤孕妇裤夏季打底裤安全女裤子 夏秋款-深灰 XL,https://img06.miyabaobei.com/d1/p6/2019/04/14/61/17/6117e62c65e0b96a205c7211278d67a7281264112.jpg@base@tag=imgScale&w=447,35.00,https://www.mia.com//item-3484765.html
米度丽 孕妇裤春秋裤孕妇打底裤2019新款托腹长裤孕妇打底裤外穿女裤子夏天打底裤九分裤子女裤 夏秋款-薄荷绿 M,https://img05.miyabaobei.com/d1/p6/2019/03/12/90/f4/90f4b8cf9bd9679763d0fea4380dc4ac814777916.jpg@base@tag=imgScale&w=447,19.90,https://www.mia.com//item-3484906.html
米度丽 哺乳衣外出月子服哺乳衣外穿长袖上衣春秋时尚产后喂奶衣2019打底衫哺乳t恤春装 粉色白条 L,https://img06.miyabaobei.com/d1/p6/2019/03/21/f2/7b/f27b3825374bb529629e515ee005badc565944664.jpg@base@tag=imgScale&w=447,49.00,https://www.mia.com//item-3486594.html
糯米妈咪 夏季薄款纯棉纱布月子服春秋产后哺乳衣产妇喂奶孕妇睡衣春夏 纯棉纱布套装 粉色百合M,https://img05.miyabaobei.com/d1/p5/2018/05/10/9d/5e/9d5e098b8b3b5d772be27ccd01296c0e345157249.jpg@base@tag=imgScale&w=447,128.00,https://www.mia.com//item-3481700.html
妙恋霖 孕妇装新款时尚韩版中长款舒适印花短袖长袖孕妇T恤 T1020天蓝 XXL,https://img06.miyabaobei.com/d1/p5/2018/07/26/b0/c9/b0c927dfe7d286b3d881e594195991e7170271207.jpg@base@tag=imgScale&w=447,79.00,https://www.mia.com//item-4123625.html
妙恋霖 孕妇装连衣裙短袖宽松雪纺孕妇裙子时尚孕妇装夏天裙子网纱哺乳衣 灰色 L,https://img05.miyabaobei.com/d1/p6/2019/05/12/38/8e/388e5e517ffbc068dfdee198f145788a522749831.jpg@base@tag=imgScale&w=447,109.00,https://www.mia.com//item-4438422.html
束兜 夏装上衣t恤星球亮片韩版印花短袖大码T恤宽松中长款打底衫大码女装 【豹纹米奇款】 紫红L,https://img06.miyabaobei.com/d1/p6/2019/04/08/0e/04/0e04e9799619cf8c65ffeed1ce77f6c0295041542.jpg@base@tag=imgScale&w=447,69.00,https://www.mia.com//item-4213439.html
妙恋霖 孕妇装夏装上衣春夏季时尚女两件套宽松拼接网纱套装连衣裙子夏天T恤春装 短袖粉色上衣 XL,https://img05.miyabaobei.com/d1/p6/2019/05/10/5f/91/5f91d271e60e23383e8d4396db573a7e794532556.jpg@base@tag=imgScale&w=447,88.00,https://www.mia.com//item-4441578.html
妙恋霖 孕妇连衣裙夏碎花裙套装吊带裙孕妇套装裙中长款两件套孕妇装夏装 9944绿色套装 L,https://img06.miyabaobei.com/d1/p6/2019/03/13/17/26/17269e211444ed98fd00172258f2a201528856676.jpg@base@tag=imgScale&w=447,99.00,https://www.mia.com//item-4122705.html
米度丽 孕妇裤春秋孕妇打底裤春夏装弹力孕妇裤子九分裤托腹小脚裤外穿长裤女裤子 浅灰色 M,https://img05.miyabaobei.com/d1/p5/2017/07/03/a2/a2/a2a261c1f2c1835cc2e7f7344b53a6c2636007173.jpg@base@tag=imgScale&w=447,39.00,https://www.mia.com//item-3484936.html
黔允 孕妇装2019夏装新款时尚韩版雪纺碎花吊带孕妇两件套连衣裙 9941黑色套装 XXL,https://img06.miyabaobei.com/d1/p6/2019/03/06/71/02/7102d5375a2b6541150fc6c1199aa212551376233.jpg@base@tag=imgScale&w=447,98.00,https://www.mia.com//item-4119899.html
妙恋霖 孕妇装夏装T恤2019时尚款新款短袖上衣中长款大码连衣裙宽松套装潮 单件粉色上衣 XL,https://img05.miyabaobei.com/d1/p6/2019/05/10/b8/f8/b8f89c4c5b97b80ad5336911e7f6c06c735171763.jpg@base@tag=imgScale&w=447,79.00,https://www.mia.com//item-4441391.html
妙恋霖 孕妇背带裤新款时尚款夏季两件套潮妈春秋装薄款外穿孕妇裤子 单件粉色背带裤 XXL,https://img06.miyabaobei.com/d1/p5/2018/07/11/23/d2/23d24cfd9a856eb047d4f2b7b977c5de167078437.jpg@base@tag=imgScale&w=447,98.00,https://www.mia.com//item-4208732.html
妙恋霖 孕妇春秋装2019中长款外出时尚产后喂奶衣蝴蝶结袖孕妇A字连衣裙 孕妇裙-春秋款 杏粉色XXL,https://img05.miyabaobei.com/d1/p5/2018/09/13/2a/2c/2a2c84af6219818f763cf10d5a592d1c218125848.jpg@base@tag=imgScale&w=447,79.00,https://www.mia.com//item-4115227.html
妙恋霖 孕妇春秋套装时尚款2019新款潮妈卡通两件套怀孕期孕妇套装春秋季 黑色上衣 XL,https://img06.miyabaobei.com/d1/p5/2018/08/14/0b/24/0b24320e9a4d101d9b63a284187b0b6c242326680.jpg@base@tag=imgScale&w=447,88.00,https://www.mia.com//item-4121355.html
束兜 夏装哺乳裙套装时尚韩版网纱拼接宽松显瘦外出喂奶衣两件套 黑色 L,https://img05.miyabaobei.com/d1/p6/2019/04/20/ed/ca/edca785fb6ca6d91c2d75eb87cbe75ef301683266.jpg@base@tag=imgScale&w=447,108.00,https://www.mia.com//item-4121159.html
米度丽 孕妇裤春夏2019新款孕妇外穿托腹裤子九分裤蕾丝孕妇打底裤春秋孕妇调节裤显瘦长裤子女 浅灰色 M,https://img06.miyabaobei.com/d1/p6/2019/04/14/69/28/6928e104c2b21693afde43a1af85623a347698811.jpg@base@tag=imgScale&w=447,29.00,https://www.mia.com//item-4117643.html
妙恋霖 孕妇t恤夏2019新款中长款体恤短袖上衣宽松夏装孕妇连衣裙卡通潮 8941白色 L,https://img05.miyabaobei.com/d1/p6/2019/03/13/39/22/3922a8309ec5c418515f73d7420d97bf094438013.jpg@base@tag=imgScale&w=447,56.00,https://www.mia.com//item-4123435.html
妙恋霖 孕妇套装春秋装长袖条纹宽松花边上衣T恤中长款连衣裙两件套 春秋蓝色(单件上衣) XXL,https://img06.miyabaobei.com/d1/p5/2018/08/31/80/32/803247686f7607aa4217080bc52df9ea094756497.jpg@base@tag=imgScale&w=447,78.00,https://www.mia.com//item-4121404.html
妙恋霖 孕妇装夏装短袖连衣裙2019夏季韩版假两件上衣中长款孕妇裙哺乳衣 孕妇款 浅绿色M,https://img05.miyabaobei.com/d1/p6/2019/03/13/5f/6f/5f6f74dc68152c262d78932090bb209c561855704.jpg@base@tag=imgScale&w=447,98.00,https://www.mia.com//item-4123092.html
妙恋霖 孕妇装夏装2019韩版时尚款裙子宽松条纹中长款孕妇可哺乳连衣裙 粉色*常规款 XL,https://img06.miyabaobei.com/d1/p5/2018/07/16/09/81/09818cf629f133fae092849ace4157f7564396215.jpg@base@tag=imgScale&w=447,86.00,https://www.mia.com//item-3502462.html
妙恋霖 孕妇装套装春秋装2019新款时尚T恤韩版中长款刺绣孕妇连衣裙 孕妇套装 粉色+灰色裤子L,https://img05.miyabaobei.com/d1/p5/2018/08/02/65/95/659510a74d2eed32731f3d2a0eef83f5223868428.jpg@base@tag=imgScale&w=447,119.00,https://www.mia.com//item-4121879.html
糯米妈咪 月子服春秋长袖产后外出喂奶衣秋季产妇哺乳孕妇睡衣孕妇装夏装 粉红色 XXXL,https://img06.miyabaobei.com/d1/p5/2017/08/21/92/7e/927ea639e048e11218d183e0940d3eef031692883.jpg@base@tag=imgScale&w=447,89.00,https://www.mia.com//item-3481655.html
妙恋霖 孕妇背带裤套装春季新款潮妈时尚款复古牛仔背带孕妇裤宽松怀孕期两件套 单件背带裤 黑色XL,https://img05.miyabaobei.com/d1/p6/2018/12/30/e6/9d/e69d25d565a28f83cc3651e7ff98757d805815399.jpg@base@tag=imgScale&w=447,108.00,https://www.mia.com//item-3501120.html
黔允 孕妇装2019年夏季新款时尚舒适卡通可爱可哺乳孕妇两件套连衣裙 168字母印花 XL,https://img06.miyabaobei.com/d1/p5/2018/04/10/70/ba/70baf29abd1eaac25880faf9e8462b03733188077.jpg@base@tag=imgScale&w=447,88.00,https://www.mia.com//item-3498332.html
欧丽妈咪 孕妇夏装连衣裙2019夏季新款春夏3-9个月宽松孕妇装夏装雪纺裙子 清新蓝色 M,https://img05.miyabaobei.com/d1/p5/2018/03/29/93/c8/93c88b35970337ec6250248bb100c26d881623620.jpg@base@tag=imgScale&w=447,128.00,https://www.mia.com//item-3479930.html
黔允 孕妇装2019夏季新款时尚印花吊带雪纺连衣裙+短袖T孕妇两件套 图片色 M,https://img06.miyabaobei.com/d1/p5/2018/05/23/82/49/8249c4080ce84b16dbcc1bb43a0a00c1411502502.jpg@base@tag=imgScale&w=447,98.00,https://www.mia.com//item-3497423.html
妙恋霖 喂奶衣外出哺乳衣短袖夏季潮妈假两件孕妇连衣裙夏装时尚外出产后月子服2019潮 小女孩印花 L,https://img05.miyabaobei.com/d1/p6/2019/02/26/02/6f/026f8810b8231beb93df1885158c98ce902551308.jpg@base@tag=imgScale&w=447,89.00,https://www.mia.com//item-4123045.html
妙恋霖 孕妇套装2019夏装新款韩版孕妇装夏休闲运动短裤孕妇两件套孕妇装 泰迪熊-粉色 L,https://img06.miyabaobei.com/d1/p6/2019/04/11/2f/98/2f9839e681b307071b21fe53a12485e5672502508.jpg@base@tag=imgScale&w=447,99.00,https://www.mia.com//item-4233636.html
妙恋霖 孕妇装夏装t恤2019新款时尚套装短袖上衣服宽松夏天中长款连衣裙 单件T恤 粉红色XXL,https://img05.miyabaobei.com/d1/p6/2019/03/31/df/c5/dfc5f41eeb3529145f76cfb59ff94d21658176919.jpg@base@tag=imgScale&w=447,79.00,https://www.mia.com//item-4091737.html
米度丽 孕妇裤孕妇打底裤春夏新款托腹裤九分裤子2019春秋装显瘦孕妇裤裤子外穿女裤子打底裤 5512 深灰 XL,https://img06.miyabaobei.com/d1/p6/2019/04/14/7d/8b/7d8b75812430a10c17dd8a82b0d6f5d5335769616.jpg@base@tag=imgScale&w=447,42.00,https://www.mia.com//item-4247954.html
米度丽 哺乳衣外出 大码孕妇T恤产后喂奶衣短袖家居春装上衣棉T恤女装 粉红色 M,https://img05.miyabaobei.com/d1/p6/2019/03/31/58/04/58048292173ba6e1b5dea05e13bcb8c7053869403.jpg@base@tag=imgScale&w=447,28.00,https://www.mia.com//item-3486554.html
黔允 孕妇装2019夏季新款时尚休闲背带裤新款韩版宽松可爱两件套套装 黑色 XL,https://img06.miyabaobei.com/d1/p5/2018/04/21/3d/31/3d3114a89a0d9421033817388cae3dac737678831.jpg@base@tag=imgScale&w=447,108.00,https://www.mia.com//item-3498360.html
妙恋霖 孕妇夏装短袖T恤2019韩版新款时尚亮片开叉宽松孕妇连衣裙 黑色 XXL,https://img05.miyabaobei.com/d1/p6/2019/04/13/2f/c0/2fc0982e8603841a070ecdf282044726327122566.jpg@base@tag=imgScale&w=447,99.00,https://www.mia.com//item-4316898.html
米度丽 哺乳衣外出哺乳期春装外出时尚春季哺乳衣外出秋款短袖喂奶衣产后衣服潮妈短袖上衣女夏 背心款 藏青 XL,https://img06.miyabaobei.com/d1/p6/2019/04/14/a5/a2/a5a2406413397053191d25b9dca47017264196409.jpg@base@tag=imgScale&w=447,35.00,https://www.mia.com//item-4247969.html
凡唯美 2019夏季新款流行女装闺蜜装裙子韩版减龄T恤+背带裤两件套装 白色裙套装 M,https://img05.miyabaobei.com/d1/p6/2019/05/15/f1/3a/f13a665e2aa4cd0e5b69bc8416a05c7f951163118.jpg@base@tag=imgScale&w=447,98.00,https://www.mia.com//item-4457587.html
妙恋霖 孕妇套装韩版时尚打底衫上衣+七分托腹短裤中长款短袖T恤两件套 1062粉色单件上衣 XL,https://img06.miyabaobei.com/d1/p6/2019/03/05/7e/ef/7eef273d7c07d877cccda60810cc78dd165439424.jpg@base@tag=imgScale&w=447,59.00,https://www.mia.com//item-4121485.html
束兜 孕妇夏装连衣裙子2019夏季新款时尚潮妈夏天孕妇装连衣裙 孕妇裙 白色M,https://img05.miyabaobei.com/d1/p6/2019/02/27/0b/6a/0b6aa4d14fee98459d248d23fba2fcf3741355856.jpg@base@tag=imgScale&w=447,109.00,https://www.mia.com//item-4121189.html
米度丽 春秋月子服棉孕妇睡衣哺乳衣套装月子服春夏产后产妇喂奶衣家居服套装春装 绿色 M,https://img06.miyabaobei.com/d1/p6/2019/03/12/00/26/00263616346339dc9f69119e57ecbb9a617506092.jpg@base@tag=imgScale&w=447,99.00,https://www.mia.com//item-3484416.html
黔允 孕妇装2019夏季常规+哺乳新款韩版中长款短袖纯棉T恤纯棉孕妇哺乳连衣裙 白色 XXL,https://img05.miyabaobei.com/d1/p5/2018/03/27/31/aa/31aad78114f3933883308b37900a1c22154815232.jpg@base@tag=imgScale&w=447,98.00,https://www.mia.com//item-3498393.html
黔允 常规+哺乳2019夏季时尚无袖A字蓬蓬裙透气孕妇哺乳连衣裙 白色常规款 M,https://img06.miyabaobei.com/d1/p6/2019/05/03/b9/a9/b9a9fe1562ed58d699dc3f92954b59a3973027861.jpg@base@tag=imgScale&w=447,88.00,https://www.mia.com//item-4396880.html
米度丽 孕妇裤孕妇打底裤春秋长裤孕妇裤运动裤大码外穿 2019长裤女裤子九分裤休闲裤女裤子夏 5512 黑色 L,https://img05.miyabaobei.com/d1/p6/2019/02/27/30/4b/304be18cd14c10fbaea46f7a270f6583576153581.jpg@base@tag=imgScale&w=447,39.00,https://www.mia.com//item-4247949.html
妙恋霖 孕妇装春秋装大码长袖蕾丝拼接T恤打底衫卫衣上衣中长款连衣裙套装 孕妇裙 粉色上衣XL,https://img06.miyabaobei.com/d1/p5/2018/08/04/c0/c0/c0c0db4c448fb3ab0216a1053ae3249c951295234.jpg@base@tag=imgScale&w=447,88.00,https://www.mia.com//item-4122792.html
黔允 孕妇装2019夏季新款时尚韩版条纹孕妇两件套装 蓝色 M,https://img05.miyabaobei.com/d1/p5/2018/03/23/e5/b1/e5b13f8d66275eb62cc32b2bb9e8bf41143346176.jpg@base@tag=imgScale&w=447,98.00,https://www.mia.com//item-3498410.html
妙恋霖 哺乳衣外出夏季时尚辣妈款孕妇连衣裙中长辣妈款V领碎花雪纺潮妈喇叭袖长裙子 孕妇款 黄色XL,https://img06.miyabaobei.com/d1/p6/2019/04/20/af/46/af46d3683e369c2eec6fe50aa5511371408862197.jpg@base@tag=imgScale&w=447,98.00,https://www.mia.com//item-4317074.html
妙恋霖 孕妇夏装吊带连衣裙辣妈款时尚产后短袖哺乳衣夏季雪纺孕妇连衣裙两件套度假沙滩裙 孕妇款-白色两件套 M,https://img05.miyabaobei.com/d1/p6/2019/04/23/7b/e7/7be7ba2ab97cac1b1557481a82b0b9f8023998792.jpg@base@tag=imgScale&w=447,108.00,https://www.mia.com//item-4386055.html
妙恋霖 秋装孕妇粉红豹印花卫衣韩版时尚中长款打底衫连衣裙套装 卫衣 黑色XL,https://img06.miyabaobei.com/d1/p5/2018/09/09/8e/86/8e8648d31003b96cc64c4ebe6c73f553275732796.jpg@base@tag=imgScale&w=447,98.00,https://www.mia.com//item-3502250.html
妙恋霖 孕妇夏装连衣裙2019新款t恤时尚套装短袖上衣服中长款夏天裙子潮 单件上衣 蓝色L,https://img05.miyabaobei.com/d1/p6/2019/03/31/b7/1f/b71ff9a8b01e632e52e634db7942891c258862955.jpg@base@tag=imgScale&w=447,89.00,https://www.mia.com//item-4091827.html
妙恋霖 哺乳裙春秋季2019时尚韩版潮妈产后喂奶针织裙外出显瘦哺乳连衣裙 孕妇装 咖啡色XL,https://img06.miyabaobei.com/d1/p6/2019/01/06/93/48/9348ab2fcd52812dff75b0f8bd730638598864105.jpg@base@tag=imgScale&w=447,98.00,https://www.mia.com//item-3502402.html
黔允 常规+哺乳裙2019夏季新款时尚五分袖中长款V领雪纺孕妇哺乳连衣裙 白色孕妇款 L,https://img05.miyabaobei.com/d1/p6/2019/04/26/00/04/00048a92f2ef71283167208ecb416cc3925379556.jpg@base@tag=imgScale&w=447,98.00,https://www.mia.com//item-4357194.html
米度丽 孕妇裤夏季款孕妇背带裤九分雪纺阔腿裤宽松百褶吊带连体裤韩版夏季薄款连体裤宽松阔腿 绿色 L,https://img06.miyabaobei.com/d1/p5/2017/05/08/98/46/9846cbfa3f400103a4c5bc6b5553cd70358547777.jpg@base@tag=imgScale&w=447,88.00,https://www.mia.com//item-3486866.html
黔允 孕妇装2019夏季新款时尚韩版鱼尾网纱吊带宽松孕妇连衣裙两件套 藏青色 M,https://img05.miyabaobei.com/d1/p5/2018/03/23/fe/45/fe45848de0d6c8fdcfbc7e10a09921fa121071937.jpg@base@tag=imgScale&w=447,108.00,https://www.mia.com//item-3498762.html
糯米妈咪 孕妇打底裤丝袜薄款防勾丝怀孕期托腹可调节打底袜春秋孕妇连裤袜 托腹两条装丝袜 黑色踩脚2条,https://img06.miyabaobei.com/d1/p5/2018/08/20/79/8e/798e9e3c933405e3047ecbef54576b98792685954.jpg@base@tag=imgScale&w=447,69.00,https://www.mia.com//item-3481754.html
妙恋霖 哺乳衣外出套装2018夏季新款宽松条纹喂奶上衣休闲裤子两件套 白色 M,https://img05.miyabaobei.com/d1/p5/2018/07/11/07/52/075204b6d4ac0eac3a28be340d0a1d7e191581902.jpg@base@tag=imgScale&w=447,98.00,https://www.mia.com//item-4121445.html
妙恋霖 孕妇夏装套装时尚款夏季T恤短袖九分裤子休闲宽松两件套 单件白色T恤 XXL,https://img06.miyabaobei.com/d1/p5/2018/07/12/82/83/82833c56ad9e5d2d3bad16ad09dec89c256846764.jpg@base@tag=imgScale&w=447,69.00,https://www.mia.com//item-3501192.html
妙恋霖 孕妇装夏装时尚百搭宽松显瘦绑带蝴蝶结不规则中长款裙子A字性感多色无袖吊带连衣裙 单件裙 黑色XXL,https://img05.miyabaobei.com/d1/p6/2019/03/30/39/b6/39b6457858d4ab859d4b6a8abbd724c8342526312.jpg@base@tag=imgScale&w=447,99.00,https://www.mia.com//item-4091667.html
妙恋霖 孕妇装夏季2019时尚新款韩版潮妈宽松孕妇连衣裙女短袖夏天长裙子 黑色 XL,https://img06.miyabaobei.com/d1/p6/2019/04/07/fb/06/fb06aa2ac96c720713341eaad9553c9f668398562.jpg@base@tag=imgScale&w=447,98.00,https://www.mia.com//item-4198269.html
妙恋霖 哺乳裙秋季辣妈款时尚孕妇产后喂奶衣外出潮妈长袖针织哺乳连衣裙 桔色哺乳短款 XXL,https://img05.miyabaobei.com/d1/p5/2018/09/07/a7/74/a774d09f930aaa35131f53dbc2bf4a92874845236.jpg@base@tag=imgScale&w=447,88.00,https://www.mia.com//item-3501300.html
亚瑟魔衣 孕妇装新款韩版春秋条纹棉卫衣+打底裤两件套 粉色上衣 M,https://img06.miyabaobei.com/d1/p5/2018/03/03/c4/62/c462094b1a41093bc0d597d48a4090dd633536446.jpg@base@tag=imgScale&w=447,98.00,https://www.mia.com//item-3480050.html
束兜 孕妇装夏季连衣裙2019新款韩版ulzzang网纱拼接t恤裙宽松孕妇连衣裙 黑色 M,https://img05.miyabaobei.com/d1/p6/2019/03/20/c3/ea/c3ea433b4ee906a09dd989b07fb9c289867704667.jpg@base@tag=imgScale&w=447,108.00,https://www.mia.com//item-4121098.html
欧丽妈咪 孕妇春装套装时尚款2019新款潮妈宽松条纹卫衣韩版大码孕妇上衣 条纹上衣 XL,https://img06.miyabaobei.com/d1/p5/2018/07/27/4f/dd/4fdd89137babeec3a1c7a9ac29bd291a750904012.jpg@base@tag=imgScale&w=447,118.00,https://www.mia.com//item-3479210.html
束兜 孕妇装夏季连衣裙2019韩版新款时尚亮片开叉宽松纯棉孕妇连衣裙 天蓝色 XL,https://img05.miyabaobei.com/d1/p6/2019/05/06/2f/c0/2fc0982e8603841a070ecdf282044726288656365.jpg@base@tag=imgScale&w=447,89.00,https://www.mia.com//item-4413751.html
束兜 减龄两穿孕妇装两件套2019夏季短袖条纹T恤+背带裤短裤套装辣妈外出套装 黄色 L,https://img06.miyabaobei.com/d1/p6/2019/04/09/d5/35/d53525156528ca2c9045f3b3ee9d7490899472024.jpg@base@tag=imgScale&w=447,109.00,https://www.mia.com//item-4213809.html
黔允 孕妇装2019夏装新款时尚韩版短袖蕾丝腹围可调节孕妇两件套连衣裙 米白色 XXL,https://img05.miyabaobei.com/d1/p5/2018/04/06/34/51/34512395cc9373d34d27372530481c5c057211172.jpg@base@tag=imgScale&w=447,108.00,https://www.mia.com//item-3497560.html
妙恋霖 孕妇夏装套装时尚款2019新款韩版宽松百搭印花露肩T恤上衣夏季蝙蝠袖短袖两件套 单件上衣 湖蓝色XL,https://img06.miyabaobei.com/d1/p6/2019/04/14/ba/63/ba631afc0dec17fe6b07fe15e11d4a96323671320.jpg@base@tag=imgScale&w=447,98.00,https://www.mia.com//item-4317733.html
妙恋霖 夏季宽松牛仔孕妇两件套百搭孕妇背带裙短裤哺乳两件套套装 黑色背带裤 XL,https://img05.miyabaobei.com/d1/p5/2018/07/12/a1/a2/a1a27365b1ffdf82ac4fa8e8618cc7d8048295592.jpg@base@tag=imgScale&w=447,80.00,https://www.mia.com//item-4121829.html
妙恋霖 孕妇装小清新连衣裙2019新款韩版时尚孕妇夏中长款短袖网纱裙两件套连衣裙 蓝色-可哺乳 XL,https://img06.miyabaobei.com/d1/p6/2019/04/11/ec/1e/ec1e429ad84432776d9dcc1f78adc5d7179485410.jpg@base@tag=imgScale&w=447,108.00,https://www.mia.com//item-4386053.html
糯米妈咪 春夏季薄款纱棉月子服孕妇产后喂奶哺乳衣大码长袖睡衣 粉红色 XL,https://img05.miyabaobei.com/d1/p5/2017/07/11/cc/17/cc17b679b4731b8b028dd594fae2131e557084916.jpg@base@tag=imgScale&w=447,98.00,https://www.mia.com//item-3481685.html
妙恋霖 孕妇装夏天裙子2019早春新款五分袖露肩孕妇夏装t恤上衣夏季哺乳连衣裙 绿色-可哺乳 L,https://img06.miyabaobei.com/d1/p6/2019/03/10/3a/aa/3aaad00e54db9a82396a23d61b476176304669955.jpg@base@tag=imgScale&w=447,88.00,https://www.mia.com//item-4123475.html
糯米妈咪 孕妇装夏装韩版短袖连衣裙时尚长款潮妈拼接网纱孕妇裙夏款夏季裙子 黑色 L,https://img05.miyabaobei.com/d1/p5/2018/05/03/e2/04/e2043680f911e719331c8370b3dd816d586998568.jpg@base@tag=imgScale&w=447,128.00,https://www.mia.com//item-4116779.html
黔允 孕妇装2019夏季新款时尚韩版雪纺印花中长款孕妇连衣裙 粉红色 XXL,https://img06.miyabaobei.com/d1/p6/2019/03/16/a7/43/a7435c926ce7b489ee723ede3b2934ad266558619.jpg@base@tag=imgScale&w=447,98.00,https://www.mia.com//item-4120169.html
束兜 孕妇装夏装上衣t恤连衣裙韩版字母印花短袖大码T恤宽松中长款 白色 XXL,https://img05.miyabaobei.com/d1/p6/2019/04/08/b4/32/b4321c68e44652e8970a5cbf3307abbc388783193.jpg@base@tag=imgScale&w=447,69.00,https://www.mia.com//item-4213469.html
亚瑟魔衣 孕妇装2019夏装新款卡通长款过膝短袖T恤女衫超大码宽松孕妇全棉半袖体恤裙 橘色 L,https://img06.miyabaobei.com/d1/p6/2019/04/26/d3/fd/d3fd0650eea0b9961f8645cc7b79519f734385541.jpg@base@tag=imgScale&w=447,108.00,https://www.mia.com//item-4355084.html
欧丽妈咪 孕妇连衣裙夏季2019新款孕妇夏装哺乳雪纺裙子中长款宽松大码上衣 白色 L,https://img05.miyabaobei.com/d1/p6/2019/04/04/88/58/88588ddc265935a0bf0b5d1e94ab056a662734747.jpg@base@tag=imgScale&w=447,156.00,https://www.mia.com//item-3479920.html
妙恋霖 孕妇装新款小清新夏装中长款条纹字母T恤宽松拼网纱孕妇连衣裙 紫红色 L,https://img06.miyabaobei.com/d1/p6/2019/03/19/f7/55/f75552ce25a619c41f9f9329abe4d079606479954.jpg@base@tag=imgScale&w=447,89.00,https://www.mia.com//item-4122895.html
亚瑟魔衣 孕妇装2019新款孕妇夏装短袖t恤春装上衣中长款纯棉大码连衣裙时尚孕妇装 浅粉色 L,https://img05.miyabaobei.com/d1/p6/2019/04/27/41/6b/416b0b93ac6c41af99ed31f93b7e66fe489108779.jpg@base@tag=imgScale&w=447,88.00,https://www.mia.com//item-4355244.html
妙恋霖 孕妇装2019春秋装新款韩版波点网纱开叉时尚哺乳连衣裙 黑色-孕妇装 XXXL,https://img06.miyabaobei.com/d1/p5/2018/07/20/7a/f5/7af5edb9a625dc83f55398d9cd82d840615776175.jpg@base@tag=imgScale&w=447,99.00,https://www.mia.com//item-3502102.html
黔允 2019春季孕妇装新款长袖T+吊带碎花两件套孕妇连衣裙 白T+藏青色裙 加大XXXL,https://img05.miyabaobei.com/d1/p6/2019/02/17/82/7d/827dcdcf70d7b4f1c3b26adfa7e3088c833839154.jpg@base@tag=imgScale&w=447,98.00,https://www.mia.com//item-3497482.html
黔允 孕妇装2019夏季新款时尚中长款纯棉拼接网纱蝴蝶结系带孕妇连衣裙 蓝色 XXL,https://img06.miyabaobei.com/d1/p6/2019/05/07/fb/b6/fbb67599c71b7a9471e21f5db5f91942433146451.jpg@base@tag=imgScale&w=447,98.00,https://www.mia.com//item-4413381.html
束兜 孕妇裙夏装夏季新款孕妇时尚V领镂空连衣裙两件套 卡其色 XXXXL,https://img05.miyabaobei.com/d1/p5/2018/03/26/c0/83/c083118c583a5d950452f0a066b8eb55936037289.jpg@base@tag=imgScale&w=447,89.00,https://www.mia.com//item-4120668.html
黔允 孕妇装2019夏季新款时尚韩版款纯棉短袖上衣+阔腿托腹裤孕妇两件套 白上衣+黑裤 L,https://img06.miyabaobei.com/d1/p5/2018/05/16/03/ca/03cad7a7b70ffc7e1c1eb9bb1c727029410673647.jpg@base@tag=imgScale&w=447,108.00,https://www.mia.com//item-3497566.html
米度丽 哺乳衣外出上衣哺乳春夏时尚产后喂奶衣春哺乳t恤打底衫夏装潮妈短袖上衣哺乳衣短袖 白色红条 XL,https://img05.miyabaobei.com/d1/p6/2019/01/17/1a/e4/1ae4649ac0e86502789d89161653b0bb066686057.jpg@base@tag=imgScale&w=447,69.00,https://www.mia.com//item-3486574.html
黔允 孕妇装2019夏季新款时尚中长款亮片刺绣绣花拼接鱼尾裙摆宽松孕妇连衣裙 黄色 XXL,https://img06.miyabaobei.com/d1/p6/2019/05/11/8f/b6/8fb6cd58c1188372f77b077de79bc392407323977.jpg@base@tag=imgScale&w=447,98.00,https://www.mia.com//item-4440842.html
黔允 孕妇装夏装新款时尚韩版网纱拼接印花长款孕妇连衣裙 蓝色 XXL,https://img05.miyabaobei.com/d1/p5/2018/04/15/07/0f/070f9af362c93b98a720b960048888f1623946901.jpg@base@tag=imgScale&w=447,98.00,https://www.mia.com//item-3498782.html
亚瑟魔衣 孕妇裙夏季新款韩版撞色字母印花宽松大码短袖孕妇T恤连衣裙子 黑色 XXL,https://img06.miyabaobei.com/d1/p6/2019/04/27/b6/fc/b6fc6aa1c39124b8cde125d4af4ef673515893942.jpg@base@tag=imgScale&w=447,98.00,https://www.mia.com//item-4356034.html
妙恋霖 孕妇牛仔背带裤女2019新款夏季韩版宽松刺绣闺蜜装直筒连体背带短裤套装潮 背带短裤 L,https://img05.miyabaobei.com/d1/p6/2019/04/27/ab/b1/abb112afeebd279d106a8e8f49c93502573607848.jpg@base@tag=imgScale&w=447,98.00,https://www.mia.com//item-4357238.html
欧丽妈咪 孕妇春装连衣裙2019春秋新款上衣裙子韩版时尚中长款大码打底衬衫 衬衫裙 L,https://img06.miyabaobei.com/d1/p6/2019/03/13/6d/95/6d95f9113ce1c394789b500be5841e81650084653.jpg@base@tag=imgScale&w=447,136.00,https://www.mia.com//item-3480011.html
黔允 孕妇装2019夏装新款时尚孕妇装孕妇上衣中长款短袖孕妇裙T恤连衣裙 藏青色 M,https://img05.miyabaobei.com/d1/p5/2018/04/02/ad/20/ad200748cb97ca44c5d3bece41b377a0829152787.jpg@base@tag=imgScale&w=447,98.00,https://www.mia.com//item-4120358.html
妙恋霖 秋季新款长袖外出哺乳连衣裙刺绣韩版孕妇产后外出喂奶衣辣妈款 哺乳裙 黄色M,https://img06.miyabaobei.com/d1/p5/2018/09/06/5b/c8/5bc80ade1ae02c4c649643d200ba9208180004790.jpg@base@tag=imgScale&w=447,98.00,https://www.mia.com//item-3502586.html
黔允 孕妇装2019夏季新款时尚韩版短袖棉麻中长款孕妇哺乳连衣裙 藏青 M,https://img05.miyabaobei.com/d1/p5/2018/04/01/bf/0f/bf0f8bca091ebdc3d51f5d646fd3e89d935485126.jpg@base@tag=imgScale&w=447,88.00,https://www.mia.com//item-3498422.html
黔允 孕妇装2019夏季新款时尚网纱袖中长款拼接鱼尾孕妇连衣裙 蓝色 XL,https://img06.miyabaobei.com/d1/p6/2019/03/09/84/7e/847eaeb5deb734c7e86bdc4645f1ea60396174113.jpg@base@tag=imgScale&w=447,98.00,https://www.mia.com//item-4120408.html
欧丽妈咪 孕妇时尚套装春秋款孕妈潮装孕妇春装上衣两件套夏装宽松孕妇t恤 果绿上衣 L,https://img05.miyabaobei.com/d1/p6/2019/03/26/56/d2/56d2c5b98a0c94812157db3d0adbb643736352487.jpg@base@tag=imgScale&w=447,88.00,https://www.mia.com//item-3859354.html
亚瑟魔衣 孕妇装新款弹力条纹拼色假两件连衣裙 如图 XL,https://img06.miyabaobei.com/d1/p5/2018/01/18/06/a4/06a49bca7ed92dbda3f171744c5a6a9d704054544.jpg@base@tag=imgScale&w=447,109.00,https://www.mia.com//item-3480601.html
黔允 孕妇装2019春季新款时尚孕妇打底衫中长款蕾丝七分袖孕妇连衣裙 米白色 XL,https://img05.miyabaobei.com/d1/p6/2018/12/28/0a/fa/0afad590e541818dfafecc6049ebcee0685162197.jpg@base@tag=imgScale&w=447,89.00,https://www.mia.com//item-3498846.html
糯米妈咪 2019新款夏装孕妇装卡通大码宽松显瘦中长款T恤连衣裙女孕妇上衣 白色L,https://img06.miyabaobei.com/d1/p6/2019/04/08/2d/50/2d50f359417c3599fba488a64ef42bd8081045614.jpg@base@tag=imgScale&w=447,89.00,https://www.mia.com//item-4235446.html
妙恋霖 哺乳衣夏季外出时尚辣妈款2019哺乳连衣裙套装产后两件套喂奶衣服 黑色 XL,https://img05.miyabaobei.com/d1/p6/2019/04/21/86/fd/86fdc264c1e480eb875027b3e2d338e6328207412.jpg@base@tag=imgScale&w=447,99.00,https://www.mia.com//item-4317113.html
黔允 孕妇装2019春夏季新款时尚雪纺吊带背心连衣裙+针织外套孕妇两件套 浅灰+白 XL,https://img06.miyabaobei.com/d1/p5/2018/04/10/e6/65/e665e85d138ed1c0a8176b5b21eb5b27285938430.jpg@base@tag=imgScale&w=447,98.00,https://www.mia.com//item-3497563.html
妙恋霖 孕妇春装夏装上衣2019新款中长款雪纺碎花孕妇连衣裙时尚夏天裙子 红色 XL,https://img05.miyabaobei.com/d1/p6/2019/04/08/f8/0f/f80f2a72857c3d784cb4ac8531ae92fd114947847.jpg@base@tag=imgScale&w=447,108.00,https://www.mia.com//item-4214789.html
妙恋霖 孕妇春夏新款2019韩范套装时尚爱心T恤+爱心绣花背带裤两件套套装 单件爱心背带裤 红色XXL,https://img06.miyabaobei.com/d1/p6/2019/04/14/2b/97/2b97bc8114172ec3f15ef891ba573400723235090.jpg@base@tag=imgScale&w=447,98.00,https://www.mia.com//item-4316933.html
黔允 孕妇装2019夏季新款韩版纯棉宽松套装碎花裙两件套连衣裙 白T+蓝色裙 M,https://img05.miyabaobei.com/d1/p6/2019/02/26/8d/15/8d1545e66ebe01c5498b0f8d19951fef671481791.jpg@base@tag=imgScale&w=447,88.00,https://www.mia.com//item-4119969.html
亚瑟魔衣 孕妇装喂奶衣春季新款卡通印花孕妇连帽哺乳卫衣连衣裙 不倒绒常规 XL,https://img06.miyabaobei.com/d1/p5/2017/08/03/1e/91/1e91a8dbd997ef195a67069b0287719e411296109.jpg@base@tag=imgScale&w=447,108.00,https://www.mia.com//item-3480515.html
妙恋霖 孕妇装夏季T恤新款2019时尚款粉红豹短袖打底衫中长款宽松孕妇打底上衣潮 粉红豹47款 XXL,https://img05.miyabaobei.com/d1/p6/2019/03/12/d3/af/d3af43752c3eac93c75a5a6b719aa501045987855.jpg@base@tag=imgScale&w=447,59.00,https://www.mia.com//item-4123289.html
米度丽 哺乳衣秋冬产后喂奶衣秋冬外出辣妈款加绒加厚冬季打底衫潮妈上衣 圆领款-深灰 XL,https://img06.miyabaobei.com/d1/p5/2018/11/29/76/4a/764aba83b60b01daa488a7276093820d792278835.jpg@base@tag=imgScale&w=447,78.00,https://www.mia.com//item-3486354.html
妙恋霖 孕妇套装2019春装新款中长款网纱气质连衣裙套装孕妇外套＋裙子 孕妇外套＋裙子 杏色XL,https://img05.miyabaobei.com/d1/p6/2018/12/31/7c/b7/7cb7f9af689fdacd9c104c415aa56e49462112679.jpg@base@tag=imgScale&w=447,119.00,https://www.mia.com//item-3502620.html
黔允 孕妇背带裤2019夏季套装新款托腹休闲宽松阔腿裤+短袖两件套 砖红 M,https://img06.miyabaobei.com/d1/p6/2019/02/26/4b/77/4b779836d17635e999eceeb0038d0a79729888115.jpg@base@tag=imgScale&w=447,98.00,https://www.mia.com//item-4119929.html
妙恋霖 孕妇春夏套装时尚款2019新款波点雪纺上衣中长款娃娃衫潮妈两件套 白色波点+黑色托腹裤 M,https://img05.miyabaobei.com/d1/p6/2019/03/13/af/88/af88ef8651029ddc00bc96922ec2baee611424538.jpg@base@tag=imgScale&w=447,118.00,https://www.mia.com//item-4420834.html
妙恋霖 哺乳衣春秋装时尚外出套装产后哺乳期两件套韩版喂奶衣服潮妈春秋季 酒红色 M,https://img06.miyabaobei.com/d1/p6/2019/02/21/67/72/6772933fb8f871843addfdb1995f8af0300626690.jpg@base@tag=imgScale&w=447,119.00,https://www.mia.com//item-3500933.html
黔允 孕妇装2019夏装新款时尚中长款纯棉条纹孕妇哺乳连衣裙 深蓝色 XXL,https://img05.miyabaobei.com/d1/p5/2018/04/14/fb/22/fb2246ce194ad6cbab7ee573dda0d2cf178526262.jpg@base@tag=imgScale&w=447,88.00,https://www.mia.com//item-3498212.html
亚瑟魔衣 孕妇装夏装上衣2019新款字母印花圆领短袖中长款T恤孕妇连衣裙女 黑色 XL,https://img06.miyabaobei.com/d1/p6/2019/04/27/7f/89/7f893f2aa0ea825ba2737993165d8ebc463686378.jpg@base@tag=imgScale&w=447,88.00,https://www.mia.com//item-4355194.html
黔允 孕妇装2019夏装时尚韩版短袖上衣+七分托腹裤孕妇两件套 白色单上衣 XL,https://img05.miyabaobei.com/d1/p6/2019/03/26/79/3b/793be1bc848fcf6734a697710bf8d791914342853.jpg@base@tag=imgScale&w=447,78.00,https://www.mia.com//item-3877600.html
欧丽妈咪 孕妇打底裤春秋外穿显瘦孕妇裤托腹小脚裤怀孕潮妈春季长裤子 普通款-深灰 M,https://img06.miyabaobei.com/d1/p5/2016/12/31/5e/bc/5ebc8c7dbad787dba02418b2a0703cc7510077264.jpg@base@tag=imgScale&w=447,49.00,https://www.mia.com//item-3479280.html
黔允 哺乳装2019夏季新款时尚纯棉短袖彩条长款哺乳孕妇连衣裙 黄色 XXL,https://img05.miyabaobei.com/d1/p6/2019/05/06/5e/59/5e596a303b1fd9aaf9b3a3d127c01700208952950.jpg@base@tag=imgScale&w=447,98.00,https://www.mia.com//item-4397630.html
糯米妈咪 孕妇秋装卫衣时尚款2018新款宽松长袖连帽孕妇t恤春秋潮妈 三色卫衣 黄色L,https://img06.miyabaobei.com/d1/p5/2018/07/16/59/70/5970ac358fda1d490a0566c1a251d5ae336286647.jpg@base@tag=imgScale&w=447,158.00,https://www.mia.com//item-3482155.html
束兜 孕妇装夏季雪纺连衣裙2019新款温柔淑女蝴蝶结百褶雪纺连衣裙气质款孕妇连衣裙 粉红色 XXL,https://img05.miyabaobei.com/d1/p6/2019/05/03/81/cc/81ccd038c6837bfed0cb046cf9cdd8a8915561034.jpg@base@tag=imgScale&w=447,109.00,https://www.mia.com//item-4387721.html
妙恋霖 孕妇夏装套装时尚款2019新款休闲宽松短袖T恤+短裤托腹打底裤两件套套装 单件红色狗头上衣 L,https://img06.miyabaobei.com/d1/p6/2019/04/15/86/11/861156e4f382759be5e10869ba9623ca110997104.jpg@base@tag=imgScale&w=447,79.00,https://www.mia.com//item-4316967.html
米度丽 孕妇安全裤防走光夏季孕妇打底裤子春夏薄款外穿网纱孕妇短裤夏装打底裤安全裤子女夏季 双层网纱款 黑色 XL,https://img05.miyabaobei.com/d1/p6/2019/04/29/e1/b8/e1b897b3eb77e85f06f480c5a2f3a637292662058.jpg@base@tag=imgScale&w=447,39.00,https://www.mia.com//item-4363097.html
黔允 孕妇装短袖+无袖2019夏装新款时尚印花猫咪孕妇连衣裙 白色短袖猫咪 M,https://img06.miyabaobei.com/d1/p5/2018/03/31/96/73/967398491686add262362daf32c94407113605794.jpg@base@tag=imgScale&w=447,78.00,https://www.mia.com//item-3498490.html
妙恋霖 产后哺乳衣外穿夏季辣妈款时尚套装2019法式复古裙山本两件套吊带长裙波点雪纺连衣裙 哺乳黑T+白色吊带裙 XL,https://img05.miyabaobei.com/d1/p6/2019/04/20/49/88/498801199b80d2b642b624c4a7902d71346234219.jpg@base@tag=imgScale&w=447,128.00,https://www.mia.com//item-4317054.html
黔允 孕妇装2019夏季新款时尚潮妈运动套装宽松短袖+托腹裤休闲两件套 图片色 M,https://img06.miyabaobei.com/d1/p5/2018/04/20/26/22/2622ca373a978a01555826c3eba036e7389535685.jpg@base@tag=imgScale&w=447,98.00,https://www.mia.com//item-3498792.html
妙恋霖 孕妇套装2019新款春秋新品质感绣花韩版牛仔背带裤+长袖两件套 单件背带裤 黄鸭子XL,https://img05.miyabaobei.com/d1/p6/2019/03/02/19/ec/19ec62eb3a272af7f07a549da0d74490018919280.jpg@base@tag=imgScale&w=447,99.00,https://www.mia.com//item-4121645.html
束兜 孕妇装哺乳裙夏季连衣裙2019新款小清新仙女范百褶网纱孕妇连衣裙有哺乳款 孕妇款 黑色M,https://img06.miyabaobei.com/d1/p6/2019/04/20/dc/df/dcdf96edce197217fae414c3f44024b5685955279.jpg@base@tag=imgScale&w=447,99.00,https://www.mia.com//item-4121059.html
黔允 孕妇装2019夏季新款时尚韩版V领纯棉蕾丝孕妇连衣裙 白色 XL,https://img05.miyabaobei.com/d1/p5/2018/03/26/45/b8/45b8179bb3763f04ab50bae13a9706e8468678754.jpg@base@tag=imgScale&w=447,98.00,https://www.mia.com//item-3498769.html
米度丽 孕妇裤孕妇打底裤春夏外穿长裤踩脚九分裤孕妇装春装托腹怀孕裤子女士丝袜打底裤安心裤 黑色-踩脚 均码,https://img06.miyabaobei.com/d1/p6/2019/01/18/02/eb/02eba91e5c9b036cf2f6bbcf026838c9033897173.jpg@base@tag=imgScale&w=447,32.00,https://www.mia.com//item-3484807.html
束兜 夏季新款孕妇裙时尚网纱拼接鱼尾裙宽松显瘦孕妇连衣裙 蓝色 XXL,https://img05.miyabaobei.com/d1/p5/2018/05/17/5f/f2/5ff25ef05981d978d56ad11d68c804e0701628227.jpg@base@tag=imgScale&w=447,119.00,https://www.mia.com//item-3500698.html
妙恋霖 哺乳衣V领蕾丝拼接露背短袖T恤外出夏季时尚宽松大码母乳T恤潮妈产后喂奶上衣 白色 S,https://img06.miyabaobei.com/d1/p6/2019/05/15/58/b5/58b561da3ab8f2a1f10e288de957cb12151878834.jpg@base@tag=imgScale&w=447,79.00,https://www.mia.com//item-4457795.html
黔允 孕妇装2019春季新款时尚韩版绣花网纱孕妇哺乳连衣裙 图片色 L,https://img05.miyabaobei.com/d1/p5/2018/03/26/4f/fd/4ffdebac5a0e5862814eeebb82122733706672253.jpg@base@tag=imgScale&w=447,108.00,https://www.mia.com//item-3498772.html
妙恋霖 孕妇装时尚哺乳衣夏装2019产后外出宽松大码辣妈款喂奶月子服两件套春装 哺乳套装 M,https://img06.miyabaobei.com/d1/p6/2019/03/21/6c/4c/6c4cc876a08d761d3cada67e4151b136505822743.jpg@base@tag=imgScale&w=447,99.00,https://www.mia.com//item-4121345.html
黔允 哺乳装2019夏季新款时尚韩露肩印花雪纺外出上衣哺乳连衣裙 绿色 M,https://img05.miyabaobei.com/d1/p6/2019/05/05/75/2a/752ae71180d2dee641970f0aba6b6f86634767153.jpg@base@tag=imgScale&w=447,98.00,https://www.mia.com//item-4398050.html
妙恋霖 孕妇装连衣裙2019新款夏网纱仙女印花气质蛋糕裙连衣裙网红连衣裙 粉红色-可哺乳 XXL,https://img06.miyabaobei.com/d1/p6/2019/03/20/1a/ac/1aace2d80b2dcacfa528070dbe1b4281586629906.jpg@base@tag=imgScale&w=447,99.00,https://www.mia.com//item-4122925.html
妙恋霖 夏装大码哺乳衣时尚辣妈款外出哺乳T恤短袖两件套宽松产后喂奶衣背带裤两件套潮 灰色 L,https://img05.miyabaobei.com/d1/p6/2019/04/20/75/f1/75f1d48a5cc52ad26ffc824a789b4ae0505501902.jpg@base@tag=imgScale&w=447,108.00,https://www.mia.com//item-4317982.html
欧丽妈咪 孕妇打底裤春秋薄款2019新款托腹孕妇裤子潮妈外穿长裤春装九分裤 深灰色春秋款 L,https://img06.miyabaobei.com/d1/p5/2018/02/01/46/1d/461dbeb2c5d3f0dcdd35f5381f07c0d1587518425.jpg@base@tag=imgScale&w=447,69.00,https://www.mia.com//item-3479287.html
妙恋霖 孕妇裙春秋装新款时尚韩版百褶裙中长款荷叶边外出哺乳连衣裙 黑色孕妇装XL,https://img05.miyabaobei.com/d1/p5/2018/08/07/7d/ed/7ded740473d8ec48d4d049aeeb22172d496067649.jpg@base@tag=imgScale&w=447,98.00,https://www.mia.com//item-3502572.html
妙恋霖 欧洲站新款字母印花蕾丝拼接中长款短袖T恤外出哺乳连衣裙 黑色 XL,https://img06.miyabaobei.com/d1/p5/2018/07/13/19/6d/196daa3931527c010dd653e968f30763578696093.jpg@base@tag=imgScale&w=447,88.00,https://www.mia.com//item-4123082.html
黔允 孕妇装2019夏季新款时尚韩版蕾丝短袖中长款孕妇连衣裙 白色 XXL,https://img05.miyabaobei.com/d1/p6/2019/02/26/da/12/da12964af17b484bd70b0902887d8fee951593734.jpg@base@tag=imgScale&w=447,98.00,https://www.mia.com//item-4120249.html
妙恋霖 孕妇夏装连衣裙2019夏季新款哺乳外出蕾丝花边印花网纱裙喂奶衣中长T恤网纱连衣裙 紫色-孕妇装 XL,https://img06.miyabaobei.com/d1/p6/2019/04/11/27/c1/27c14daa836d6f8dfde8205aa9d70f44193692908.jpg@base@tag=imgScale&w=447,99.00,https://www.mia.com//item-4233346.html
束兜 夏装新款时尚外出哺乳衣条纹短袖哺乳连衣裙 红色 L,https://img05.miyabaobei.com/d1/p6/2019/04/20/49/be/49be50b29e281b5b0fad09dfc689b361283381043.jpg@base@tag=imgScale&w=447,69.00,https://www.mia.com//item-3500640.html
黔允 孕妇装2019夏季新款时尚韩版宽松中长款孕妇T恤 粉红色 M,https://img06.miyabaobei.com/d1/p5/2018/05/07/1b/bd/1bbd5dfcc03d7caf72378cc9ee0ecad2565008526.jpg@base@tag=imgScale&w=447,88.00,https://www.mia.com//item-4120598.html
妙恋霖 孕妇装夏2019新款韩版大码女装蕾丝孕妇套装短袖孕妇连衣裙两件套 图片色 L,https://img05.miyabaobei.com/d1/p6/2019/04/05/c1/e1/c1e1cfcefbe1c8913563cd03bc2113d0769617898.jpg@base@tag=imgScale&w=447,88.00,https://www.mia.com//item-4198019.html
鸿星尔克 童装女童外套风衣轻薄运动休闲宽松防风上衣女 正白 140cm,https://img06.miyabaobei.com/d1/p6/2019/02/16/3f/af/3faf4f545c18d2c2c00b5c22ddb146bf828853881.jpg@base@tag=imgScale&w=447,129.00,https://www.mia.com//item-3683816.html
黔允 哺乳+常规孕妇装2019春季新款时尚喇叭袖印花连衣裙+打底衫孕妇两件套 孕妇装款 XL,https://img05.miyabaobei.com/d1/p6/2019/03/01/5c/01/5c01959f8f512a5087e27dae1a562de8141944018.jpg@base@tag=imgScale&w=447,108.00,https://www.mia.com//item-4120288.html
十月伊人 孕妇装夏装上衣2019新款潮妈怀孕打底衫中长款白色纯棉短袖t恤 白色 L,https://img06.miyabaobei.com/d1/p5/2018/03/30/28/c7/28c728d591063cb60175e871b73ac7e4801093886.jpg@base@tag=imgScale&w=447,98.00,https://www.mia.com//item-3497275.html
妙恋霖 孕妇T恤夏装2019韩版时尚粉色上衣大码宽松字母中长款T恤裙 13灰色 M,https://img05.miyabaobei.com/d1/p6/2019/02/19/fc/2b/fc2bfaa248114deb5075c9fd503bd6c7824895789.jpg@base@tag=imgScale&w=447,79.00,https://www.mia.com//item-4400881.html
十月伊人 孕妇连衣裙纯棉2019新款短袖孕妇装夏装潮妈露肩中长款宽松上衣 粉色 XXL,https://img06.miyabaobei.com/d1/p5/2018/05/08/3c/2a/3c2aaa98a2d917f4194a7de14a9cbead885262391.jpg@base@tag=imgScale&w=447,98.00,https://www.mia.com//item-3496860.html
妙恋霖 孕妇装夏装宽松短袖孕妇连衣裙夏季新款大码中长款孕妇套装连衣裙 蓝色 XL,https://img05.miyabaobei.com/d1/p6/2019/04/07/11/f8/11f80a3499341d48b6339ab6aa9e17f7311645819.jpg@base@tag=imgScale&w=447,89.00,https://www.mia.com//item-4198639.html
黔允 哺乳装2019夏季新款时尚短袖一字肩网纱多层蛋糕裙孕妇连衣裙 黑色 XL,https://img06.miyabaobei.com/d1/p6/2019/05/05/63/3c/633c941fbc25d2481851fdcc110963d7206567327.jpg@base@tag=imgScale&w=447,98.00,https://www.mia.com//item-4397990.html
妙恋霖 孕妇装夏季新款宽松A字仙女裙中长款波点雪纺假两件网纱哺乳连衣裙 黑色-可哺乳 XL,https://img05.miyabaobei.com/d1/p6/2019/03/23/35/cc/35cc3c8349eb07e9863b814ab383bf4d300365567.jpg@base@tag=imgScale&w=447,89.00,https://www.mia.com//item-4400891.html
双禹 打底裤女裤秋冬季2017新款小脚外穿紧身小黑裤大码九分踩脚 黑会透点红色 XXL,https://img06.miyabaobei.com/d1/p5/2017/09/05/6e/80/6e80bae2ecf418433d4c3dad3bc3636f864374445.jpg@base@tag=imgScale&w=447,19.00,https://www.mia.com//item-3727476.html
亚瑟魔衣 孕妇裙短袖夏季新款韩版印花圆领宽松孕妇T恤连衣裙子 浅蓝色 XXL,https://img05.miyabaobei.com/d1/p6/2019/04/27/99/8e/998e6045cd18a2a61a5c2798c0ccba63455682672.jpg@base@tag=imgScale&w=447,98.00,https://www.mia.com//item-4355174.html
束兜 孕妇连衣裙夏装2019新款时尚亮片网纱吊带裙+短袖T恤孕妇套装潮妈连衣裙 浅蓝色 XL,https://img06.miyabaobei.com/d1/p6/2019/04/06/7d/76/7d7663d5133231f98009ee2606870a08382971346.jpg@base@tag=imgScale&w=447,108.00,https://www.mia.com//item-4192269.html
米度丽 孕妇内裤2条装内裤女棉孕妇内裤托腹高腰怀孕内裤棉大码可调节孕妇三角裤 瓜红点+粉色苹果 XL,https://img05.miyabaobei.com/d1/p6/2019/01/25/d1/82/d182c02e4b76d7d85662fef8bf7d6be8878683516.jpg@base@tag=imgScale&w=447,39.00,https://www.mia.com//item-3484844.html
妙恋霖 孕妇装夏装新款蕾丝两件套孕妇短袖T恤吊带连衣裙套装中长款连衣裙 22粉红色 XXL,https://img06.miyabaobei.com/d1/p6/2019/03/17/cd/d4/cdd4bcd3a44ed481a10d5e61a35b578b261344828.jpg@base@tag=imgScale&w=447,108.00,https://www.mia.com//item-4122985.html
妙恋霖 哺乳连衣裙外出时尚辣妈款2019夏装新很仙的法国宽松大码翻领时尚刺绣裙子喂奶衣 蓝色 XXL,https://img05.miyabaobei.com/d1/p6/2019/05/03/07/5a/075ae3bad002320359e259308f02d3f9760693767.jpg@base@tag=imgScale&w=447,98.00,https://www.mia.com//item-4391138.html
妙恋霖 孕妇裤子春秋薄款外穿运动裤时尚潮妈打底裤春夏宽松长裤孕妇春装 625黑色猫头鹰 XXL,https://img06.miyabaobei.com/d1/p6/2019/03/14/33/8d/338d4d485bee0c61dc991c37f839a99d775916896.jpg@base@tag=imgScale&w=447,59.00,https://www.mia.com//item-4123725.html
米度丽 孕妇连衣裙孕妇装夏装2019时尚宽松鱼尾裙子韩版中长款孕妇连衣裙夏季女装连衣裙孕妇裙 黑色 XL,https://img05.miyabaobei.com/d1/p5/2018/06/27/8d/f4/8df4ac52619fa2a19ac7d58826bc8210883671919.jpg@base@tag=imgScale&w=447,98.00,https://www.mia.com//item-4117543.html
亚瑟魔衣 孕妇装秋冬新款韩版宽松大码假两件可哺乳孕妇卫衣 黄色 XL,https://img06.miyabaobei.com/d1/p5/2018/09/01/f3/70/f370795d8ed3177c8dfb4a7b5ae9d1fd839594608.jpg@base@tag=imgScale&w=447,118.00,https://www.mia.com//item-3480805.html
束兜 孕妇夏装连衣裙2019春夏新款蕾丝连衣裙宽松大码显瘦孕妇裙 孕妇连衣裙 白色L,https://img05.miyabaobei.com/d1/p6/2019/03/04/9c/d6/9cd6760c1bd5239dbe302e2cf6ac930a075165846.jpg@base@tag=imgScale&w=447,99.00,https://www.mia.com//item-4121208.html
妙恋霖 孕妇装2019春秋装韩版时尚长袖背带喇叭袖孕妇真假两件套哺乳连衣裙 蓝色假两件套-可哺乳 L,https://img06.miyabaobei.com/d1/p5/2018/07/25/bd/09/bd09f1d69b5d83acf6b61ac8855fcd74947225122.jpg@base@tag=imgScale&w=447,99.00,https://www.mia.com//item-4091433.html
束兜 哺乳衣套装春秋装经典时尚条纹T恤+百搭运动裤喂奶服两件套 红色 XXL,https://img05.miyabaobei.com/d1/p5/2018/06/11/1d/af/1daf638eee7cdfa18ec47c8e4510ddb3499924872.jpg@base@tag=imgScale&w=447,139.00,https://www.mia.com//item-4120689.html
束兜 孕妇夏装连衣裙2019新款时尚蕾丝拼接宽松短袖孕妇裙有哺乳款 孕妇款 粉色XL,https://img06.miyabaobei.com/d1/p6/2019/03/04/fb/6c/fb6c0134eb8e67e399a9a8eb18415206329177109.jpg@base@tag=imgScale&w=447,89.00,https://www.mia.com//item-4120999.html
米度丽 孕妇装 春秋长袖上衣舒适大码纯色莫代尔打底衫春秋季T恤上衣2019 白色 M,https://img05.miyabaobei.com/d1/p6/2019/03/05/e7/c8/e7c8d2904a20ef8d0e15c98eb57c855f694412153.jpg@base@tag=imgScale&w=447,25.00,https://www.mia.com//item-3486636.html
妙恋霖 夏装新款时尚产后月子服喂奶衣外出印花大码T恤上衣中长款哺乳衣 黑色 M,https://img06.miyabaobei.com/d1/p5/2018/07/13/7c/ed/7ced6c28553064432fff7ef890e3a46f562732047.jpg@base@tag=imgScale&w=447,86.00,https://www.mia.com//item-4122885.html
黔允 孕妇装2019夏季新款时尚港风印花中长款t恤宽松孕妇T恤连衣裙 白色 XL,https://img05.miyabaobei.com/d1/p6/2019/03/03/13/69/13698165bc15bc5dfffa9ec07da77451172229347.jpg@base@tag=imgScale&w=447,78.00,https://www.mia.com//item-4120259.html
黔允 孕妇装2019夏季新款时尚韩版印花可爱中长款过膝孕妇连衣裙 黑色（卡通人） M,https://img06.miyabaobei.com/d1/p6/2019/05/03/30/8c/308c7308054240a0d569c755cb63cefa699931623.jpg@base@tag=imgScale&w=447,98.00,https://www.mia.com//item-4396860.html
妙恋霖 孕妇夏装哺乳连衣裙2019新款韩版条纹喂奶衣中长款潮妈孕妇装裙子 绿色可哺乳 M,https://img05.miyabaobei.com/d1/p5/2018/07/20/29/ca/29cad9dc34e63fca4140b418bf530ed3950532904.jpg@base@tag=imgScale&w=447,99.00,https://www.mia.com//item-4123015.html
束兜 哺乳连衣裙夏季时尚外出喂奶衣2019春夏新款产后哺乳衣喂奶T恤裙孕妇裙子 蓝色 XL,https://img06.miyabaobei.com/d1/p6/2019/04/08/be/66/be667457660f2869f0c301177be40b35277957815.jpg@base@tag=imgScale&w=447,89.00,https://www.mia.com//item-4213389.html
妙恋霖 孕妇裙子夏装2019新款韩版中长款过膝仙女超仙连帽刺绣孕妇蕾丝连衣裙 杏色蕾丝+吊带背心 M,https://img05.miyabaobei.com/d1/p6/2019/04/14/c1/53/c15375f48b2ac7b09bb241efa651d21e767751127.jpg@base@tag=imgScale&w=447,109.00,https://www.mia.com//item-4317704.html
妙恋霖 孕妇装2019夏秋款孕妇装条纹绣花中长款大码女装孕妇连衣裙 69蓝色 XL,https://img06.miyabaobei.com/d1/p5/2018/07/30/e7/57/e75722e963c2066fc84731b9db4a9ae5590496411.jpg@base@tag=imgScale&w=447,109.00,https://www.mia.com//item-4226923.html
黔允 孕妇装2019夏季新款时尚披肩上衣+吊带碎花雪纺连衣裙孕妇两件套 单件粉红裙 M,https://img05.miyabaobei.com/d1/p6/2019/05/05/ef/b1/efb190e61336a734886f479e3f1d63d6283489634.jpg@base@tag=imgScale&w=447,98.00,https://www.mia.com//item-4397580.html
黔允 常规+哺乳2019夏季时尚纯棉印花拼接条纹复古系带孕妇哺乳连衣裙 红色孕妇款 L,https://img06.miyabaobei.com/d1/p6/2019/04/19/fb/80/fb80376f891b50c69e5c9fb5beaff362556718069.jpg@base@tag=imgScale&w=447,78.00,https://www.mia.com//item-4323553.html
黔允 孕妇装2019夏季新款时尚中长款五分袖字母印花露肩孕妇连衣裙 绿色 XXL,https://img05.miyabaobei.com/d1/p5/2018/04/11/d5/7f/d57fbfded5a5464fae2c3049e5ec0c72329736780.jpg@base@tag=imgScale&w=447,68.00,https://www.mia.com//item-3498032.html
妙恋霖 孕妇夏装套装时尚款2019新款宽松碎花雪纺娃娃衫上衣短裤子两件套 粉红色单件 XXL,https://img06.miyabaobei.com/d1/p6/2019/03/31/84/d2/84d268024dacb0137c57116f608898d8100448390.jpg@base@tag=imgScale&w=447,99.00,https://www.mia.com//item-4091777.html
束兜 孕妇装连衣裙时尚韩版新款夏装孕妇裙子怀孕期仙女裙宽松大码连衣裙 黄色 XL,https://img05.miyabaobei.com/d1/p6/2019/04/09/92/94/9294a16df0a35762bb8ef2fec0f77063404143305.jpg@base@tag=imgScale&w=447,88.00,https://www.mia.com//item-4213499.html
妙恋霖 孕妇装哺乳两件套2019夏季新款潮妈时尚两件套松紧宽松蕾丝百搭外出哺乳连衣裙 黑色 M,https://img06.miyabaobei.com/d1/p6/2019/04/28/67/63/676370edfadfbe552d54a8b2eaeb7a95355795328.jpg@base@tag=imgScale&w=447,129.00,https://www.mia.com//item-4357444.html
亚瑟魔衣 孕妇连衣裙2019夏季春款外出印花卡通长裙大码体恤夏潮潮宽松裙打底衫 白色 L,https://img05.miyabaobei.com/d1/p6/2019/04/27/79/1b/791bedd14e94f89476f26e5a2064ae28424968178.jpg@base@tag=imgScale&w=447,88.00,https://www.mia.com//item-4355144.html
妙恋霖 孕妇装夏天裙子2019新款时尚宽松亮片中长款鱼尾裙短袖孕妇连衣裙 W字母款 白色XXL,https://img06.miyabaobei.com/d1/p6/2019/04/16/61/73/6173092d361404a82b6de48869c9a8f2050015138.jpg@base@tag=imgScale&w=447,99.00,https://www.mia.com//item-4317013.html
米度丽 孕妇春装上衣孕妇连衣裙2019中长款长袖打底衫女装百褶孕妇裙子春装 单件连衣裙-驼色 M,https://img05.miyabaobei.com/d1/p5/2018/11/01/d0/a6/d0a6771f883c0466399f1c7466bfe1b2389918815.jpg@base@tag=imgScale&w=447,99.00,https://www.mia.com//item-3486710.html
黔允 孕妇装常规+哺乳韩版新款时尚印花显瘦露肩直筒孕妇哺乳连衣裙 灰色孕妇款 M,https://img06.miyabaobei.com/d1/p5/2018/04/07/74/e1/74e1d8dfe5945f0f0e74f5bf4ceb0b57134333079.jpg@base@tag=imgScale&w=447,88.00,https://www.mia.com//item-3497840.html
亚瑟魔衣 孕妇装针织衫秋冬新款韩版宽松中长款针织开衫街头百搭长袖外套 浅咖色 均码,https://img05.miyabaobei.com/d1/p5/2018/08/28/56/b6/56b6150d4e5e008eba242320f55012c5519713397.jpg@base@tag=imgScale&w=447,138.00,https://www.mia.com//item-3480094.html
米度丽 【买一送一】月子服孕妇打底衣春秋装保暖内衣套装保暖衣秋装春装套装 肤色+肤色 均码,https://img06.miyabaobei.com/d1/p6/2019/01/18/2f/ff/2fff76564d701b5f1e26b143cd8703c1834472879.jpg@base@tag=imgScale&w=447,99.00,https://www.mia.com//item-3484376.html
妙恋霖 孕妇半身裙子春夏秋季网纱压褶托腹百褶裙A字裙大摆蓬蓬裙中长款纱裙 钉珠裙浅杏色 M,https://img05.miyabaobei.com/d1/p6/2019/02/24/6b/d1/6bd1cc795546b1fbaab5822802a7e5c6918299738.jpg@base@tag=imgScale&w=447,78.00,https://www.mia.com//item-3502160.html
妙恋霖 哺乳卫衣套装2019春季新款女法式复古裙洋气大码宽松网红两件套装裙 哺乳上衣 黄色XXL,https://img06.miyabaobei.com/d1/p6/2019/01/21/da/3a/da3aed9e14ffbf9cdda9a2a6de6f4460017365972.jpg@base@tag=imgScale&w=447,99.00,https://www.mia.com//item-3501096.html
妙恋霖 孕妇装2019夏季新款时尚款假两件套孕妇裙子夏季雪纺拼接孕妇连衣裙 黑色格子 XXL,https://img05.miyabaobei.com/d1/p6/2019/03/17/1a/ec/1aec9efb448bb088ddc63bb70c099314187357273.jpg@base@tag=imgScale&w=447,98.00,https://www.mia.com//item-4123115.html
亚瑟魔衣 孕妇装秋装新款韩版宽松大码中长款卫衣连衣裙 大码款 XXXL,https://img06.miyabaobei.com/d1/p5/2018/07/12/25/1e/251e4faad777f04c8912bfb43338c3ca799855594.jpg@base@tag=imgScale&w=447,118.00,https://www.mia.com//item-3480795.html
束兜 孕妇装夏季连衣裙套装2019新款夏装宽松时尚碎花雪纺吊带裙两件套孕妇裙套装 藏青色 M,https://img05.miyabaobei.com/d1/p6/2019/03/29/d2/f2/d2f24be2ea34d876d55341d2201c33af452542717.jpg@base@tag=imgScale&w=447,109.00,https://www.mia.com//item-4141353.html
妙恋霖 孕妇装套装夏装2018新款时尚款潮妈短袖宽松休闲两件套外穿夏季哺乳套装 白色上衣+黑色裤子 白色上衣+黑色裤子L,https://img06.miyabaobei.com/d1/p5/2018/07/28/a6/c8/a6c84a4dcf9ae7d3fa23bfb9beadf083879957981.jpg@base@tag=imgScale&w=447,109.00,https://www.mia.com//item-4121859.html
欧丽妈咪 孕妇连衣裙2019夏季新款韩版时尚款雪纺碎花孕妇裙宽松长款裙子潮 蓝色 XL,https://img05.miyabaobei.com/d1/p5/2018/04/08/28/d2/28d2c2082a4cac38dcdefbadcd3406cf600732122.jpg@base@tag=imgScale&w=447,138.00,https://www.mia.com//item-4116453.html
黔允 孕妇装2019夏季新款时尚中长款炫彩压花网纱拼接宽松舒适孕妇连衣裙 粉红色 L,https://img06.miyabaobei.com/d1/p6/2019/05/12/79/9c/799cd9aa7c716cb095e68f94e051ae93305574220.jpg@base@tag=imgScale&w=447,98.00,https://www.mia.com//item-4440052.html
黔允 孕妇装2019夏季时尚新款外出短袖露肩哺乳衣喂奶连衣裙 白色 XXL,https://img05.miyabaobei.com/d1/p5/2018/05/11/7f/95/7f952522b72ab7ee994bac24bd4d607e314662249.jpg@base@tag=imgScale&w=447,88.00,https://www.mia.com//item-3498799.html
黔允 孕妇装2019夏季韩版中长款卡通牛仔印花露肩孕妇连衣裙 浅蓝色 XL,https://img06.miyabaobei.com/d1/p5/2018/04/02/c2/84/c284899c513d7052b8574986f6732154360178951.jpg@base@tag=imgScale&w=447,98.00,https://www.mia.com//item-3498680.html
米度丽 孕妇装春装上衣女士打底衫女春秋季中长款高领针织衫长袖t恤春装上衣女简约T恤打底衫 咖啡色 M,https://img05.miyabaobei.com/d1/p5/2018/11/01/3f/7f/3f7f0828b187e75ec838e56813bef699398219325.jpg@base@tag=imgScale&w=447,49.00,https://www.mia.com//item-3484538.html
黔允 孕妇装2019春季新款时尚韩版休闲长袖宽松潮妈长袖上衣两件套装 黑焦糖 XXL,https://img06.miyabaobei.com/d1/p5/2018/08/18/41/df/41df332541e5fdd6524bf33382e4b5e4720447514.jpg@base@tag=imgScale&w=447,118.00,https://www.mia.com//item-3497486.html
黔允 孕妇装 2019春季新款哺乳款+常规款宽松格子孕妇连衣裙 黑色格子常规款303 XL,https://img05.miyabaobei.com/d1/p6/2019/02/21/77/65/7765663eaf67237a1b42636b34e413eb338812591.jpg@base@tag=imgScale&w=447,78.00,https://www.mia.com//item-3497872.html
黔允 孕妇装2019夏季时尚新款精致舒适印花短袖纯棉孕妇T恤 白色 XL,https://img06.miyabaobei.com/d1/p6/2019/05/06/22/29/2229cca8566fa367fa29321482632c0c222647730.jpg@base@tag=imgScale&w=447,78.00,https://www.mia.com//item-4412711.html
米度丽 孕妇裤春夏孕妇蕾丝打底裤小脚孕妇裤长裤九分裤2019夏季裤子女薄款裤子打底裤外穿裤子 深灰色 XL,https://img05.miyabaobei.com/d1/p6/2019/02/28/91/75/9175d7e9f4de68cfac27352209f3dc14440656086.jpg@base@tag=imgScale&w=447,29.90,https://www.mia.com//item-3484734.html
黔允 孕妇装2019夏季新款时尚韩版短袖雪纺舒适绣花孕妇连衣裙 粉红色 XL,https://img06.miyabaobei.com/d1/p6/2019/03/04/68/87/688789127c1a917dcc1b5aba9c868056939591099.jpg@base@tag=imgScale&w=447,98.00,https://www.mia.com//item-4120328.html
束兜 孕妇装夏装时尚新款韩版孕妇连衣裙亮片拼接网纱连衣裙仙女宽松中长裙子潮 黑色 S,https://img05.miyabaobei.com/d1/p6/2019/04/29/32/37/323750480e00d04bfa31a6be63241ada276276628.jpg@base@tag=imgScale&w=447,98.00,https://www.mia.com//item-4387686.html
摩登孕妈 收腹安全裤防走光女夏薄蕾丝保险裤无痕大码打底短裤三分平角内裤 肤色+肤色 XL,https://img06.miyabaobei.com/d1/p5/2017/04/20/6e/ed/6eedb3d4c1a849a998c8bdb47be42b5c559045633.jpg@base@tag=imgScale&w=447,48.00,https://www.mia.com//item-3488756.html
欧丽妈咪 孕妇春装连衣裙中长款韩版宽松长袖上衣时尚款2019春季新款裙子 粉色短袖 L,https://img05.miyabaobei.com/d1/p5/2017/08/11/b3/46/b346780a171b9ecb26062de3ad16893e408334707.jpg@base@tag=imgScale&w=447,108.00,https://www.mia.com//item-3479855.html
亚瑟魔衣 孕妇裙夏季新款韩版小狗头像圆领短袖T恤裙大码宽松孕妇连衣裙子 桔红色 XXL,https://img06.miyabaobei.com/d1/p6/2019/04/27/45/89/4589b299ba50c66e4337b0e0cfbc7bd0473933860.jpg@base@tag=imgScale&w=447,98.00,https://www.mia.com//item-4355214.html
博娜印象 孕妇装夏季新款大码条纹刺绣菠萝连衣裙短袖可哺乳外出连衣裙 蓝色哺乳 XXXL,https://img05.miyabaobei.com/d1/p5/2018/06/04/a5/56/a556a380d5b8a4eff5571622cbb1d7c5063852234.jpg@base@tag=imgScale&w=447,99.00,https://www.mia.com//item-3489110.html
束兜 孕妇装春夏款连衣裙两件套2019夏季时尚雪纺碎花吊带裙+喇叭袖打底衫孕妇套装 白色 加大XXXL,https://img06.miyabaobei.com/d1/p6/2019/03/29/9e/3d/9e3d1af89bc696c01bf10f3bedf7e9c4415107802.jpg@base@tag=imgScale&w=447,118.00,https://www.mia.com//item-4141318.html
欧丽妈咪 孕妇连衣裙夏装中长款2019新款短袖孕妇装韩版宽松时尚孕妇裙夏季 粉 L,https://img05.miyabaobei.com/d1/p3/item/12/1248/1248373_topic_1.jpg@base@tag=imgScale&w=447,89.00,https://www.mia.com//item-4116449.html
束兜 孕妇装夏季时尚T恤百搭款2019新款韩版时尚宽松大码孕妇T恤 白色猪宝宝款 XXL,https://img06.miyabaobei.com/d1/p6/2019/04/25/c2/30/c230a342f14a0807a314f27386833343812612223.jpg@base@tag=imgScale&w=447,69.00,https://www.mia.com//item-4359454.html
黔允 孕妇装2019夏季新款时尚短袖T恤+宽松阔腿背带裤孕妇套装 桔色 XXL,https://img05.miyabaobei.com/d1/p6/2019/03/09/21/c0/21c0364c31ac3409f943cb791e158edb382798981.jpg@base@tag=imgScale&w=447,108.00,https://www.mia.com//item-4119988.html
黔允 孕妇装2019夏季韩版时尚V领织带松紧宽松孕妇连衣裙 果绿 L,https://img06.miyabaobei.com/d1/p5/2018/07/09/bc/7c/bc7c784665c6718ae90c22f0fd4f5779110839246.jpg@base@tag=imgScale&w=447,128.00,https://www.mia.com//item-4120229.html
妙恋霖 孕妇装夏装套装时尚款2019新款春夏无袖百褶孕妇雪纺连衣裙+托腹短裤两件套 单条白色短裤 XL,https://img05.miyabaobei.com/d1/p6/2019/03/17/41/d7/41d7938bb388e518fed610be453e4e17938916110.jpg@base@tag=imgScale&w=447,48.00,https://www.mia.com//item-4121505.html
米度丽 孕妇装夏装上衣短袖孕妇连衣裙夏季中长款孕妇裙夏a字裙子娃娃裙 黑色 XL,https://img06.miyabaobei.com/d1/p6/2019/03/19/97/02/97022c3c493053220f6f541492f55892679819561.jpg@base@tag=imgScale&w=447,99.00,https://www.mia.com//item-3486944.html
妙恋霖 孕妇秋装套装春秋新款韩版宽松显瘦长袖中长款连衣裙两件套 黑色上衣 M,https://img05.miyabaobei.com/d1/p5/2018/08/27/ad/fa/adfa0dadc05c7e28acc03e1ed44ac133368585532.jpg@base@tag=imgScale&w=447,79.00,https://www.mia.com//item-3501170.html
嫚熙 孕妇打底裤女冬季裤子加绒加厚外穿秋冬款棉裤孕妇装保暖托腹 黑色180克初秋 XL,https://img06.miyabaobei.com/d1/p6/2019/01/08/75/76/75764280780d25e42731573a04910858386775909.jpg@base@tag=imgScale&w=447,95.00,https://www.mia.com//item-3492707.html
糯米妈咪 孕妇春装夏装上衣2019新款韩版中长款孕妇连衣裙春秋时尚夏天裙子 连衣裙 橘白条m,https://img05.miyabaobei.com/d1/p6/2019/03/07/c2/26/c226f5dd5e3407117691574bc7517fd8269853891.jpg@base@tag=imgScale&w=447,109.00,https://www.mia.com//item-4116806.html
吉倩莉 【2条装】孕妇安全裤防走光夏季薄款短裤打底裤 粉色+灰色 M,https://img06.miyabaobei.com/d1/p5/2018/03/20/39/21/3921fd50a02942c623487863eee80963221175876.jpg@base@tag=imgScale&w=447,59.00,https://www.mia.com//item-3493209.html
黔允 孕妇装2019夏季短袖字母印花宽松孕妇套装托腹短裤孕妇两件套 灰色常规款 M,https://img05.miyabaobei.com/d1/p6/2019/02/24/6b/82/6b821988782df7ac86cc263799cb1ed1915926978.jpg@base@tag=imgScale&w=447,98.00,https://www.mia.com//item-3497503.html
妙恋霖 哺乳衣外出夏季连衣裙辣妈产后哺乳期短袖长款显瘦哺乳连衣裙夏女 蓝色 M,https://img06.miyabaobei.com/d1/p6/2019/05/06/5a/fd/5afdd1c848578e1674158370a51a127c327771681.jpg@base@tag=imgScale&w=447,99.00,https://www.mia.com//item-4412851.html
妙恋霖 孕妇装短袖T恤女夏装韩版宽松大码女装中长款下衣失踪可爱上衣服潮 粉色 XXL,https://img05.miyabaobei.com/d1/p6/2019/04/16/af/46/af462aeda824ec74d3a3c2eef6df911b960601258.jpg@base@tag=imgScale&w=447,69.00,https://www.mia.com//item-4316993.html
糯米妈咪 孕妇睡衣夏季月子服产后喂奶衣产妇哺乳春秋薄款家居服怀孕期 V领月子服套装 L,https://img06.miyabaobei.com/d1/p5/2018/05/08/f1/f7/f1f76b36f65225986d92f32985dcc88c866474626.jpg@base@tag=imgScale&w=447,78.00,https://www.mia.com//item-3481690.html
黔允 孕妇装2019夏季新款时尚中长款字母连帽卫衣孕妇连衣裙 灰色 M,https://img05.miyabaobei.com/d1/p6/2019/05/12/d8/c2/d8c2e45cc7997ad11d91fa821599bed0394661553.jpg@base@tag=imgScale&w=447,98.00,https://www.mia.com//item-4438167.html
黔允 孕妇装2019夏季新款时尚韩版短袖拼接夏纯棉里布雪纺孕妇连衣裙 紫色 M,https://img06.miyabaobei.com/d1/p5/2018/05/20/bd/e7/bde7e625e95d04a6bf266554d169a086823387149.jpg@base@tag=imgScale&w=447,88.00,https://www.mia.com//item-4120109.html
亚瑟魔衣 孕妇装春装新款波点网纱开叉时尚大码哺乳连衣裙 黑色 M,https://img05.miyabaobei.com/d1/p5/2018/03/25/eb/33/eb33c2087a0a7d510e101bb9489d957b436601319.jpg@base@tag=imgScale&w=447,118.00,https://www.mia.com//item-3480607.html
黔允 孕妇装2019夏装新款时尚韩版宽松纯棉蕾丝中长款孕妇连衣裙 深蓝色 XL,https://img06.miyabaobei.com/d1/p5/2018/04/27/00/09/00091ad6cffb68a2bdb212725aa5562b925496370.jpg@base@tag=imgScale&w=447,78.00,https://www.mia.com//item-3497920.html
束兜 孕妇春秋新款套装时尚中长款牛仔背带裙两件套 短袖图片色套装 M,https://img05.miyabaobei.com/d1/p5/2018/04/19/64/50/6450e51158620eec4116f746a80c077a697054250.jpg@base@tag=imgScale&w=447,108.00,https://www.mia.com//item-3500027.html
欧丽妈咪 韩版时尚孕妇装春装新款卫衣宽松大码孕妇上衣t恤长袖卫衣打底衫 白色 L,https://img06.miyabaobei.com/d1/p5/2017/02/22/23/40/23402f7e2887d0ad8638d5dbcabc2e4c466185358.jpg@base@tag=imgScale&w=447,96.00,https://www.mia.com//item-3479830.html
束兜 孕妇装夏装连衣裙2019新款时尚韩版V领高腰雪纺碎花孕妇裙有哺乳款 哺乳款 蓝色M,https://img05.miyabaobei.com/d1/p6/2019/03/17/b0/48/b04805381f83cf09bbb9020278f6c5c4057972210.jpg@base@tag=imgScale&w=447,109.00,https://www.mia.com//item-4120979.html
黔允 孕妇装2019夏季新款时尚破洞宽松显瘦棉质孕妇连衣裙 黄色 M,https://img06.miyabaobei.com/d1/p6/2019/04/03/3c/84/3c84aa4f07446c4205ea70b5b9c37560805328496.jpg@base@tag=imgScale&w=447,98.00,https://www.mia.com//item-4196869.html
束兜 夏装连衣裙新款大码宽松短袖中长款连衣裙破洞网纱拼接鱼尾裙 黑色 M,https://img05.miyabaobei.com/d1/p6/2019/04/03/64/57/6457a14c0903b54e7af49b68776b4a31999064884.jpg@base@tag=imgScale&w=447,108.00,https://www.mia.com//item-4191752.html
黔允 孕妇装2019夏季新款荷叶边百褶蛋糕裙小清新无袖雪纺背心孕妇连衣裙 蓝色 M,https://img06.miyabaobei.com/d1/p6/2019/05/07/4a/4d/4a4d621d3aa48644996f321b65380ef4041976480.jpg@base@tag=imgScale&w=447,78.00,https://www.mia.com//item-4413061.html
妙恋霖 孕妇背带裤套装2019夏季韩版时尚七分孕妇背带裤猫咪绣花孕妇套装绑带两件套 单件背带裤 黑色XL,https://img05.miyabaobei.com/d1/p6/2019/04/18/19/0e/190e939ebb653a17dbdb13184df1bad0784353894.jpg@base@tag=imgScale&w=447,109.00,https://www.mia.com//item-4317884.html
欧丽妈咪 孕妇连衣裙夏季仙女超仙宽松2019新款时尚款雪纺中长款潮妈孕妇裙夏装 粉色 XL,https://img06.miyabaobei.com/d1/p5/2018/05/02/e6/41/e64148f4f0fd83832774068536586092550348007.jpg@base@tag=imgScale&w=447,136.00,https://www.mia.com//item-3479962.html
米度丽 孕妇夏装大码上衣孕妇t恤夏季中长款短袖纯棉宽松孕妇上衣条纹打底衫大码时尚上衣女装 白底红条 XL,https://img05.miyabaobei.com/d1/p6/2019/04/11/f9/8f/f98f27944e282888ab04087aee8a5ebb666008615.jpg@base@tag=imgScale&w=447,49.00,https://www.mia.com//item-4234414.html
妙恋霖 孕妇连衣裙夏装2018新款时尚款卡通印花哺乳上衣外出潮妈衬衫裙子 黑色 L,https://img06.miyabaobei.com/d1/p5/2018/07/23/12/1b/121b5c81b681ee5c3674e5c84ecf04b3258246602.jpg@base@tag=imgScale&w=447,109.00,https://www.mia.com//item-4123149.html
糯米妈咪 孕妇裤子夏薄款孕妇裤外穿打底裤长裤小脚裤春秋2018新款夏装秋装 多色小脚裤 蓝色M,https://img05.miyabaobei.com/d1/p5/2018/08/30/3b/1e/3b1edd3f8ab628649623d3caeb15b31a389423468.jpg@base@tag=imgScale&w=447,98.00,https://www.mia.com//item-3481775.html
米度丽 孕妇装 春装纯棉上衣长袖女装孕妇连衣裙春季中长款打底衫春秋t恤裙子女上衣T恤中长 款式2 灰色 L,https://img06.miyabaobei.com/d1/p5/2018/09/13/c4/62/c4629086f14ac0e9a7c88c7ffdb10397086836252.jpg@base@tag=imgScale&w=447,68.00,https://www.mia.com//item-4217379.html
束兜 夏季时尚哺乳连衣裙两件套孕期产后都可以穿 黑色套装 M,https://img05.miyabaobei.com/d1/p5/2018/04/07/05/3e/053e6a5034e4cf8796e7e4e5b5dd3699039738734.jpg@base@tag=imgScale&w=447,79.00,https://www.mia.com//item-4120704.html
黔允 孕妇装2019夏季新款时尚宽松舒适中长款纯棉T恤短袖上衣 白色 M,https://img06.miyabaobei.com/d1/p5/2018/03/21/85/67/85677044e559a51c492d382ce04d36e3438868446.jpg@base@tag=imgScale&w=447,78.00,https://www.mia.com//item-3498953.html
妙恋霖 孕妇连衣裙夏装时尚款2018新款韩版无袖孕妇雪纺裙子中长款蛋糕裙 蓝色 L,https://img05.miyabaobei.com/d1/p5/2018/07/25/cc/bd/ccbdc1bdbde1f38e5b3d04e7468da517255089466.jpg@base@tag=imgScale&w=447,108.00,https://www.mia.com//item-4122745.html
黔允 孕妇装2019夏季新款时尚韩版纯棉V领短袖孕妇连衣裙 黄色 L,https://img06.miyabaobei.com/d1/p6/2019/05/07/56/db/56dba268882a02fa960d610c8669a12d444762365.jpg@base@tag=imgScale&w=447,98.00,https://www.mia.com//item-4412481.html
妙恋霖 2018孕妇秋装新款托腹裤背带裤套装条纹上衣+孕妇薄款牛仔背带裤 砖红色单件背带裤 XL,https://img05.miyabaobei.com/d1/p5/2018/08/11/28/6c/286ce8c1dac64f5b28b00b19e9500acd934183488.jpg@base@tag=imgScale&w=447,118.00,https://www.mia.com//item-3500973.html
黔允 孕妇装2019春夏装中袖蕾丝中长款孕妇连衣裙送裹胸 白色 L,https://img06.miyabaobei.com/d1/p6/2019/03/10/85/c1/85c1518f44a9a2dc57db847281aa9e2a258567867.jpg@base@tag=imgScale&w=447,118.00,https://www.mia.com//item-4120379.html
黔允 孕妇装2019春季韩版中长款格子背心两件套鱼尾连衣裙 黑色两件套 M,https://img05.miyabaobei.com/d1/p5/2018/08/11/1d/b7/1db7bca41bafcbdcfd0a4e3834893512703166404.jpg@base@tag=imgScale&w=447,108.00,https://www.mia.com//item-3497573.html
十月伊人 孕妇装夏装2019新款时尚绣花字母袖口蕾丝T恤短袖纯棉孕妇上衣 黄色 XXL,https://img06.miyabaobei.com/d1/p6/2019/03/28/b8/f8/b8f8781f3ed72eb694518dc84e180c19654829833.jpg@base@tag=imgScale&w=447,79.00,https://www.mia.com//item-4091567.html
妙恋霖 孕妇装夏装2019新款秋装套装时尚款两件套裙子辣妈蕾丝孕妇连衣裙 粉红色 XXL,https://img05.miyabaobei.com/d1/p6/2019/05/12/57/6a/576a2316487bcf899522d42541a5fa61536008057.jpg@base@tag=imgScale&w=447,119.00,https://www.mia.com//item-4122649.html
妙恋霖 孕妇连衣裙2019新款夏装时尚潮妈孕妇装夏装雪纺吊带裙子两件套装 天鹅款 XXL,https://img06.miyabaobei.com/d1/p6/2019/03/21/f7/4d/f74dd22381067109be688b215ba4c994837138141.jpg@base@tag=imgScale&w=447,109.00,https://www.mia.com//item-4122845.html
黔允 哺乳装2019夏季新款时尚中长款小仙女系短袖刺绣网纱拼接哺乳连衣裙 爱心白色款 XL,https://img05.miyabaobei.com/d1/p6/2019/05/13/6e/e5/6ee5addffcb2dffaa7ce874e6dc8b881280869297.jpg@base@tag=imgScale&w=447,108.00,https://www.mia.com//item-4445649.html
黔允 孕妇装2019夏季新款时尚中长款短袖圆点宽松孕妇连衣裙 粉色 XL,https://img06.miyabaobei.com/d1/p6/2019/05/10/5c/a5/5ca5f95584aa8907fa222cfa2abd694d033865619.jpg@base@tag=imgScale&w=447,98.00,https://www.mia.com//item-4440782.html
妙恋霖 孕妇装套装2019夏季新款时尚百搭波点网纱背心裙+印花中长款连衣裙两件套 粉红色 XL,https://img05.miyabaobei.com/d1/p6/2019/05/10/8a/64/8a64d16272f44d555383ae66a6adbe0d677401392.jpg@base@tag=imgScale&w=447,119.00,https://www.mia.com//item-4441311.html
糯米妈咪 孕妇装2019春装新款连衣裙时尚款韩版雪纺打底裙中长款早春孕妇裙 孕妇裙 粉色M,https://img06.miyabaobei.com/d1/p6/2019/02/26/af/c4/afc4f6fb4900ef812675a955e415bf74921166380.jpg@base@tag=imgScale&w=447,128.00,https://www.mia.com//item-4116794.html
米度丽 孕妇裤 孕妇装上衣孕妇套装2019新款孕妇套装春季打底裤卫衣套装女装两件套运动套装女 单件上衣玫红撞彩兰 L,https://img05.miyabaobei.com/d1/p5/2018/09/23/80/8e/808e98c5363bd8626996ac7dc548fb14999716162.jpg@base@tag=imgScale&w=447,85.00,https://www.mia.com//item-4211995.html
亚瑟魔衣 2019孕妇春夏新款孕妇装时尚印花外穿宽松大码中长款孕妇连衣裙女 黑色 M,https://img06.miyabaobei.com/d1/p6/2019/05/07/5e/b0/5eb07f17e673fb48bb4a8d9fe1588c59111303567.jpg@base@tag=imgScale&w=447,88.00,https://www.mia.com//item-4414271.html
糯米妈咪 中长款孕妇连衣裙春秋装2018新款韩版怀孕期潮妈大码打底裙冬 驼色 XL,https://img05.miyabaobei.com/d1/p5/2017/12/23/38/0b/380bc6adef3aeda7fe7adaa1c4244c31370175078.jpg@base@tag=imgScale&w=447,139.00,https://www.mia.com//item-3482065.html
亚瑟魔衣 哺乳连衣裙2019夏季新款中长款时尚外出辣妈哺乳期产后喂奶衣服女夏装短袖 黑色 L,https://img06.miyabaobei.com/d1/p6/2019/05/01/f1/8e/f18e351ff0dbbd462a3643ccb0c4587a748001317.jpg@base@tag=imgScale&w=447,108.00,https://www.mia.com//item-4389050.html
亚瑟魔衣 孕妇夏装2019新款短袖连衣裙时尚款T恤夏天中长款裙子翻领polo衫 卡其色 XXL,https://img05.miyabaobei.com/d1/p6/2019/05/03/00/e9/00e919077372a79c028fda04fe0dfcc7523474955.jpg@base@tag=imgScale&w=447,128.00,https://www.mia.com//item-4389060.html
黔允 孕妇装2019夏季新款时尚韩版中长款名族风孕妇连衣裙 白色 L,https://img06.miyabaobei.com/d1/p5/2018/04/07/7a/fb/7afb5a2aeee9d26c41d679a05a0f4f60141676861.jpg@base@tag=imgScale&w=447,88.00,https://www.mia.com//item-3498776.html
束兜 孕妇装夏季雪纺连衣裙时尚辣妈夏装孕妇连衣裙圆领喇叭袖韩版雪纺外穿潮 图片色 M,https://img05.miyabaobei.com/d1/p5/2018/06/11/f7/5f/f75fba1496102f59f9119d60fede6cd8065805186.jpg@base@tag=imgScale&w=447,95.00,https://www.mia.com//item-4121162.html
亚瑟魔衣 2019纯棉短袖孕妇睡衣夏季外出休闲产后哺乳套装产妇宽松大码喂奶 红色 L,https://img06.miyabaobei.com/d1/p6/2019/04/23/3e/1e/3e1e2762d2c0d305f474857ec7f146f2937452570.jpg@base@tag=imgScale&w=447,108.00,https://www.mia.com//item-4319015.html
妙恋霖 哺乳连衣裙夏时尚喂奶外出衣潮妈产后期中长款拼接亮片网纱绣字母温柔chic仙女裙 灰色 M,https://img05.miyabaobei.com/d1/p6/2019/04/30/ff/bb/ffbb231413142294cd71c2d4e851703d193775556.jpg@base@tag=imgScale&w=447,99.00,https://www.mia.com//item-4390886.html
糯米妈咪 孕妇装夏天裙子夏季2019新款大码时尚套装孕妇夏装连衣裙短袖上衣潮妈 黄色M,https://img06.miyabaobei.com/d1/p6/2019/05/04/6c/f7/6cf7a51ae9bfb17d1fae90376a44d6cc692855145.jpg@base@tag=imgScale&w=447,95.00,https://www.mia.com//item-4392590.html
束兜 哺乳连衣裙2019新款孕妇夏装五角星刺绣网纱裙宽松半袖喂奶孕妇裙 灰色 M,https://img05.miyabaobei.com/d1/p6/2019/03/16/f1/86/f186f2f608b3ba8a8ef0394a8e33353b179815664.jpg@base@tag=imgScale&w=447,99.00,https://www.mia.com//item-4121028.html
妙恋霖 孕妇哺乳衣上衣韩版宽松卫衣中长款秋冬装加绒加厚哺乳上衣 白色-春装 XXL,https://img06.miyabaobei.com/d1/p5/2018/09/19/76/86/7686066fea66318a55f5978f6ba22209415818514.jpg@base@tag=imgScale&w=447,98.00,https://www.mia.com//item-3502062.html
亚瑟魔衣 孕妇裙夏季新款时尚辣妈棉孕妇长裙韩版时尚孕妇连衣裙 姜黄色 XXL,https://img05.miyabaobei.com/d1/p6/2019/05/03/fe/05/fe05d382b770530cc5c1b4d689105cfd668962118.jpg@base@tag=imgScale&w=447,98.00,https://www.mia.com//item-4388376.html
妙恋霖 孕妇夏装套装时尚款2019新款棉麻孕妇背带裤阔腿孕妇裤子两件套夏 黄色套装 M,https://img06.miyabaobei.com/d1/p5/2018/07/20/c0/37/c037da602322b094176e4dc331eed961661273271.jpg@base@tag=imgScale&w=447,112.00,https://www.mia.com//item-4121455.html
妙恋霖 夏季新款哺乳衣外出露肩中长款哺乳连衣裙外出时尚两件套潮妈喂奶衣 黑色 XL,https://img05.miyabaobei.com/d1/p6/2019/02/23/92/dd/92dd6c34cebdcf5575cab54acf29750e211329845.jpg@base@tag=imgScale&w=447,89.00,https://www.mia.com//item-3502422.html
黔允 孕妇装2019夏季时尚潮妈中长款短袖上衣孕妇连衣裙两件套 条纹 M,https://img06.miyabaobei.com/d1/p5/2018/03/23/b1/4d/b14dfbcccf3101e1c038cb939ffba164704588950.jpg@base@tag=imgScale&w=447,88.00,https://www.mia.com//item-3498662.html
妙恋霖 哺乳衣外出辣妈款春秋季套装时尚产后喂奶衣服潮妈哺乳期两件套 80焦糖色 L,https://img05.miyabaobei.com/d1/p6/2018/12/29/10/57/105764e7e9e6be87c66bf532db183515133129271.jpg@base@tag=imgScale&w=447,128.00,https://www.mia.com//item-3502000.html
束兜 孕妇夏装雪纺连衣裙2019新款时尚潮妈百褶雪纺裙夏天怀孕期连衣裙孕妇连衣裙 粉红色 XL,https://img06.miyabaobei.com/d1/p6/2019/05/03/72/e0/72e0a96a4349a31226f3ccddce6b532f858948036.jpg@base@tag=imgScale&w=447,89.00,https://www.mia.com//item-4387708.html
妙恋霖 哺乳衣秋装新款长袖印花时尚气质鱼尾哺乳裙子产后喂奶连衣裙 粉红色 M,https://img05.miyabaobei.com/d1/p6/2019/03/06/3f/6a/3f6a8dbf6e0e279bb62e287264f3e5fb777676785.jpg@base@tag=imgScale&w=447,98.00,https://www.mia.com//item-3502312.html
博娜印象 2019新款夏装孕妇连衣裙长款时尚款莫代尔纯棉长裙孕妇装夏天裙子 姜黄 XL,https://img06.miyabaobei.com/d1/p6/2019/05/06/88/53/88531c2f1348e3413b9fd832ba64c420208614179.jpg@base@tag=imgScale&w=447,88.00,https://www.mia.com//item-4399643.html
欧丽妈咪 孕妇连衣裙春秋2019新款中长款大码孕妇装时尚款春装韩版哺乳裙子 图片色【可哺乳】 XL,https://img05.miyabaobei.com/d1/p5/2018/02/01/d0/78/d078e0ccbc03095468531ebed07120ce593482494.jpg@base@tag=imgScale&w=447,128.00,https://www.mia.com//item-3479891.html
亚瑟魔衣 孕妇裙夏季新款孕妇装T恤裙小猪佩奇印花宽松短袖孕妇连衣裙子 粉色 L,https://img06.miyabaobei.com/d1/p6/2019/04/27/31/26/3126c28434e5c6e98405fdea35fb1c51426313211.jpg@base@tag=imgScale&w=447,88.00,https://www.mia.com//item-4355164.html
黔允 孕妇装2019夏装纯棉短袖韩版时尚新款上衣孕妇t恤 粉红色 XXL,https://img05.miyabaobei.com/d1/p5/2018/06/06/db/31/db31902cb6242c80d6cd0d85c73966b4683569296.jpg@base@tag=imgScale&w=447,88.00,https://www.mia.com//item-3498992.html
米度丽 孕妇装春装套装2019新款时尚韩版潮妈女装孕妇套装春秋款外出长袖三件套女士套装春装外 卡其色 XL,https://img06.miyabaobei.com/d1/p6/2019/02/16/20/86/20862f69ae304f01c7a11e3c8cb96bb2882921661.jpg@base@tag=imgScale&w=447,125.00,https://www.mia.com//item-3484454.html
束兜 孕妇夏装外出哺乳裙2019新款时尚波点雪纺拼接赫本小黑裙孕妇仙女裙有哺乳款 孕妇款 XXL,https://img05.miyabaobei.com/d1/p6/2019/04/13/a6/3a/a63a600e146d2246a6f96887521df0fc380037970.jpg@base@tag=imgScale&w=447,99.00,https://www.mia.com//item-4320944.html
妙恋霖 哺乳衣外出辣妈款2019新款时尚雪纺碎花吊带裙喂奶上衣两件套长裙 哺乳白T+吊带裙 XXL,https://img06.miyabaobei.com/d1/p6/2019/04/20/44/f5/44f5e4f0de54303c96607ac41fbc294c262256087.jpg@base@tag=imgScale&w=447,108.00,https://www.mia.com//item-4317043.html
妙恋霖 孕妇装夏装2019新款潮妈时尚雪纺秋装吊带裙子两件套装孕妇连衣裙 单件孕妇裙 白色XXL,https://img05.miyabaobei.com/d1/p6/2019/03/22/e9/d4/e9d4cea2d7b664ef156d21407cd0d448699479769.jpg@base@tag=imgScale&w=447,108.00,https://www.mia.com//item-4122825.html
黔允 孕妇装2019夏季新款韩版时尚喇叭袖宽松中长款孕妇连衣裙 黑色 XL,https://img06.miyabaobei.com/d1/p5/2018/06/15/f5/e3/f5e371d04258ff95b76fd6725e41bd5d262072445.jpg@base@tag=imgScale&w=447,88.00,https://www.mia.com//item-3498640.html
亚瑟魔衣 2019年新款孕妇装200斤夏装短袖连衣裙中长款A字裙遮肉显瘦纯色裙子 黄色 XXL,https://img05.miyabaobei.com/d1/p6/2019/05/07/fa/4e/fa4ed4330575360d00b462f88f6d66b3072634705.jpg@base@tag=imgScale&w=447,138.00,https://www.mia.com//item-4414231.html
妙恋霖 孕妇装夏季韩版一字领露肩吊带连衣睡宽松卡通猫图案中长开叉哺乳连衣裙 哺乳装条纹 M,https://img06.miyabaobei.com/d1/p6/2019/03/12/c7/72/c77289cdcb80ccc0d6aaa5ad7954725e767597281.jpg@base@tag=imgScale&w=447,89.00,https://www.mia.com//item-4223798.html
束兜 孕妇夏装连衣裙2019夏季新款条纹露肩雪纺显瘦孕妇裙有哺乳款 哺乳款 L,https://img05.miyabaobei.com/d1/p6/2019/03/04/82/ed/82edab5869c379cdad4f802607895408861054004.jpg@base@tag=imgScale&w=447,99.00,https://www.mia.com//item-4120989.html
妙恋霖 孕妇哺乳连衣裙2019夏装条纹V领针织五分袖哺乳连衣裙中长款产后外出喂奶衣 黄色 L,https://img06.miyabaobei.com/d1/p6/2019/05/06/ee/88/ee88f439d578b241adaf4118d8530d03201627743.jpg@base@tag=imgScale&w=447,89.00,https://www.mia.com//item-4399630.html
妙恋霖 哺乳连衣裙夏季外出时尚辣妈款2019新款哺乳裙产后喂奶潮妈中长款裙子 红色 XXL,https://img05.miyabaobei.com/d1/p6/2019/04/20/81/96/819668a70f47239c8101d5b00a53abfa430936441.jpg@base@tag=imgScale&w=447,99.00,https://www.mia.com//item-4317976.html
亚瑟魔衣 孕妇装春秋新款中长款孕妇卫衣卡通条纹孕妇上衣 深灰色 L,https://img06.miyabaobei.com/d1/p5/2017/11/28/2d/c8/2dc8db70691ff106570f684ee42b5899589869164.jpg@base@tag=imgScale&w=447,98.00,https://www.mia.com//item-3480825.html
束兜 孕妇套装夏天时尚背带裤套装2019新款甜美糖果色孕妇牛仔背带短裤+T恤孕妇装两件套 柠檬黄 XL,https://img05.miyabaobei.com/d1/p6/2019/04/14/a0/09/a00930a39bec9ecef727a07d369cac29505528083.jpg@base@tag=imgScale&w=447,118.00,https://www.mia.com//item-4321028.html
糯米妈咪 时尚套装2019春款套装休闲宽松运动服孕妇时尚套装新款潮妈 薄款灰色 M,https://img06.miyabaobei.com/d1/p4/2016/09/23/ea/91/ea91ff6b860af9248993b20ae03e0e49230188680.jpg@base@tag=imgScale&w=447,100.80,https://www.mia.com//item-3481671.html
黔允 孕期+哺乳2019夏季新款时尚纯棉T恤+牛仔背带裤外出喂奶孕妇套装 孕妇装 M,https://img05.miyabaobei.com/d1/p6/2019/03/16/5b/74/5b740393b1f0aef3f4c4d16ced6c6957252346890.jpg@base@tag=imgScale&w=447,98.00,https://www.mia.com//item-4119989.html
妙恋霖 孕妇装小清新碎花吊带连衣裙2019夏天裙子两件套短袖上衣孕妇哺乳夏装连衣裙 孕妇套装 XL,https://img06.miyabaobei.com/d1/p6/2019/04/28/6d/af/6daf28783f04e23af8af35ecb5228336303832309.jpg@base@tag=imgScale&w=447,99.00,https://www.mia.com//item-4357414.html
束兜 孕妇装夏季连衣裙2019新款时尚韩版拼接假两件宽松中长款过膝短袖T恤孕妇裙 粉红色 L,https://img05.miyabaobei.com/d1/p6/2019/05/07/74/1c/741ce14d9091b4880db166d339f75b69131039700.jpg@base@tag=imgScale&w=447,109.00,https://www.mia.com//item-4415341.html
糯米妈咪 孕妇安全裤防走光托腹夏莫代尔夏装薄款大码短裤孕妇打底裤 托腹安全裤100斤到200斤可穿 蕾丝边白色,https://img06.miyabaobei.com/d1/p5/2018/06/16/3e/54/3e547f64f2ffd0af6b7cf9436ca530f7386133748.jpg@base@tag=imgScale&w=447,38.00,https://www.mia.com//item-3481766.html
黔允 孕妇装2019夏季新款时尚中长款纯棉针织印花拼接网纱孕妇连衣裙 浅蓝色 L,https://img05.miyabaobei.com/d1/p6/2019/03/26/da/39/da39cf694f8cd682ae9a8eb081a29faa097427324.jpg@base@tag=imgScale&w=447,108.00,https://www.mia.com//item-3871222.html
妙恋霖 哺乳套装2019春秋韩版辣妈产后哺乳背心网纱裙外出显瘦圆领印花上衣两件套 哺乳两件套-短袖款 XL,https://img06.miyabaobei.com/d1/p6/2019/01/05/28/b1/28b167a5f2a62c65b2f33b48a950d185758895891.jpg@base@tag=imgScale&w=447,109.00,https://www.mia.com//item-3794628.html
妙恋霖 哺乳连衣裙2019春装新款产后辣妈哺乳连衣裙潮妈百搭宽松显瘦喂奶衣孕妇裙 孕妇款 黑色M,https://img05.miyabaobei.com/d1/p6/2019/01/14/45/97/4597816b1ab0b22fbb55b30c35e371b6553485190.jpg@base@tag=imgScale&w=447,99.00,https://www.mia.com//item-3502280.html
黔允 孕妇装2019夏季新款时尚韩版条纹刺绣中长款七分袖孕妇哺乳连衣裙 浅蓝色 XL,https://img06.miyabaobei.com/d1/p5/2018/04/20/9b/60/9b6033f9392150118740477d86564f6b904366187.jpg@base@tag=imgScale&w=447,98.00,https://www.mia.com//item-3498790.html
黔允 孕妇装2019夏季新款时尚韩版中长款纯棉短袖T恤孕妇连衣裙 灰色 M,https://img05.miyabaobei.com/d1/p5/2018/05/04/85/1e/851ed970557a696c719686229c3aaaf2225526267.jpg@base@tag=imgScale&w=447,78.00,https://www.mia.com//item-3498570.html
妙恋霖 哺乳衣时尚套装外出产后辣妈款短袖喂奶衣上衣吊带裤外穿宽松产后潮妈衣服两件套夏季 哺乳T恤+吊带裤 XXL,https://img06.miyabaobei.com/d1/p6/2019/04/05/1b/c4/1bc46e24ad1d0b02abb1721caa4eef54576303266.jpg@base@tag=imgScale&w=447,109.00,https://www.mia.com//item-4198012.html
黔允 哺乳装2019夏季新款时尚韩版V领印花长裙孕妇哺乳连衣裙 黄色 XXL,https://img05.miyabaobei.com/d1/p6/2019/03/09/82/8e/828e556e66070ad5c86ba94bf09d789a389803121.jpg@base@tag=imgScale&w=447,108.00,https://www.mia.com//item-4120108.html
束兜 孕妇装夏装仙女裙两件套2019很仙的孕妇裙子韩版渐变网纱裙+短袖T恤套装 粉红色 XL,https://img06.miyabaobei.com/d1/p6/2019/04/12/71/a5/71a5bbe759b7762eb2a21899a8c6e0ff003484699.jpg@base@tag=imgScale&w=447,109.00,https://www.mia.com//item-4241190.html
亚瑟魔衣 孕妇裙夏装新款月子服短袖孕妇装真两件套孕妇连衣裙产后可哺乳 粉红色 XXL,https://img05.miyabaobei.com/d1/p6/2019/04/30/22/73/22738a3ace033021d9606da9a706cfb4011654240.jpg@base@tag=imgScale&w=447,118.00,https://www.mia.com//item-4369642.html
妙恋霖 孕妇春装夏装上衣2019新款韩版中长款露肩孕妇连衣裙时尚夏天裙子 白色 XXL,https://img06.miyabaobei.com/d1/p6/2019/04/07/3c/af/3cafe164da28131766fdfe573d54b238273577425.jpg@base@tag=imgScale&w=447,108.00,https://www.mia.com//item-4198569.html
妙恋霖 哺乳套装夏季新款哺乳衣外出韩版时尚喂奶两件套裙显瘦辣妈款哺乳网纱半身裙两件套 红色 M,https://img05.miyabaobei.com/d1/p6/2019/03/26/8b/d2/8bd287eecc905f84d7dd8ec78110aaa7903773612.jpg@base@tag=imgScale&w=447,109.00,https://www.mia.com//item-3858967.html
米度丽 月子服夏季薄款产后纯棉孕妇睡衣哺乳衣夏装喂奶衣产妇家居服套装 灰色 L,https://img06.miyabaobei.com/d1/p5/2018/03/27/43/d3/43d334fc0ad4db00b85fd8817ddcefd7206704389.jpg@base@tag=imgScale&w=447,75.00,https://www.mia.com//item-4117302.html
妙恋霖 孕妇装春夏新款时尚百搭连帽上衣哺乳背心裙连衣裙两件套套装 白色 L,https://img05.miyabaobei.com/d1/p5/2018/07/21/8b/dc/8bdc3a07bcbdfe58dd48056c9978d42d492238652.jpg@base@tag=imgScale&w=447,110.00,https://www.mia.com//item-4122663.html
米度丽 孕妇装夏装上衣短款孕妇短袖棉t恤夏季2019新款孕妇打底衫体恤潮妈女上衣夏季短袖T恤 中长6706 L 白色 均码,https://img06.miyabaobei.com/d1/p6/2019/03/22/21/ab/21ab5ef0feddb38c532b56516d18b46d270325785.jpg@base@tag=imgScale&w=447,39.00,https://www.mia.com//item-4386084.html
妙恋霖 哺乳衣套装时尚外出夏季短袖喂奶上衣+背带裤产后潮妈两件套夏装 黄色 L,https://img05.miyabaobei.com/d1/p6/2019/03/06/fc/be/fcbe2c5d3eb75bcb17f6b3c92105ed98602981817.jpg@base@tag=imgScale&w=447,99.00,https://www.mia.com//item-4121595.html
黔允 孕妇装2019夏季新款时尚韩版甜美小清新无袖A字中长款孕妇连衣裙 粉色 XL,https://img06.miyabaobei.com/d1/p5/2018/05/03/fc/b2/fcb211b290318c9f5af75421d3e1751d150465100.jpg@base@tag=imgScale&w=447,88.00,https://www.mia.com//item-3498452.html
黔允 常规+哺乳装2019春秋季新款时尚条纹上衣阔腿喇叭裤孕妇哺乳两件套 黑色孕妇款 M,https://img05.miyabaobei.com/d1/p5/2018/08/08/4a/7e/4a7ebd4652fcd21b9197c2affd256e38935296325.jpg@base@tag=imgScale&w=447,108.00,https://www.mia.com//item-4441198.html
妙恋霖 孕妇哺乳长裙夏装新款下摆不规则百褶中长款宽松连衣裙 黑色孕妇装 L,https://img06.miyabaobei.com/d1/p5/2018/07/17/6b/1c/6b1c7cf8881207d9cd52dddd691ab4c3131098921.jpg@base@tag=imgScale&w=447,98.00,https://www.mia.com//item-3501976.html
束兜 孕妇裤夏季薄款托腹裤打底短裤时尚冰爽蕾丝托腹裤外穿三分裤子 黑色 L,https://img05.miyabaobei.com/d1/p6/2019/03/22/c3/50/c350aff371c9b8270793b4cb283d0da6571599501.jpg@base@tag=imgScale&w=447,69.00,https://www.mia.com//item-4121009.html
妙恋霖 哺乳连衣裙夏季时尚2019新款辣妈款长裙外出服韩版显瘦产后喂奶衣 哺乳裙 深蓝色L,https://img06.miyabaobei.com/d1/p5/2018/08/01/87/18/8718ace6db305670368d283614e15d14057211739.jpg@base@tag=imgScale&w=447,98.00,https://www.mia.com//item-4123169.html
妙恋霖 孕妇装春夏秋连衣裙新款韩版时尚气质中长款针织网纱拼接长袖连衣裙 短袖黑色拼粉-哺乳款 XL,https://img05.miyabaobei.com/d1/p6/2019/05/12/fe/3a/fe3a23b2b2aeac9c1df67f408d99c2fe421193756.jpg@base@tag=imgScale&w=447,108.00,https://www.mia.com//item-4441204.html
束兜 孕妇装夏季牛仔背带裤套装2019新款韩版时尚百搭牛仔短裤背带裤+短袖T恤孕妇装两件套 黑色短袖+背带裤 M,https://img06.miyabaobei.com/d1/p6/2019/04/15/13/90/13909ce43829dc40df0348036e01a15a580207573.jpg@base@tag=imgScale&w=447,128.00,https://www.mia.com//item-4321048.html
黔允 2019春季孕妇新款纯棉A字版时尚印花宽松孕妇T恤 黑色 L,https://img05.miyabaobei.com/d1/p6/2019/02/16/f4/c7/f4c7d8e735d5bc674d91bca0db85bfee047902277.jpg@base@tag=imgScale&w=447,68.00,https://www.mia.com//item-3498966.html
亚瑟魔衣 孕妇裙夏装新款韩版卡通宽松孕妇T恤裙短袖中长款孕妇连衣裙 紫色 XXL,https://img06.miyabaobei.com/d1/p6/2019/05/05/02/ca/02ca167a7ebfdcb444cd05780ccece7c313535718.jpg@base@tag=imgScale&w=447,98.00,https://www.mia.com//item-4388900.html
亚瑟魔衣 孕妇裙夏装新款孕妇装卡通中长款宽松大码短袖孕妇连衣裙 绿色 L,https://img05.miyabaobei.com/d1/p6/2019/05/05/cc/a1/cca1213ae2a6adb3b6257a87830d9d8e287521733.jpg@base@tag=imgScale&w=447,98.00,https://www.mia.com//item-4388890.html
黔允 孕妇装2019夏季新款纯棉无袖重工刺绣蕾丝镂空钩花孕妇连衣裙 蓝色 XL,https://img06.miyabaobei.com/d1/p6/2019/05/03/a8/aa/a8aad2fd79cd250de28172ce51f8e1c1964788451.jpg@base@tag=imgScale&w=447,108.00,https://www.mia.com//item-4397720.html
妙恋霖 牛仔背带裤女2019春秋季新款宽松显瘦休闲百搭破洞九分裤迷彩裤潮 单件迷彩背带裤 M,https://img05.miyabaobei.com/d1/p6/2019/01/05/f6/41/f64176d47d365c6dfde2924ea1cd26fa989957082.jpg@base@tag=imgScale&w=447,98.00,https://www.mia.com//item-3501106.html
妙恋霖 孕妇套装春夏装2019时尚款两件套孕妇装夏装七分袖T恤大码休闲九分裤印花裤子套装 花灰色 XXL,https://img06.miyabaobei.com/d1/p6/2019/04/14/4f/9e/4f9e5b36a18be92f3dc1c2fb5a1382a3268967002.jpg@base@tag=imgScale&w=447,109.00,https://www.mia.com//item-4316953.html
亚瑟魔衣 孕妇装夏季短袖长裙时尚潮妈新款雪纺夏天裙子拼接外出休闲孕妇连衣裙 黑色 M,https://img05.miyabaobei.com/d1/p6/2019/05/06/59/2a/592ab468a19380e06ce8cb61e2dbff59086866320.jpg@base@tag=imgScale&w=447,118.00,https://www.mia.com//item-4398625.html
亚瑟魔衣 孕妇裙夏新款孕妇装潮妈时尚V领外穿宽松显瘦韩版中长款孕妇连衣裙子 白色 XXL,https://img06.miyabaobei.com/d1/p6/2019/05/03/84/71/84717ecb9494c8aa1335160de411af60605715370.jpg@base@tag=imgScale&w=447,138.00,https://www.mia.com//item-4388356.html
黔允 孕妇装2019夏季新款时尚韩版宽松假两件拼接孕妇连衣裙 白色 L,https://img05.miyabaobei.com/d1/p6/2019/03/01/2f/8f/2f8ff2ed8a1e57ce1314962e9373c674219189360.jpg@base@tag=imgScale&w=447,98.00,https://www.mia.com//item-4120209.html
妙恋霖 孕妇装两件套2019韩版夏季时尚吊带裙+外搭两件套中长款孕妇连衣裙长裙套装 单件红色裙 XXL,https://img06.miyabaobei.com/d1/p6/2019/03/30/4e/73/4e731dc5f6073f6363c5c7e52398698d292026105.jpg@base@tag=imgScale&w=447,99.00,https://www.mia.com//item-4091651.html
甜蜜孕季 孕妇装夏装新款全棉短袖孕妇裙时尚中长款孕妇上衣 黄色 M,https://img05.miyabaobei.com/d1/p5/2018/03/12/25/f7/25f7834b18cf136c8478907b1bc88a9d577174249.jpg@base@tag=imgScale&w=447,89.00,https://www.mia.com//item-3497049.html
束兜 夏季哺乳连衣裙2019新款贴图短袖蕾丝拼接哺乳衣连衣裙 哺乳连衣裙 杏色XL,https://img06.miyabaobei.com/d1/p6/2019/03/05/ab/7a/ab7a357407215ac142cd28bef915c0d6154081537.jpg@base@tag=imgScale&w=447,89.00,https://www.mia.com//item-4121219.html
黔允 孕妇装2019春季新款时尚韩版中长款蕾丝拼接上衣孕妇连衣裙 粉红色 M,https://img05.miyabaobei.com/d1/p6/2019/01/05/67/bd/67bdf7bb8c55520c40a3560f110d62a1771809339.jpg@base@tag=imgScale&w=447,88.00,https://www.mia.com//item-3498710.html
欧丽妈咪 孕妇装孕妇裙2019春夏装手工刺绣宽松优雅喇叭袖T恤孕妇裙 白色 M,https://img06.miyabaobei.com/d1/p5/2017/02/18/86/42/8642693430e984855eaa2488f8a11f92916434723.jpg@base@tag=imgScale&w=447,178.00,https://www.mia.com//item-4116439.html
亚瑟魔衣 孕妇装套装夏季新款韩版圆领短袖孕妇T恤可调节托腹孕妇短裤两件套 粉色 M,https://img05.miyabaobei.com/d1/p6/2019/04/27/f9/15/f915db838d756756a51e9aec2520d3bc374898943.jpg@base@tag=imgScale&w=447,108.00,https://www.mia.com//item-4355120.html
黔允 孕妇装2019春装新款时尚韩版长袖+吊带裙条纹中长款孕妇套装连衣裙 黑色 XXL,https://img06.miyabaobei.com/d1/p5/2018/08/27/7e/96/7e960f56463c0da5987290d2b4343e1c553075459.jpg@base@tag=imgScale&w=447,88.00,https://www.mia.com//item-3497580.html
欧丽妈咪 孕妇连衣裙夏装2019新款韩版宽松中长款蕾丝孕妇装时尚春秋款裙子 白色 L,https://img05.miyabaobei.com/d1/p5/2017/07/07/48/20/48203da3a7432d637d690f7b825375c8003843685.jpg@base@tag=imgScale&w=447,128.00,https://www.mia.com//item-3479955.html
黔允 孕妇装2019夏季新款时尚韩版中长款娃娃孕妇连衣裙 灰色 M,https://img06.miyabaobei.com/d1/p5/2018/07/06/e8/c5/e8c57fef83afcce6b635773634858e86495054937.jpg@base@tag=imgScale&w=447,88.00,https://www.mia.com//item-4120418.html
黔允 孕妇装2019夏季新装孕妇时尚长款印花拼接连衣裙 黑色 XL,https://img05.miyabaobei.com/d1/p5/2018/06/14/c6/e2/c6e291e1f0ddfdbe69687da374664493480282388.jpg@base@tag=imgScale&w=447,98.00,https://www.mia.com//item-4120308.html
甜蜜孕季 孕妇装夏装上衣时尚款2019新款韩版休闲夏季体恤潮妈短袖t恤 粉色 L,https://img06.miyabaobei.com/d1/p5/2018/04/04/4b/77/4b7763b5626901b966c7ead6f6768779150572028.jpg@base@tag=imgScale&w=447,69.00,https://www.mia.com//item-3497231.html
博娜印象 孕妇装秋装新款宽松大码卡通可哺乳卫衣 卫衣 黑色常规XL,https://img05.miyabaobei.com/d1/p5/2018/08/03/34/44/3444e5d627d6bb41fbe93110b4c3d4ae776843151.jpg@base@tag=imgScale&w=447,118.00,https://www.mia.com//item-3489406.html
十月伊人 孕妇装夏装2019新款时尚款孕妈潮装短袖t恤夏季孕妇上衣体恤 蓝色 XL,https://img06.miyabaobei.com/d1/p6/2019/04/11/a0/75/a07581c19822f72c0a13721c38212c11673729796.jpg@base@tag=imgScale&w=447,89.00,https://www.mia.com//item-4233626.html
束兜 孕妇背带裤套装夏装背带阔腿短裤+短袖T恤两件套孕妇装牛仔短裤辣妈外出哺乳套装 孕妇款套装 XL,https://img05.miyabaobei.com/d1/p6/2019/04/09/31/c0/31c08a55588116ce42c22a9f60b494f6953257792.jpg@base@tag=imgScale&w=447,119.00,https://www.mia.com//item-4220098.html
束兜 孕妇连衣裙春夏装2019新款韩版不规则雪纺拼接网纱蛋糕裙孕妇裙 孕妇连衣裙 灰色L,https://img06.miyabaobei.com/d1/p6/2019/02/25/7c/77/7c7788bf6088353c8f04dc3d7d3882a7037201572.jpg@base@tag=imgScale&w=447,108.00,https://www.mia.com//item-3500853.html
米度丽 孕妇装 2019春装上衣短款白衬衫女长袖春装女装孕妇打底衫钉珠衬衣韩版 白色 XL,https://img05.miyabaobei.com/d1/p6/2019/02/16/ac/cf/accfce40e558c4b758f8445d1c873a0b040685409.jpg@base@tag=imgScale&w=447,88.00,https://www.mia.com//item-3486424.html
十月伊人 孕妇装秋装2018新款时尚中长款孕妇上衣长袖宽松大码T恤春秋款 粉红色 L,https://img06.miyabaobei.com/d1/p5/2018/07/19/45/b3/45b31223bd56e7fad398f61bd7047200829308262.jpg@base@tag=imgScale&w=447,109.00,https://www.mia.com//item-3497202.html
米度丽 孕妇装 春装T恤连衣裙中长款2019春季新款打底衫纯棉春秋款女装上衣春 白色 M,https://img05.miyabaobei.com/d1/p5/2018/10/01/54/1f/541fc0953f806d3365aecfb1b5bbf122836276342.jpg@base@tag=imgScale&w=447,68.00,https://www.mia.com//item-3486506.html
黔允 哺乳装2019夏装新款时尚假两件中长款棉质短袖外出孕妇哺乳连衣裙 蓝色 L,https://img06.miyabaobei.com/d1/p6/2019/03/31/0f/35/0f35fabb900e3f2524df4b504de194e9175765154.jpg@base@tag=imgScale&w=447,98.00,https://www.mia.com//item-4114500.html
妙恋霖 网红时髦哺乳套装2019夏装新款阔腿裤时尚休闲夏装短裤背带裤哺乳两件套 咖啡色 XL,https://img05.miyabaobei.com/d1/p6/2019/03/09/eb/0b/eb0bd4ed19846d4c49fbeef66b482e73442089424.jpg@base@tag=imgScale&w=447,99.00,https://www.mia.com//item-4121545.html
黔允 孕妇装2019夏季新款时尚纯棉白T+吊带a字宽松波点孕妇连衣裙两件套 黑色 L,https://img06.miyabaobei.com/d1/p6/2019/04/19/9d/7c/9d7c0ecc700e1d33638816a1dadec44e046168359.jpg@base@tag=imgScale&w=447,98.00,https://www.mia.com//item-4324753.html
妙恋霖 夏季哺乳衣外出时尚套装蕾丝哺乳连衣裙潮妈产后哺乳期辣妈款夏季小清新背带裙哺乳套装 咖啡色 M,https://img05.miyabaobei.com/d1/p6/2019/04/21/20/07/200732750187e4936ea4ccf0a3490bfa381647285.jpg@base@tag=imgScale&w=447,99.00,https://www.mia.com//item-4317125.html
束兜 孕妇夏装上衣长袖春季孕妇装春夏装孕妇连衣裙中长款孕妇衬衫衬衣 蓝色 M,https://img06.miyabaobei.com/d1/p6/2019/02/23/25/7b/257be7c2dc0b120bd30bb6f0bdb25a7f103217025.jpg@base@tag=imgScale&w=447,89.00,https://www.mia.com//item-3500877.html
黔允 孕妇装2019春季新款时尚中长款拼接宽松雪纺百搭孕妇连衣裙 黑色 L,https://img05.miyabaobei.com/d1/p5/2018/08/22/0e/17/0e17659c24a5848670bf4347c4ca7d88190197411.jpg@base@tag=imgScale&w=447,78.00,https://www.mia.com//item-4120149.html
黔允 孕妇装2019春季新款韩版孕妇假两件中长款宽松A字孕妇连衣裙 粉色单件上衣 XXL,https://img06.miyabaobei.com/d1/p5/2018/08/08/53/ae/53ae171ef67fa3c48c68cb72901d9b17951233144.jpg@base@tag=imgScale&w=447,88.00,https://www.mia.com//item-3498196.html
欧丽妈咪 孕妇装春装长袖上衣2019新款时尚韩版中长款宽松大码孕妇衬衫衬衣 蓝色 XL,https://img05.miyabaobei.com/d1/p5/2017/08/11/f9/79/f979d43754937e83edf804138373eba4401135524.jpg@base@tag=imgScale&w=447,96.00,https://www.mia.com//item-3480015.html
妙恋霖 孕妇背带裤2019新款韩版夏季时尚牛仔短裤两件套百搭背带裤套装 牛仔短裤 XXL,https://img06.miyabaobei.com/d1/p6/2019/03/09/f1/0b/f10b98637383690a0b46fab969683ffb341278454.jpg@base@tag=imgScale&w=447,89.00,https://www.mia.com//item-4121582.html
糯米妈咪 （2条装）孕妇高腰安全裤短裤防走光平角裤托腹打底裤夏季薄款保险夏装 白色平口2条,https://img05.miyabaobei.com/d1/p6/2019/03/27/08/4b/084b8882f63628436ad7e716bbc02b9d860742830.jpg@base@tag=imgScale&w=447,69.00,https://www.mia.com//item-4091477.html
博娜印象 孕妇外套秋装新款大码胖MM短款风衣外套 红色 XL,https://img06.miyabaobei.com/d1/p5/2018/08/13/53/0c/530cd2b59b1e2abf37d9b823bd8f519d424191413.jpg@base@tag=imgScale&w=447,218.00,https://www.mia.com//item-3489280.html
甜蜜孕季 孕妇装夏装时尚款2019新款孕妇上衣中长款纯棉短袖t恤 白色 XXL,https://img05.miyabaobei.com/d1/p5/2018/04/13/4e/03/4e0359c00fb4e7f4819a95696f4f9f86054368215.jpg@base@tag=imgScale&w=447,89.00,https://www.mia.com//item-3497316.html
束兜 早春孕妇春装套装2019春季新款卫衣T恤时尚春秋款打底衫连衣裙 单独卫衣 天蓝色XXL,https://img06.miyabaobei.com/d1/p6/2019/02/14/b3/dd/b3ddbb42b90c9fb00c9ab1a773a6e9ed145105952.jpg@base@tag=imgScale&w=447,99.00,https://www.mia.com//item-3500647.html
糯米妈咪 孕妇连衣裙2019夏装新款大码韩版时尚宽松休闲短袖长款后背蕾丝款裙子潮 白色XXXXL,https://img05.miyabaobei.com/d1/p6/2019/04/26/2e/e9/2ee9399f365adcc93d599e2fec39d2ec690719395.jpg@base@tag=imgScale&w=447,98.00,https://www.mia.com//item-4359534.html
十月伊人 孕妇春装上衣2019早春新款套装时尚款外出长袖t恤两件套秋季衣服 白色上衣+黑色打底裤 L,https://img06.miyabaobei.com/d1/p6/2019/02/13/d8/95/d895e0a072c356114eb8f87e9cbdc0a4257807809.jpg@base@tag=imgScale&w=447,128.00,https://www.mia.com//item-3496460.html
束兜 夏装孕妇连衣裙2019新款韩版宽松短袖拼接网纱孕妇裙 图片色 XL,https://img05.miyabaobei.com/d1/p5/2018/06/13/3d/02/3d02fa5a77e98cbe0e99a417e71bd853863625534.jpg@base@tag=imgScale&w=447,108.00,https://www.mia.com//item-4121168.html
妙恋霖 哺乳衣2019夏季新款流行法国小众网纱连衣裙配一字肩辣妈外出哺乳装 白色 XL,https://img06.miyabaobei.com/d1/p6/2019/04/22/6f/87/6f87c8b26f5bca1a24ed91113eedca2e209307917.jpg@base@tag=imgScale&w=447,109.00,https://www.mia.com//item-4317151.html
欧丽妈咪 孕妇连衣裙春夏2019新款辣妈时尚款宽松中长款上衣孕妇装夏天裙子 粉色 M,https://img05.miyabaobei.com/d1/p5/2018/03/29/8e/37/8e37899e8f167ed4173d7a7f3ff28262915683257.jpg@base@tag=imgScale&w=447,108.00,https://www.mia.com//item-4116535.html
米度丽 孕妇裤夏季薄款打底孕妇裤子春夏外穿休闲运动裤夏装套装2件套时尚款运动套装夏季裤子 粉色裤子+印花短T 套装 M,https://img06.miyabaobei.com/d1/p6/2019/05/14/36/56/36566d2ceba18447646a76449a3fa6ab179336161.jpg@base@tag=imgScale&w=447,108.00,https://www.mia.com//item-4458681.html
亚瑟魔衣 2019新款孕妇夏装T恤孕妇连衣裙中长款夏天裙子纯棉宽松时尚 白色 XXXXL,https://img05.miyabaobei.com/d1/p6/2019/04/05/f3/aa/f3aa62219f318598e893fc7523c13cb7420505570.jpg@base@tag=imgScale&w=447,78.00,https://www.mia.com//item-4192829.html
妙恋霖 孕妇哺乳套装春秋新款韩版孕妇哺乳套装显瘦网红同款卫衣两件套潮 黑色1658 XL,https://img06.miyabaobei.com/d1/p5/2018/08/31/40/8e/408ef7fc486191053d608c67f212059e098034460.jpg@base@tag=imgScale&w=447,118.00,https://www.mia.com//item-3500923.html
甜蜜孕季 孕妇装夏装2019新款孕妇套装潮妈两件套纯棉夏季怀孕期孕妇上衣 灰色 M,https://img05.miyabaobei.com/d1/p5/2018/04/12/4c/07/4c07df50e4236143795805dbeb5cf658379108523.jpg@base@tag=imgScale&w=447,175.00,https://www.mia.com//item-3496443.html
亚瑟魔衣 2019春夏季新款产后孕妇T恤裙睡衣宽松大码纯棉孕妇装 粉色 M,https://img06.miyabaobei.com/d1/p6/2019/04/23/ed/ff/edffd42b0119eb7a84153a5da3e58e59024213414.jpg@base@tag=imgScale&w=447,98.00,https://www.mia.com//item-4319023.html
黔允 常规+哺乳2019春季新款时尚新款印花两件套哺乳外出连衣裙套装 哺乳两件套 M,https://img05.miyabaobei.com/d1/p6/2019/02/24/2f/ba/2fba73c9af7c190773a46edd80d53039128382817.jpg@base@tag=imgScale&w=447,118.00,https://www.mia.com//item-3497930.html
十月伊人 孕妇秋装时尚款2019新款韩版宽松长袖上衣潮妈秋季外穿孕妇连衣裙 蓝色上衣 XL,https://img06.miyabaobei.com/d1/p5/2018/07/23/86/74/8674ce03fe1ff752e997c7da387308c7325559581.jpg@base@tag=imgScale&w=447,109.00,https://www.mia.com//item-3496927.html
妙恋霖 孕妇夏装套装时尚款2019新款运动潮妈外出短袖短裤休闲两件套夏季 96黑色条纹套装 XXL,https://img05.miyabaobei.com/d1/p6/2019/03/22/57/15/571546898f24ab2aa65c687aada4e4c7860255668.jpg@base@tag=imgScale&w=447,99.00,https://www.mia.com//item-4121749.html
束兜 孕妇夏装韩范挂脖无袖亮闪闪宽松连衣裙女超仙a字裙 白色 L,https://img06.miyabaobei.com/d1/p6/2019/04/26/f9/21/f9214e49a505a0407e0783bc8269ffb7793025735.jpg@base@tag=imgScale&w=447,88.00,https://www.mia.com//item-4359174.html
亚瑟魔衣 孕妇套装夏季新款韩版字母宽松孕妇短袖T恤+孕妇托腹短裤子两件套 灰色 XXXL,https://img05.miyabaobei.com/d1/p6/2019/04/27/f9/bb/f9bb35044b034d2f644ff52b36461b67348486875.jpg@base@tag=imgScale&w=447,108.00,https://www.mia.com//item-4355104.html
妙恋霖 孕妇装夏装2019新款春装上衣夏季怀孕春夏中长款雪纺夏天连衣裙子 粉红色 M,https://img06.miyabaobei.com/d1/p6/2019/04/08/4a/6e/4a6e89bf53ecc0e0fab46a4ec80d91b4022126971.jpg@base@tag=imgScale&w=447,98.00,https://www.mia.com//item-4198779.html
束兜 孕妇装夏季T恤连衣裙时尚夏装打底衫宽松短袖t恤大码时尚孕妇连衣裙 皮粉色 L,https://img05.miyabaobei.com/d1/p6/2019/04/04/22/ac/22ac7e65b964ccd4c628f162eaa6fe90899271713.jpg@base@tag=imgScale&w=447,109.00,https://www.mia.com//item-4192029.html
束兜 孕妇装夏季连衣裙2019新款民族风绣花休闲百搭孕妇连衣裙 浅蓝色 M,https://img06.miyabaobei.com/d1/p6/2019/03/12/be/84/be8469880a48bb6e1877720626332774252548687.jpg@base@tag=imgScale&w=447,99.00,https://www.mia.com//item-4121118.html
黔允 哺乳装2019夏季新款时尚雪纺印花不规则假两件蛋糕裙超仙裙子外出哺乳连衣裙 乳白色 M,https://img05.miyabaobei.com/d1/p6/2019/05/08/79/56/7956cba79628dbc9a922aaa299d6f197478963136.jpg@base@tag=imgScale&w=447,98.00,https://www.mia.com//item-4413422.html
黔允 孕妇装2019夏装新款时尚韩版中长款蕾丝拼接宽松短袖孕妇连衣裙 天蓝色 M,https://img06.miyabaobei.com/d1/p6/2019/03/18/76/f0/76f0df4725478dafcac04464d94ac4cb201505521.jpg@base@tag=imgScale&w=447,88.00,https://www.mia.com//item-4120298.html
黔允 孕妇装2019春季新款韩版时尚宽松孕妇卫衣+托腹裤两件套 黄色单上衣 XXL,https://img05.miyabaobei.com/d1/p5/2018/08/16/24/b2/24b265d05a6bd7b1281eac73c5983077882454506.jpg@base@tag=imgScale&w=447,88.00,https://www.mia.com//item-3497446.html
黔允 哺乳装2019夏季新款时尚韩版条纹宽松外出哺乳连衣裙 条纹 M,https://img06.miyabaobei.com/d1/p6/2019/05/04/97/3b/973bdba2ae40f93e3b8ba1539bffb45c994622800.jpg@base@tag=imgScale&w=447,88.00,https://www.mia.com//item-4396900.html
束兜 孕妇装夏季连衣裙2019新款时尚假两件连衣裙格子拼接中长款大码孕妇连衣裙 白色 M,https://img05.miyabaobei.com/d1/p6/2019/05/11/07/6b/076b048b578eb27611ff9d67ce0db41f828641111.jpg@base@tag=imgScale&w=447,99.00,https://www.mia.com//item-4438075.html
妙恋霖 孕妇装哺乳两件套露肩时尚哺乳T恤+阔腿裤两件套时髦俏皮哺乳套装 粉色哺乳套装 M,https://img06.miyabaobei.com/d1/p5/2018/07/28/be/fb/befb824339cc5ce8abaee107f5bd474e074126589.jpg@base@tag=imgScale&w=447,118.00,https://www.mia.com//item-3501161.html
米度丽 孕妇哺乳衣外出夏装孕妇装夏哺乳裙连衣裙中长款孕妇裙夏季短袖t恤裙喂奶衣连衣裙哺乳 灰色 L,https://img05.miyabaobei.com/d1/p6/2019/03/27/cc/73/cc73e942684b081481f8fb651b7000cb702335532.jpg@base@tag=imgScale&w=447,68.00,https://www.mia.com//item-3487129.html
妙恋霖 孕妇裙夏装2018新款复古雪纺吊带+短袖哺乳T恤两件套装 图片色孕妇款 M,https://img06.miyabaobei.com/d1/p5/2018/07/14/38/01/38012c989694ca9044fa51efb2540567488053089.jpg@base@tag=imgScale&w=447,86.00,https://www.mia.com//item-4122765.html
亚瑟魔衣 2019春夏装新款棉孕妇t恤短袖上衣韩版时尚宽松孕妇装连衣裙子 黄色 M,https://img05.miyabaobei.com/d1/p6/2019/04/08/07/97/07974eddd49a25216c7ee33c684f1ea7891005884.jpg@base@tag=imgScale&w=447,109.00,https://www.mia.com//item-4193199.html
黔允 孕妇装2019夏季新款时尚中长款宽松A字仙女裙波点雪纺孕妇连衣裙 白色 XL,https://img06.miyabaobei.com/d1/p6/2019/03/22/35/cc/35cc3c8349eb07e9863b814ab383bf4d318191662.jpg@base@tag=imgScale&w=447,98.00,https://www.mia.com//item-4120462.html
黔允 孕妇装2019夏季新款时尚韩版宽松显瘦针织棉T孕妇连衣裙 白色小狗913 M,https://img05.miyabaobei.com/d1/p6/2019/03/29/73/ca/73caadb1e421ddf1ebedd71cce7579fa528687473.jpg@base@tag=imgScale&w=447,88.00,https://www.mia.com//item-4114470.html
梦蜜 彩绣双层纱布月子服 春季纯棉孕妇睡衣 春夏哺乳衣产后睡衣 白色 XL 产后体重150-165斤,https://img06.miyabaobei.com/d1/p5/2017/05/04/33/e8/33e8c0c7b2a9ea526746059f92480023857721093.jpg@base@tag=imgScale&w=447,149.00,https://www.mia.com//item-3491702.html
黔允 孕妇装2019春季时尚韩版中长款韩版纯棉V领孕妇哺乳连衣裙 白色 L,https://img05.miyabaobei.com/d1/p6/2019/01/13/03/48/0348874d3f4a1390ce6381ffffaedabc843852738.jpg@base@tag=imgScale&w=447,98.00,https://www.mia.com//item-3497940.html
十月伊人 孕妇连衣裙夏装新款大码宽松中长款短袖上衣服夏天怀孕期裙子潮妈 蓝色 XXL,https://img06.miyabaobei.com/d1/p6/2019/04/02/c0/47/c047430d13290e37d5d0bca8ec1ef02d868248487.jpg@base@tag=imgScale&w=447,99.00,https://www.mia.com//item-4143043.html
欧丽妈咪 孕妇连衣裙仙女超仙波点蛋糕裙2019新款时尚春孕妇装夏天裙子夏装 黑底白波点（短袖） XL,https://img05.miyabaobei.com/d1/p6/2019/04/17/1d/8a/1d8a6f76113c3cdf9d28034fe4de6d2c768245232.jpg@base@tag=imgScale&w=447,148.00,https://www.mia.com//item-4335556.html
妙恋霖 潮妈产后哺乳套装春秋外出时尚喂奶衣两件套夏季韩版母乳装背带裤 黑色套装 黑色套装XXL,https://img06.miyabaobei.com/d1/p5/2018/07/27/12/c5/12c5b601d3c6b45f01a099811d4142e2007616846.jpg@base@tag=imgScale&w=447,109.00,https://www.mia.com//item-3501200.html
妙恋霖 夏装套装2019新款潮妈海军风宽松细条纹短袖T恤运动两件套夏季孕妇套装 白色牛仔短裤 M,https://img05.miyabaobei.com/d1/p6/2019/03/04/e6/d6/e6d6a21c9112e39d3de56b6462cec424130597222.jpg@base@tag=imgScale&w=447,68.00,https://www.mia.com//item-4121535.html
妙恋霖 孕妇夏装连衣裙时尚款2019新款大码孕妇装韩版宽松刺绣长裙夏季 图片色-立领款 XL,https://img06.miyabaobei.com/d1/p6/2019/03/13/29/9d/299def5768d1cf93bf32b6cf94cded3e864893609.jpg@base@tag=imgScale&w=447,99.00,https://www.mia.com//item-4386045.html
米度丽 孕妇装夏装上衣雪纺连衣裙夏季中长款短袖孕妇裙2019新款女装连衣裙碎花裙子雪纺连衣裙 652 白色 均码,https://img05.miyabaobei.com/d1/p6/2019/05/12/86/36/86360081873eed921a3205d3fb00bf14506616903.jpg@base@tag=imgScale&w=447,79.00,https://www.mia.com//item-4265299.html
妙恋霖 孕妇背带裤春秋装套装新款牛仔侧边系带外穿长裤时尚两件套女 单件黑色背带裤 XL,https://img06.miyabaobei.com/d1/p5/2018/08/29/af/4f/af4f4db810bb0f0116057f827841e388206078400.jpg@base@tag=imgScale&w=447,108.00,https://www.mia.com//item-3500993.html
糯米妈咪 孕妇连衣裙秋季2018新款韩版中长款时尚上衣怀孕期显瘦孕妇装秋装 休闲条纹卫衣裙 粉条纹XXL,https://img05.miyabaobei.com/d1/p5/2018/07/17/bb/ff/bbffaa1afd6ee35f0e3f8c6324b26db8069353380.jpg@base@tag=imgScale&w=447,128.00,https://www.mia.com//item-3482165.html
米度丽 孕妇睡衣冬加厚加绒法兰绒月子服产后珊瑚绒哺乳喂奶家居服 清仓价 豆沙 L,https://img06.miyabaobei.com/d1/p6/2019/03/13/6b/31/6b310157268706f07b0fa3f6e47b8a43704177017.jpg@base@tag=imgScale&w=447,169.00,https://www.mia.com//item-3484456.html
博娜印象 孕妇装秋装新款宽松大码条纹连帽刺绣可哺乳孕妇卫衣 粉色常规 L,https://img05.miyabaobei.com/d1/p5/2018/08/04/48/95/489562b434d394e0dc298b8f97530ed2556137770.jpg@base@tag=imgScale&w=447,119.00,https://www.mia.com//item-3489300.html
米度丽 孕妇连衣裙孕妇装春装上衣2019春夏新款雪纺长袖孕妇裙韩版女装百褶裙孕妇连衣裙女裙子 白色 均码,https://img06.miyabaobei.com/d1/p6/2019/03/19/52/12/52120774873c34d3fced50d628b222aa638893090.jpg@base@tag=imgScale&w=447,88.00,https://www.mia.com//item-3487070.html
妙恋霖 孕妇装夏装2019韩版新款波点拼接鱼尾裙孕妇雪纺假两件哺乳连衣裙 孕妇款 L,https://img05.miyabaobei.com/d1/p6/2019/03/16/fb/b2/fbb2d822c5aa1660f1338bcc61d067bc410512522.jpg@base@tag=imgScale&w=447,88.00,https://www.mia.com//item-4122939.html
妙恋霖 哺乳套装外出哺乳夏装短袖t恤上衣高腰短裤初恋裙小清新裙子两件套休闲时尚套装 印花T恤+印花短裤 XL,https://img06.miyabaobei.com/d1/p6/2019/04/02/30/e1/30e1621f094b0fd40c5317dd0204babb948004631.jpg@base@tag=imgScale&w=447,108.00,https://www.mia.com//item-4167253.html
黔允 哺乳装2019夏季新款时尚韩版条纹小清新棉麻哺乳连衣裙 白色 XXL,https://img05.miyabaobei.com/d1/p6/2019/02/27/41/43/41430ca62d26711b41dd92fd27f9caf6692842670.jpg@base@tag=imgScale&w=447,118.00,https://www.mia.com//item-4120459.html
甜蜜孕季 孕妇装秋装印花T恤2019新款韩版时尚打底衫休闲潮妈宽松上衣 藏青上衣 M,https://img06.miyabaobei.com/d1/p5/2018/09/02/7a/c4/7ac4d4a4975be0569a9316e503a535ae740482220.jpg@base@tag=imgScale&w=447,98.00,https://www.mia.com//item-3497282.html
糯米妈咪 孕妇夏装套装时尚款2019新款宽松T恤中长款打底上衣春款短袖夏季 白色上衣XL,https://img05.miyabaobei.com/d1/p6/2019/04/07/89/ef/89ef8a1e3102469b13266dc4fb176de8248729279.jpg@base@tag=imgScale&w=447,78.00,https://www.mia.com//item-4236292.html
束兜 孕妇春装套装2019韩版新款时尚喇叭袖衬衫上衣两件套显瘦孕妇套装 孕妇春秋季套装 杏+卡其M,https://img06.miyabaobei.com/d1/p6/2019/03/11/4e/93/4e933553d04c8c4dba76c7fd645ff2ff926108310.jpg@base@tag=imgScale&w=447,109.00,https://www.mia.com//item-4120719.html
