兔头妈妈甄选 柔薄干爽纸尿裤 婴儿纸尿裤尿不湿 XL 32片,https://img05.miyabaobei.com/d1/p5/item/24/2474/2474299_topic_1_f23a1c04.png@base@tag=imgScale&w=447,69,https://www.mia.com//item-2474299.html
兔头妈妈甄选 甄选婴儿欢动成长裤纸尿裤拉拉裤学步裤 XL 28片,https://img06.miyabaobei.com/d1/p5/item/25/2506/2506746_topic_1_2b49edbc.png@base@tag=imgScale&w=447,69,https://www.mia.com//item-2506746.html
兔头妈妈甄选 柔薄婴儿纸尿裤便携装L*10片(9-14kg) 婴儿尿裤尿布湿,https://img05.miyabaobei.com/d1/p5/item/24/2486/2486864_topic_1_046f4203.png@base@tag=imgScale&w=447,15.9,https://www.mia.com//item-2486864.html
兔头妈妈甄选 柔薄干爽纸尿裤 铂金装 XL 46片,https://img06.miyabaobei.com/d1/p5/item/27/2738/2738140_topic_1_d501cbc0.jpg@base@tag=imgScale&w=447,169,https://www.mia.com//item-2738140.html
兔头妈妈甄选 婴儿欢动拉拉裤便携装L1片*10片（9-14kg） 婴儿尿裤尿不湿柔薄拉拉裤,https://img05.miyabaobei.com/d1/p5/item/26/2621/2621422_topic_1_1d17fc2f.png@base@tag=imgScale&w=447,15.9,https://www.mia.com//item-2621422.html
尤妮佳 moony [包税] 纸尿裤 XL46片*2(12-17kg),https://img06.miyabaobei.com/d1/p5/2018/12/06/5a/c7/5ac782cb1b9710cb96ac7a0f0fa2f1a1621804736.jpg@base@tag=imgScale&w=447,165,https://www.mia.com//item-3859788.html
花王 Merries 【全国包邮】纸尿裤L54片*4包（9-14KG） L54片*4(9-14kg),https://img05.miyabaobei.com/d1/p5/2018/09/04/bb/df/bbdf8012b27be3e0493a82520ff9db8e553457540.jpg@base@tag=imgScale&w=447,318,https://www.mia.com//item-4042237.html
兔头妈妈甄选 柔薄干爽欢动成长裤 铂金装 L 38片,https://img06.miyabaobei.com/d1/p5/item/27/2738/2738139_topic_1_b6b754a0.jpg@base@tag=imgScale&w=447,169,https://www.mia.com//item-2738139.html
兔头妈妈甄选 柔薄干爽纸尿裤铂金装XL(12-17kg)7片,https://img05.miyabaobei.com/d1/p5/item/29/2931/2931042_topic_1_0f64ff77.jpg@base@tag=imgScale&w=447,19.9,https://www.mia.com//item-2931042.html
大王 GOO.N 维E 环贴纸尿裤XL52片*2包,https://img06.miyabaobei.com/d1/p5/item/11/1141/1141385_topic_1_b9ba4960.jpg@base@tag=imgScale&w=447,180,https://www.mia.com//item-1141385.html
花王 Merries 【全国包邮】纸尿裤S82片*4包 （4-8kg）,https://img05.miyabaobei.com/d1/p5/2018/09/04/52/aa/52aada3d13022f50cdbed1d49dc94110556977703.jpg@base@tag=imgScale&w=447,305,https://www.mia.com//item-4042239.html
大王 GOO.N 维E 环贴纸尿裤L68片*2包,https://img06.miyabaobei.com/d1/p5/item/11/1141/1141386_topic_1_e04e0749.jpg@base@tag=imgScale&w=447,180,https://www.mia.com//item-1141386.html
大王 GOO.N 天使环贴纸尿裤L56片,https://img05.miyabaobei.com/d1/p5/item/29/2905/2905191_topic_1_53e10f53.jpg@base@tag=imgScale&w=447,198,https://www.mia.com//item-2905191.html
花王 Merries 纸尿裤M64*4包装 （6-11kg）新旧包装随机发,https://img06.miyabaobei.com/d1/p5/2018/01/04/5a/8f/5a8f10b70493206b12ff1bcb17af7146550158591.jpg@base@tag=imgScale&w=447,306,https://www.mia.com//item-4042261.html
帮宝适 Pampers [全国包邮]纸尿裤L164片*2箱（9-14kg）,https://img05.miyabaobei.com/d1/p5/2018/09/08/42/07/42072ce3e3cab66de67569c327c1fe2f723522170.jpg@base@tag=imgScale&w=447,464,https://www.mia.com//item-3859974.html
帮宝适 Pampers [全国包邮]纸尿裤M192片*2箱（6-11kg）,https://img06.miyabaobei.com/d1/p5/2018/09/10/53/18/5318466f4bbae3b1a0b0cd2503710ddf532927589.jpg@base@tag=imgScale&w=447,464,https://www.mia.com//item-3859975.html
帮宝适 [全国包邮]纸尿裤箱装XL96片*2箱（>12KG）,https://img05.miyabaobei.com/d1/p5/2017/09/04/cb/ed/cbed12fedafae12a0e45ee091e65cb40059388801.jpg@base@tag=imgScale&w=447,598,https://www.mia.com//item-3860004.html
帮宝适 [全国包邮]纸尿裤箱装L120片*2箱（9-14KG）,https://img06.miyabaobei.com/d1/p5/2017/09/04/e9/a9/e9a954bf9237ddc619fc4e08220a3a8e055732162.jpg@base@tag=imgScale&w=447,598,https://www.mia.com//item-3860003.html
尤妮佳 moony [包税] 纸尿裤M64片*4包（6-11kg）,https://img05.miyabaobei.com/d1/p5/2018/12/05/e9/fa/e9fa599881a8cdcf87712912f5454c82023655275.jpg@base@tag=imgScale&w=447,329,https://www.mia.com//item-3859784.html
花王 Merries 纸尿裤L54*4包装 （9-14kg）,https://img06.miyabaobei.com/d1/p5/2018/01/04/74/43/74435505c1e7b248c27f460922fae08e574311226.jpg@base@tag=imgScale&w=447,330,https://www.mia.com//item-4042262.html
大王 GOO.N 天使环贴纸尿裤XL44片*2包,https://img05.miyabaobei.com/d1/p5/item/29/2912/2912194_topic_1_34a74826.jpg@base@tag=imgScale&w=447,376,https://www.mia.com//item-2912194.html
大王 GOO.N 天使环贴纸尿裤M66片*2包,https://img06.miyabaobei.com/d1/p5/item/29/2912/2912227_topic_1_985f3512.jpg@base@tag=imgScale&w=447,376,https://www.mia.com//item-2912227.html
帮宝适 Pampers [全国包邮]纸尿裤L164片（9-14kg） L164片(9-14kg),https://img05.miyabaobei.com/d1/p5/2018/09/10/4f/02/4f02e45838be594ac08e30754d2502d3417805461.jpg@base@tag=imgScale&w=447,219,https://www.mia.com//item-3859970.html
帮宝适 Pampers [全国包邮]纸尿裤M192片（6-11kg） M192片(6-11kg),https://img06.miyabaobei.com/d1/p5/2018/09/10/d1/1e/d11e1d3747e741f945d73c46f4be3b69495919421.jpg@base@tag=imgScale&w=447,219,https://www.mia.com//item-3859969.html
帮宝适 Pampers [全国包邮]纸尿裤XL128片（12-17kg） XL128片(12-17kg),https://img05.miyabaobei.com/d1/p5/2018/09/10/52/0c/520c7aaba74010180752811ea9e5ff8a497031826.jpg@base@tag=imgScale&w=447,229,https://www.mia.com//item-3859971.html
花王 Merries 【全国包邮】纸尿裤S82*2 S82片*2(4-8kg),https://img06.miyabaobei.com/d1/p5/2018/02/08/ef/53/ef5324634973ad23e8de56e040ebad23623633861.jpg@base@tag=imgScale&w=447,156,https://www.mia.com//item-4042241.html
花王 Merries 纸尿裤L64*2包装 （9-14kg）,https://img05.miyabaobei.com/d1/p5/2018/01/11/91/53/915398d9ae55d1d9634b02fd34e06f71558309236.jpg@base@tag=imgScale&w=447,195,https://www.mia.com//item-4042266.html
帮宝适 [全国包邮]纸尿裤箱装L120片（9-14KG） L120片(9-14KG),https://img06.miyabaobei.com/d1/p5/2017/08/17/62/50/6250c8cd43b0e9f773c6002133faced8566464448.jpg@base@tag=imgScale&w=447,299,https://www.mia.com//item-3859988.html
兔头妈妈甄选 柔薄干爽欢动成长裤铂金装L 7片,https://img05.miyabaobei.com/d1/p5/item/29/2931/2931041_topic_1_12866d23.jpg@base@tag=imgScale&w=447,19.9,https://www.mia.com//item-2931041.html
尤妮佳 moony [包税] 纸尿裤M64片*2包（6-11kg） M64片*2(6-11kg),https://img06.miyabaobei.com/d1/p5/2018/11/29/0a/94/0a94b19ea3c81d89b53ba09d9155bf26629398384.jpg@base@tag=imgScale&w=447,165,https://www.mia.com//item-3859771.html
大王 GOO.N 【包税】日本本土版纸尿裤增量装XL52片*3包（12-20kg) XL,https://img05.miyabaobei.com/d1/p6/2019/04/08/fc/3a/fc3acb45e9acbc5bcf4833849a4c7118229954238.jpg@base@tag=imgScale&w=447,280,https://www.mia.com//item-4229976.html
花王 Merries 【包税】纸尿裤XL44片*2包（12-22kg）中文标 XL,https://img06.miyabaobei.com/d1/p6/2019/04/10/bd/cd/bdcd56dc5e43ad963c3f072108643870761561028.jpg@base@tag=imgScale&w=447,245,https://www.mia.com//item-4229980.html
帮宝适 [全国包邮]纸尿裤S76(4-8KG) S76片(4-8KG),https://img05.miyabaobei.com/d1/p6/2019/04/09/5d/00/5d006257193128996e9566ceee0d151f904067780.jpg@base@tag=imgScale&w=447,98,https://www.mia.com//item-3859996.html
尤妮佳 moony [包税] 纸尿裤S84片*2包（4-8kg） S84片*2(4-8kg),https://img06.miyabaobei.com/d1/p5/2018/11/29/87/2c/872cd1f628eb88f31703af37b96a59a3628836657.jpg@base@tag=imgScale&w=447,171,https://www.mia.com//item-3859772.html
帮宝适 [全国包邮]纸尿裤箱装M144片（6-11KG） M144片(6-11KG),https://img05.miyabaobei.com/d1/p5/2017/08/17/22/0f/220f6b563211ae2ad82a695c47eff9e1562159970.jpg@base@tag=imgScale&w=447,299,https://www.mia.com//item-3859986.html
尤妮佳 moony [包税] 纸尿裤 NB90片*2(＜5kg),https://img06.miyabaobei.com/d1/p5/2018/11/29/94/ed/94ed8617bb1ca0de7e4e0af8f05abb08628367540.jpg@base@tag=imgScale&w=447,171,https://www.mia.com//item-3859773.html
花王 Merries 纸尿裤M68*2包装（6-11kg） M64+4和M68随机发货,https://img05.miyabaobei.com/d1/p5/2018/01/10/4d/99/4d99aa2a6f13da6321e40f5c1de56959683152553.jpg@base@tag=imgScale&w=447,169,https://www.mia.com//item-4042263.html
帮宝适 Pampers [全国包邮]纸尿裤S164片*2包（4-8kg）,https://img06.miyabaobei.com/d1/p5/2018/09/10/d0/c1/d0c14d693e3e31d5b0a573bd7f9d77d9477653457.jpg@base@tag=imgScale&w=447,278,https://www.mia.com//item-3859982.html
帮宝适 Pampers [全国包邮]纸尿裤XL128片+拉拉裤XL108片(12-17kg),https://img05.miyabaobei.com/d1/p5/2018/09/10/1f/d2/1fd244e8d7a2dd3fccd93021e92ef949484605747.jpg@base@tag=imgScale&w=447,398,https://www.mia.com//item-3859976.html
帮宝适 Pampers [全国包邮]纸尿裤S164片（4-8kg） S164片(4-8kg),https://img06.miyabaobei.com/d1/p5/2018/09/10/c8/db/c8dbc0c72ec032a699a82b8e4b64799b495025537.jpg@base@tag=imgScale&w=447,142,https://www.mia.com//item-3859968.html
大王 GOO.N 【包税】日本本土版纸尿裤增量装L68片*3包（9-14kg） L,https://img05.miyabaobei.com/d1/p6/2019/04/04/47/a9/47a9c1567b0c5b9281dd811a460d4617473403250.jpg@base@tag=imgScale&w=447,289,https://www.mia.com//item-4229975.html
尤妮佳 皇家系列纸尿裤L54片*4包 （9-14kg）,https://img06.miyabaobei.com/d1/p5/2017/12/27/9f/2b/9f2ba6279595959201a8e17425b1ab05460914839.jpg@base@tag=imgScale&w=447,488,https://www.mia.com//item-4042250.html
尤妮佳 皇家系列纸尿裤M64片*4包 （6-11kg）,https://img05.miyabaobei.com/d1/p5/2017/12/27/e6/d5/e6d5a12d6ff7f6fc28334c78aef3bad9632414356.jpg@base@tag=imgScale&w=447,488,https://www.mia.com//item-4042251.html
植护 夏季干爽纸尿裤XL21片（12-17kg） XL21片*2(12-17kg),https://img06.miyabaobei.com/d1/p5/2018/10/10/29/cb/29cb0f09f356a903e66f2e632b995a21634539841.jpg@base@tag=imgScale&w=447,60,https://www.mia.com//item-3840980.html
尤妮佳 moony [包税] 纸尿裤S84片*4包（4-8kg）,https://img05.miyabaobei.com/d1/p5/2018/12/05/27/24/272487b064906d620a87dde6cc93bb50021559706.jpg@base@tag=imgScale&w=447,339,https://www.mia.com//item-3859785.html
帮宝适 [全国包邮]纸尿裤箱装XL96片（>12KG） XL96片(>12KG),https://img06.miyabaobei.com/d1/p5/2017/08/17/b4/0a/b40a75030350860200cc7b536afc62d2567822315.jpg@base@tag=imgScale&w=447,299,https://www.mia.com//item-3859990.html
大王 GOO.N 维E 环贴纸尿裤XXL32片*2包,https://img05.miyabaobei.com/d1/p5/item/12/1293/1293902_topic_1_8105e72c.jpg@base@tag=imgScale&w=447,180,https://www.mia.com//item-1293902.html
花王 Merries 纸尿裤NB90*2包装 （0-5kg） 新旧包装随机发,https://img06.miyabaobei.com/d1/p5/2018/01/04/15/d6/15d64f56a4c26dfa2cc5d4c367c3e497501441263.jpg@base@tag=imgScale&w=447,162,https://www.mia.com//item-4042259.html
一朵 薄觉纸尿裤XL132片（12-15kg）,https://img05.miyabaobei.com/d1/p5/2018/07/31/00/62/00628a9ddcaa13bd5fad2323ab323a4e211261668.jpg@base@tag=imgScale&w=447,168,https://www.mia.com//item-3124828.html
花王 Merries 纸尿裤L58*2包装（9-14kg）新旧包装随机发货,https://img06.miyabaobei.com/d1/p6/2019/03/06/7a/a3/7aa34d0d0502fffce0a5e19667b7f9e5581264435.jpg@base@tag=imgScale&w=447,173,https://www.mia.com//item-4042264.html
好奇 [全国包邮]韩版铂金纸尿裤 L码58+10片*2（9-14KG）,https://img05.miyabaobei.com/d1/p5/2018/11/05/5c/43/5c43ac60d5b20210573197e281ead055889544531.jpg@base@tag=imgScale&w=447,222,https://www.mia.com//item-4042445.html
好奇 [全国包邮]韩版铂金纸尿裤 M码72+4片*2（6-11KG）,https://img06.miyabaobei.com/d1/p5/2018/11/05/fd/20/fd2058e85b6e754bd47ed613d9d3926d879696624.jpg@base@tag=imgScale&w=447,214,https://www.mia.com//item-4042439.html
尤妮佳 moony 纸尿裤增量装L58片*2包（9-14kg）新旧包装随机发,https://img05.miyabaobei.com/d1/p5/2017/12/21/0a/07/0a07b0141e036ec0daf445535692a813486318923.jpg@base@tag=imgScale&w=447,173,https://www.mia.com//item-4042248.html
花王 Merries 纸尿裤S82*2包装 （4-8kg）新旧包装随机发,https://img06.miyabaobei.com/d1/p5/2018/01/04/4c/c5/4cc5235af151e5a2f215c567d570d8f3523749236.jpg@base@tag=imgScale&w=447,165,https://www.mia.com//item-4042260.html
尤妮佳 moony 纸尿裤L54片*4包（9-14kg） 新旧包装随机发,https://img05.miyabaobei.com/d1/p5/2017/12/22/e3/5e/e35e421c7ac53cc3752036806a6ebca6346095838.jpg@base@tag=imgScale&w=447,325,https://www.mia.com//item-4042249.html
帮宝适 Pampers [全国包邮]纸尿裤XL128片*2包（12-17kg）,https://img06.miyabaobei.com/d1/p5/2018/09/10/86/ab/86abbc9cbbe1764fb24807dbcb4a42e4463569999.jpg@base@tag=imgScale&w=447,470,https://www.mia.com//item-3859997.html
一朵 薄觉纸尿裤L144片（9-13kg）,https://img05.miyabaobei.com/d1/p5/2018/07/31/24/c2/24c27af7d16de8847ed3fee710503ac2210121273.jpg@base@tag=imgScale&w=447,168,https://www.mia.com//item-3124827.html
植护 夏日干爽纸尿裤L23片（9-14kg） L23片*2(9-14kg),https://img06.miyabaobei.com/d1/p5/2018/10/10/af/8f/af8fcb389a5f4a3b0729a5caef8a23e0638352241.jpg@base@tag=imgScale&w=447,60,https://www.mia.com//item-3840979.html
大王 GOO.N 维E 环贴纸尿裤S92片*2包,https://img05.miyabaobei.com/d1/p5/item/11/1126/1126310_topic_1_48c9bd46.jpg@base@tag=imgScale&w=447,180,https://www.mia.com//item-1126310.html
好奇 [全国包邮]韩版铂金纸尿裤 M码72+4片（6-11KG） 72+4片(6-11kg),https://img06.miyabaobei.com/d1/p5/2018/11/04/53/26/53268f4e10141c8815a7dca2ecabfced351728298.jpg@base@tag=imgScale&w=447,108,https://www.mia.com//item-3859804.html
妈咪宝贝 MamyPoko 纸尿裤M168片（6-11kg）,https://img05.miyabaobei.com/d1/p5/2018/11/29/d3/b3/d3b3983abd69f6b06dcdb9c36ca7eccd579012188.jpg@base@tag=imgScale&w=447,169,https://www.mia.com//item-3859778.html
尤妮佳 moony [包税] 拉拉裤男宝 XXL XXL26片*2包(13-25kg),https://img06.miyabaobei.com/d1/p6/2019/05/07/ea/ee/eaee20ff2d60c754081be368cabb4a2b190863511.jpg@base@tag=imgScale&w=447,171,https://www.mia.com//item-4408571.html
柔爱 【每个ID限购1份12片，第2份以上是8片】轻薄透气纸尿裤试用装4片*2包 XL8片适合12至17kg宝宝,https://img05.miyabaobei.com/d1/p6/2019/04/01/c2/42/c242c46800d676b38d11cf7da713ceea797066401.jpg@base@tag=imgScale&w=447,15,https://www.mia.com//item-3124653.html
妈咪宝贝 MamyPoko 纸尿裤L138片（9-14kg）,https://img06.miyabaobei.com/d1/p5/2018/11/29/87/a1/87a1b9072a065ea8095f30ab464da461605972035.jpg@base@tag=imgScale&w=447,169,https://www.mia.com//item-3859776.html
大王 GOO.N 维E 甜睡纸尿裤XL24片*2包,https://img05.miyabaobei.com/d1/p5/item/11/1126/1126320_topic_1_3750712e.jpg@base@tag=imgScale&w=447,188,https://www.mia.com//item-1126320.html
尤妮佳 moony [包税]  皇家纸尿裤L54片*2包（9-14KG）,https://img06.miyabaobei.com/d1/p6/2019/03/13/f5/f0/f5f0527c20137dd44e946469f0949d01440585599.jpg@base@tag=imgScale&w=447,275,https://www.mia.com//item-4042461.html
茵茵 薄乐C纸尿裤M116片 （5-11kg）,https://img05.miyabaobei.com/d1/p5/2018/10/12/41/93/419397f67a8a0ce80fdb162328033e41244494615.jpg@base@tag=imgScale&w=447,149,https://www.mia.com//item-3841042.html
安儿乐 干爽超薄婴儿纸尿裤XL108片(12-17kg）,https://img06.miyabaobei.com/d1/p5/2018/01/29/8d/45/8d45a983b2b02c0c1b0d9f523d3c7225188645320.jpg@base@tag=imgScale&w=447,146,https://www.mia.com//item-3841066.html
雀氏 薄快吸纸尿裤L104片（9-14kg）,https://img05.miyabaobei.com/d1/p5/2018/05/04/05/ef/05ef2c80b0a45b35f6e7145539443198130267497.jpg@base@tag=imgScale&w=447,129.9,https://www.mia.com//item-3124823.html
茵茵 薄乐C纸尿裤L100片 （10-14kg）,https://img06.miyabaobei.com/d1/p5/2018/10/12/ff/bd/ffbdcee836626755cabe9886e7136931256237946.jpg@base@tag=imgScale&w=447,149,https://www.mia.com//item-3841043.html
雀氏 薄快吸纸尿裤XL92片（12-17kg）,https://img05.miyabaobei.com/d1/p5/2018/05/04/2d/28/2d284d61c669eb9e182d5c5d52925555123054102.jpg@base@tag=imgScale&w=447,129.9,https://www.mia.com//item-3124822.html
一朵 特惠超薄纸尿片XL126片（12-14kg）,https://img06.miyabaobei.com/d1/p5/2018/10/08/b6/bc/b6bcb0a0b5cf9e12e5f453ffb812a1c5727561769.jpg@base@tag=imgScale&w=447,108,https://www.mia.com//item-3124846.html
一朵 悦享轻薄纸尿裤XL108片（12-15kg）,https://img05.miyabaobei.com/d1/p5/2018/08/01/1a/00/1a0067d7920b6d248789d475f10e142b996455848.jpg@base@tag=imgScale&w=447,129.8,https://www.mia.com//item-3124817.html
茵茵 特薄绵柔纸尿裤XL100片（12-17kg）,https://img06.miyabaobei.com/d1/p5/2018/03/10/44/6b/446b6c947b9f10c7a7f18c1dc3d49c27543161189.jpg@base@tag=imgScale&w=447,122,https://www.mia.com//item-3841035.html
尤妮佳 moony 纸尿裤增量装M68片*2包（6-11kg）新旧包装随机发,https://img05.miyabaobei.com/d1/p5/2017/12/21/2b/39/2b39602cd46aa094d2934f91ee8cdab1464688124.jpg@base@tag=imgScale&w=447,169,https://www.mia.com//item-4042247.html
安儿乐 干爽超薄婴儿纸尿裤L124片(9-14kg）,https://img06.miyabaobei.com/d1/p5/2018/01/29/63/52/6352484ef1906c4f4981abc6a2ad48fd212605893.jpg@base@tag=imgScale&w=447,146,https://www.mia.com//item-3841065.html
大王 GOO.N 日版（维E)纸尿裤M82*2包（6-11kg） M82片*2(6-11kg),https://img05.miyabaobei.com/d1/p5/2018/05/13/b3/a8/b3a80ebc526f7507eb2559090d4ab1b4943658910.jpg@base@tag=imgScale&w=447,201,https://www.mia.com//item-4043156.html
植护 夏日干爽纸尿裤M25片（6-11kg） M25片*2（5-10kg）,https://img06.miyabaobei.com/d1/p5/2018/10/10/ec/c0/ecc0e58ece65e4ec9becdfb8a45bb01a633302442.jpg@base@tag=imgScale&w=447,60,https://www.mia.com//item-4328213.html
帮宝适 [全国包邮]纸尿裤M62片（6-11KG） M62片(6-11KG),https://img05.miyabaobei.com/d1/p5/2017/08/02/93/50/935060e27fc3cac2ac1076c3f15b7417665421534.jpg@base@tag=imgScale&w=447,139,https://www.mia.com//item-3859985.html
帮宝适 [全国包邮]纸尿裤L52片（9-14KG） L52片(9-14KG),https://img06.miyabaobei.com/d1/p5/2017/08/02/8b/16/8b16f90ddb63cbf6c10e920758811259664051694.jpg@base@tag=imgScale&w=447,139,https://www.mia.com//item-3859987.html
茵茵 超级薄纸尿裤L100片 （10-14kg）,https://img05.miyabaobei.com/d1/p5/2018/04/26/fd/5c/fd5c1bf71422ae549759550d2e10e2ad345221715.jpg@base@tag=imgScale&w=447,138,https://www.mia.com//item-3841039.html
安儿乐 超能吸纸尿裤S120片（4-8kg),https://img06.miyabaobei.com/d1/p5/2018/01/28/67/43/6743f694a2b1df47e0fdb560989085c0313438650.jpg@base@tag=imgScale&w=447,101,https://www.mia.com//item-3841073.html
一朵 特惠超薄纸尿片M150片（5-10kg）,https://img05.miyabaobei.com/d1/p5/2018/10/08/21/b3/21b336cd8d05e3d8a3f4c4b24c4b4f3d726674746.jpg@base@tag=imgScale&w=447,108,https://www.mia.com//item-3124844.html
一朵 薄觉纸尿裤M156片（5-10kg）,https://img06.miyabaobei.com/d1/p5/2018/07/31/36/be/36bee3a1a2c86b4d24b60b7033005ad5210813012.jpg@base@tag=imgScale&w=447,168,https://www.mia.com//item-3124826.html
茵茵 特薄绵柔纸尿裤L116片（9-14kg）,https://img05.miyabaobei.com/d1/p5/2018/03/10/17/be/17bee870b1591e3688d3203ac4c03792541979142.jpg@base@tag=imgScale&w=447,122,https://www.mia.com//item-3841036.html
一朵 特惠超薄纸尿片L138片（9-13kg）,https://img06.miyabaobei.com/d1/p5/2018/10/08/c2/bf/c2bf9dc2925f684bcd59981a5d08c521727316713.jpg@base@tag=imgScale&w=447,108,https://www.mia.com//item-3124845.html
一朵 悦享轻薄纸尿裤L120片（9-13kg）,https://img05.miyabaobei.com/d1/p5/2018/08/01/85/b8/85b8cb5b7ec566fce047df6c556c7506998168561.jpg@base@tag=imgScale&w=447,129.8,https://www.mia.com//item-3124816.html
安儿乐 干爽超薄婴儿纸尿裤M140片（6-11kg),https://img06.miyabaobei.com/d1/p5/2018/01/29/76/2d/762d36389358fc0a1c5f74847354380b197233752.jpg@base@tag=imgScale&w=447,146,https://www.mia.com//item-3841064.html
好奇 [全国包邮]韩版铂金纸尿裤 L码58+10片（9-14KG） 58+10片(9-14kg),https://img05.miyabaobei.com/d1/p6/2018/12/24/13/3e/133e669274732dc0b9ed800a7197b339322064913.jpg@base@tag=imgScale&w=447,112,https://www.mia.com//item-3859805.html
帮宝适 Pampers [全国包邮]纸尿裤初生装NB140片（＜5kg） NB140片(＜5kg),https://img06.miyabaobei.com/d1/p5/2018/09/08/d1/04/d104418154ccdaa13c254e0aa740caf4709423837.jpg@base@tag=imgScale&w=447,119,https://www.mia.com//item-3859994.html
茵茵 超级薄纸尿裤XL88片 （13kg以上）,https://img05.miyabaobei.com/d1/p5/2018/04/26/14/40/14405095c3b9151a591a29dc0be8f446346053291.jpg@base@tag=imgScale&w=447,138,https://www.mia.com//item-3841038.html
好奇 [全国包邮]韩版铂金纸尿裤 XL码44+4片*2（12-17KG）,https://img06.miyabaobei.com/d1/p5/2018/11/05/5f/e3/5fe3291501b1e82e503664345ab67722897311479.jpg@base@tag=imgScale&w=447,222,https://www.mia.com//item-4042446.html
好奇 [全国包邮]韩版铂金纸尿裤 NB码76+4片*2（0-5KG）,https://img05.miyabaobei.com/d1/p5/2018/11/05/17/e8/17e8513933abbe23cb2b30a5f8591cf8854257799.jpg@base@tag=imgScale&w=447,166,https://www.mia.com//item-4042443.html
大王 GOO.N 纸尿裤L54片*4包（9-14kg）,https://img06.miyabaobei.com/d1/p5/2018/08/02/91/96/9196026e567644b75598e96f006707e8923823047.jpg@base@tag=imgScale&w=447,309,https://www.mia.com//item-4247710.html
妈咪宝贝 MamyPoko 纸尿裤XL108片（12-17kg）,https://img05.miyabaobei.com/d1/p5/2018/11/29/f3/5b/f35bdab7794ec5e182af4081385a3c57578839204.jpg@base@tag=imgScale&w=447,169,https://www.mia.com//item-3859777.html
大王 GOO.N 棉花糖系列纸尿裤L40片*4包（9-14kg）,https://img06.miyabaobei.com/d1/p5/2018/02/02/b7/81/b7817c576eff6dddf6ca13ca3000d948429501225.jpg@base@tag=imgScale&w=447,396,https://www.mia.com//item-4247718.html
帮宝适 [全国包邮]纸尿裤NB84片（<5KG） NB84片(<5KG),https://img05.miyabaobei.com/d1/p6/2019/04/13/2d/36/2d36704659ae42056ae4628dfe7757d9158069063.jpg@base@tag=imgScale&w=447,98,https://www.mia.com//item-3859995.html
安儿乐 薄薄小轻芯纸尿裤L80片（9-13kg),https://img06.miyabaobei.com/d1/p5/2018/09/10/af/e8/afe8b6acf55cd26e5e3adafffb4bf31a772228413.jpg@base@tag=imgScale&w=447,149,https://www.mia.com//item-3841068.html
大王 GOO.N 棉花糖系列纸尿裤M48片*4包（6-11kg）,https://img05.miyabaobei.com/d1/p5/2018/09/04/73/db/73db8bbb9ed3ae86f5753790d3f85ba3523123825.jpg@base@tag=imgScale&w=447,235,https://www.mia.com//item-4247717.html
雀氏 薄快吸纸尿裤M116片（6-11kg）,https://img06.miyabaobei.com/d1/p5/2018/05/04/ae/41/ae41d22d636ec32cd94829deb5af989c132923739.jpg@base@tag=imgScale&w=447,129.9,https://www.mia.com//item-3124824.html
尤妮佳 moony [包税] 皇家纸尿裤NB90片（新生儿） NB90片(0-5kg),https://img05.miyabaobei.com/d1/p6/2019/03/13/69/b6/69b67e11b568c09e6c7592bdc5d4f099413787543.jpg@base@tag=imgScale&w=447,139,https://www.mia.com//item-4042458.html
尤妮佳 moony 纸尿裤增量装NB96片*2包（0-5kg） 新旧包装随机发,https://img06.miyabaobei.com/d1/p5/2018/01/11/bc/42/bc429c958a25fbd9a5f45890c63c893c500535838.jpg@base@tag=imgScale&w=447,166,https://www.mia.com//item-4042265.html
一朵 金装薄觉纸尿裤XL132片（12-15kg）,https://img05.miyabaobei.com/d1/p5/2018/08/01/9f/cd/9fcd31cbb3c9d62b9e678ee1a698eb34143368963.jpg@base@tag=imgScale&w=447,208,https://www.mia.com//item-3124821.html
MimiPoko 泰国进口棉薄纸尿裤XL44片*4包,https://img06.miyabaobei.com/d1/p5/2017/06/26/a9/df/a9df81641639d7180c880abd81478d2e407466482.jpg@base@tag=imgScale&w=447,432,https://www.mia.com//item-3124694.html
大王 GOO.N 维E 环贴纸尿裤NB102片*2包,https://img05.miyabaobei.com/d1/p5/item/13/1398/1398109_topic_1_7b68fc89.jpg@base@tag=imgScale&w=447,180,https://www.mia.com//item-1398109.html
大王 GOO.N 天使环贴纸尿裤NB90片*2包,https://img06.miyabaobei.com/d1/p5/item/29/2912/2912225_topic_1_ec03ae5b.jpg@base@tag=imgScale&w=447,376,https://www.mia.com//item-2912225.html
帮宝适 [全国包邮]纸尿裤XL42片（>12KG) XL42片(>12KG),https://img05.miyabaobei.com/d1/p5/2017/08/02/71/2d/712d1b5c67e9bcd011d934116058f31d662593295.jpg@base@tag=imgScale&w=447,139,https://www.mia.com//item-3859989.html
露安适 婴儿纸尿裤日夜组合装 L码82片（9-14kg）,https://img06.miyabaobei.com/d1/p5/2018/11/12/4c/08/4c08cf8406a15c2468ed6f4a4dd047e4864579815.jpg@base@tag=imgScale&w=447,309,https://www.mia.com//item-3124711.html
好奇 [全国包邮]铂金装纸尿裤XL64片（12-17kg） XL64片(12-17kg),https://img05.miyabaobei.com/d1/p5/2018/11/13/31/d6/31d63b57380370d8abb1e56e8d87ba4b773467484.jpg@base@tag=imgScale&w=447,175,https://www.mia.com//item-3859762.html
MimiPoko 泰国进口棉薄纸尿裤L48*4,https://img06.miyabaobei.com/d1/p5/2017/06/26/29/37/29374cc2742ce8059fcb7c72a0c8e906402798276.jpg@base@tag=imgScale&w=447,432,https://www.mia.com//item-3124693.html
茵茵 特薄绵柔纸尿裤M136片（6-11kg）,https://img05.miyabaobei.com/d1/p5/2018/03/10/6a/6c/6a6c02922b6105ad0c6c8d26371e06cb540668503.jpg@base@tag=imgScale&w=447,122,https://www.mia.com//item-3841037.html
大王 GOO.N 维E 甜睡纸尿裤L30片*2包,https://img06.miyabaobei.com/d1/p5/item/11/1126/1126319_topic_1_ef0348b4.jpg@base@tag=imgScale&w=447,188,https://www.mia.com//item-1126319.html
茵茵 薄乐C纸尿裤XL84片 （13kg以上）,https://img05.miyabaobei.com/d1/p5/2018/10/12/45/c4/45c4f6452b598e14528f0c2db30238c6254803754.jpg@base@tag=imgScale&w=447,149,https://www.mia.com//item-3841041.html
安儿乐 薄薄小轻芯纸尿裤XL70片（13kg以上）,https://img06.miyabaobei.com/d1/p5/2018/09/10/d8/9f/d89f6b97090685c8692c6b1e237ef4f8772721726.jpg@base@tag=imgScale&w=447,149,https://www.mia.com//item-3841071.html
尤妮佳 moony 纸尿裤M64片*2包（6-11kg）,https://img05.miyabaobei.com/d1/p5/2018/08/22/2e/3d/2e3d12fd1fcba71a9ded0251e69fb2af172091156.jpg@base@tag=imgScale&w=447,162,https://www.mia.com//item-4247714.html
帮宝适 [全国包邮]纸尿裤箱装M144片*2箱（6-11KG）,https://img06.miyabaobei.com/d1/p5/2017/09/04/09/a6/09a6cc016d8264235ca1da521e54c178052244733.jpg@base@tag=imgScale&w=447,598,https://www.mia.com//item-3860002.html
大王 GOO.N 日版纸尿裤S106*2包（4-8kg） S106片*2(4-8kg),https://img05.miyabaobei.com/d1/p5/2018/05/13/eb/89/eb89022f77c7f71d9ac2b9e8469ab983947803122.jpg@base@tag=imgScale&w=447,195,https://www.mia.com//item-4043154.html
好奇 [全国包邮]韩版铂金纸尿裤 S码76+4片*2（4-8KG）,https://img06.miyabaobei.com/d1/p5/2018/11/05/ee/39/ee397e040b53a7a5730a016879e6dcf8856413350.jpg@base@tag=imgScale&w=447,186,https://www.mia.com//item-4042444.html
露安适 婴儿纸尿裤日夜组合装 S码26片（3-8kg）,https://img05.miyabaobei.com/d1/p6/2019/04/16/a4/4c/a44cb35a377ba72f402e21cedb51d9a3057236018.jpg@base@tag=imgScale&w=447,89,https://www.mia.com//item-3124709.html
好奇 [全国包邮]韩版铂金纸尿裤 S码76+4片（4-8KG） 76+4片(4-8kg),https://img06.miyabaobei.com/d1/p5/2018/11/04/ad/05/ad050c2442413271e1721f0a3877d461393519140.jpg@base@tag=imgScale&w=447,94,https://www.mia.com//item-3859807.html
一朵 特惠超薄纸尿片S168片（3-6kg）,https://img05.miyabaobei.com/d1/p5/2018/10/08/f6/59/f659dc76323f8d3adadd08272e842802727837775.jpg@base@tag=imgScale&w=447,108,https://www.mia.com//item-3124843.html
尤妮佳 moony [包税] 皇家纸尿裤S82片 (4-8kg) S82片(4-8kg),https://img06.miyabaobei.com/d1/p6/2019/03/13/4b/69/4b699264c12ee656a5c7c1780595a45a416465216.jpg@base@tag=imgScale&w=447,139,https://www.mia.com//item-4042455.html
茵茵 薄吸多纸尿片M120片 （5-11kg）,https://img05.miyabaobei.com/d1/p6/2019/01/09/f2/9a/f29a008b75ced676f70a2b57793b3b8c273363236.jpg@base@tag=imgScale&w=447,72,https://www.mia.com//item-3841032.html
茵茵 薄吸多纸尿片XL92片 （13kg以上）,https://img06.miyabaobei.com/d1/p6/2019/01/09/2d/32/2d3281eed69ecee602b5da5ada0e31e1271958078.jpg@base@tag=imgScale&w=447,72,https://www.mia.com//item-3841030.html
尤妮佳 moony 纸尿裤M78(6-11kg) M78片*2(6-11kg),https://img05.miyabaobei.com/d1/p5/2018/05/11/12/e3/12e35f41dfe640cf04202e45bb93e705393754754.jpg@base@tag=imgScale&w=447,206,https://www.mia.com//item-4043147.html
露安适 婴儿纸尿裤日夜组合装 M码30片（6-11kg）,https://img06.miyabaobei.com/d1/p5/2018/08/14/82/3d/823d0906928082eb5078544024c4e3be456239171.jpg@base@tag=imgScale&w=447,129,https://www.mia.com//item-3124703.html
大王 GOO.N 维E 环贴式纸尿裤NB102片+S92片,https://img05.miyabaobei.com/d1/p5/item/11/1126/1126327_topic_1_2acd0153.jpg@base@tag=imgScale&w=447,180,https://www.mia.com//item-1126327.html
好奇 [全国包邮]韩版铂金纸尿裤 NB码76+4片（0-5KG） 76+4片(0-5kg),https://img06.miyabaobei.com/d1/p5/2018/11/01/c1/26/c12650ef6c75f2b847b25fc0fddbcd3f668764658.jpg@base@tag=imgScale&w=447,84,https://www.mia.com//item-3859803.html
露安适 夜用婴儿乐享甜睡纸尿裤 NB码30片（5kg以下）,https://img05.miyabaobei.com/d1/p6/2019/04/16/8d/e3/8de377b7d770551fedf30421be8a0881057823604.jpg@base@tag=imgScale&w=447,89,https://www.mia.com//item-3124708.html
帮宝适 Pampers [全国包邮]纸尿裤NB96片(<5kg) NB96片(<5kg),https://img06.miyabaobei.com/d1/p5/2018/09/10/31/55/3155433746c7438f84bdeb09995b1e57539128708.jpg@base@tag=imgScale&w=447,83,https://www.mia.com//item-3859964.html
尤妮佳 moony 皇家系列纸尿裤S60片*4包（4-8kg）,https://img05.miyabaobei.com/d1/p5/2018/08/22/ed/47/ed47891b780d4c05717279c156a437c9199152597.jpg@base@tag=imgScale&w=447,359,https://www.mia.com//item-4247722.html
尤妮佳 moony 纸尿裤S84片*2包(4-8kg),https://img06.miyabaobei.com/d1/p5/2018/08/22/bf/bf/bfbff2d1b6bbef454fd66e423f56d940173279542.jpg@base@tag=imgScale&w=447,162,https://www.mia.com//item-4247713.html
尤妮佳 moony 纸尿裤M64片*4包（6-11kg）新旧包装随机发,https://img05.miyabaobei.com/d1/p5/2018/03/07/f0/aa/f0aac45ebd46f32955e619dcb320f600911441697.jpg@base@tag=imgScale&w=447,325,https://www.mia.com//item-4042268.html
尤妮佳 moony 纸尿裤NB90片*2包（0-5kg）,https://img06.miyabaobei.com/d1/p5/2018/09/07/c3/75/c3752ea0823500d8712b0a9071d7fff4013013739.jpg@base@tag=imgScale&w=447,159,https://www.mia.com//item-4042269.html
帮宝适 [全国包邮]纸尿裤NB84片*2包（＜5KG）,https://img05.miyabaobei.com/d1/p6/2019/04/13/c8/e3/c8e3a81ef492a87d03d17a478345b8c7161754895.jpg@base@tag=imgScale&w=447,250,https://www.mia.com//item-3859991.html
大王 GOO.N 棉花糖纸尿裤L38片*3包（9-14kg）,https://img06.miyabaobei.com/d1/p5/2017/12/29/7d/b1/7db131003fbc265239b0e780eadd0e32276094553.jpg@base@tag=imgScale&w=447,225,https://www.mia.com//item-4042257.html
大王 GOO.N 光羽系列环贴纸尿裤S56片,https://img05.miyabaobei.com/d1/p5/item/29/2905/2905185_topic_1_db7cb739.jpg@base@tag=imgScale&w=447,218,https://www.mia.com//item-2905185.html
露安适 婴儿纸尿裤日夜组合装 XL码72片（12-17kg）,https://img06.miyabaobei.com/d1/p5/2018/11/12/20/f7/20f7b3fefc67cd0134e2761f953c459a864978424.jpg@base@tag=imgScale&w=447,309,https://www.mia.com//item-3124710.html
帮宝适 [全国包邮]纸尿裤XL42片*2包（>12KG),https://img05.miyabaobei.com/d1/p5/2017/09/04/18/b1/18b1c0602daa78e51a309bd54d92f7d2041088746.jpg@base@tag=imgScale&w=447,278,https://www.mia.com//item-3860001.html
大王 GOO.N 【包税】日本本土版纸尿裤增量装M80片*3包（6-11kg） M,https://img06.miyabaobei.com/d1/p6/2019/04/04/bd/ae/bdae3cd8c2bc2278392c714dbc07bc6b471001880.jpg@base@tag=imgScale&w=447,289,https://www.mia.com//item-4229979.html
安儿乐 薄薄小轻芯纸尿裤M92片(5-10kg）,https://img05.miyabaobei.com/d1/p5/2018/09/10/61/ed/61ed18bc1d6f6cd44198c9f464c87bb1771708060.jpg@base@tag=imgScale&w=447,149,https://www.mia.com//item-3841067.html
帮宝适 [全国包邮]纸尿裤L52片*2包（9-14KG）,https://img06.miyabaobei.com/d1/p5/2017/09/04/fd/c5/fdc52fe630a1679bc18bc41319666b01038243545.jpg@base@tag=imgScale&w=447,278,https://www.mia.com//item-3860000.html
茵茵 薄吸多纸尿片S132片 （初生-6kg）,https://img05.miyabaobei.com/d1/p6/2019/01/09/9c/e1/9ce11c0ee04e6d215fe02e133f3693c3274455639.jpg@base@tag=imgScale&w=447,72,https://www.mia.com//item-3841033.html
尤妮佳 皇家系列纸尿裤NB90片*2包 （0-5kg）,https://img06.miyabaobei.com/d1/p5/2017/12/27/62/39/623936c2e3aae4a7e7d257b0fe669c42644134859.jpg@base@tag=imgScale&w=447,245,https://www.mia.com//item-4042253.html
帮宝适 纸尿裤NB84片（＜5KG）+S76片*2包（4-8KG）,https://img05.miyabaobei.com/d1/p5/2017/08/30/9d/ca/9dca804e04238fe19893a116e5b708c2822565217.jpg@base@tag=imgScale&w=447,375,https://www.mia.com//item-3859998.html
尤妮佳 moony [包税] 皇家纸尿裤M64片（6-11kg） M64片(6-11kg),https://img06.miyabaobei.com/d1/p6/2019/05/09/1c/8d/1c8d3d50e6ddf89d59b6fa031b96122e917136198.jpg@base@tag=imgScale&w=447,139,https://www.mia.com//item-4042456.html
尤妮佳 moony [包税]  皇家纸尿裤L54片（9-14KG） L54片(9-14kg),https://img05.miyabaobei.com/d1/p6/2019/03/13/e7/de/e7de06199c0a98762b6171e3d57352a7411343177.jpg@base@tag=imgScale&w=447,139,https://www.mia.com//item-4042457.html
尤妮佳 moony 皇家系列纸尿裤NB66片*4包（0-5kg）,https://img06.miyabaobei.com/d1/p5/2018/02/02/67/a5/67a55217519555affcd83abe667d382c496606506.jpg@base@tag=imgScale&w=447,359,https://www.mia.com//item-4247719.html
一朵 悦享轻薄纸尿裤M132片（5-10kg）,https://img05.miyabaobei.com/d1/p5/2018/08/01/14/a0/14a06a50bd8fb15c11fe2296c40f320c998487415.jpg@base@tag=imgScale&w=447,129.8,https://www.mia.com//item-3124815.html
大王 GOO.N 纸尿裤S84片*4包（4-8kg）,https://img06.miyabaobei.com/d1/p5/2018/08/02/61/e8/61e8272877ff52625ba6e7fffef281f0944405875.jpg@base@tag=imgScale&w=447,309,https://www.mia.com//item-4247708.html
MimiPoko 泰国进口棉薄纸尿裤M54*4,https://img05.miyabaobei.com/d1/p5/2017/06/26/6a/55/6a5558d30bc481e279bfb6a603030a66401407205.jpg@base@tag=imgScale&w=447,432,https://www.mia.com//item-3124692.html
好奇 [全国包邮]韩版铂金纸尿裤S码28片*3包（4-8KG）,https://img06.miyabaobei.com/d1/p5/2018/11/05/4b/86/4b8643505958a861da542d3114673f18903795481.jpg@base@tag=imgScale&w=447,80,https://www.mia.com//item-4042436.html
帮宝适 [全国包邮]纸尿裤M62片*2包（6-11KG）,https://img05.miyabaobei.com/d1/p5/2017/09/04/e8/4e/e84e69a545246bd0807775f587b8bc5c955168817.jpg@base@tag=imgScale&w=447,278,https://www.mia.com//item-3859999.html
尤妮佳 moony 纸尿裤S90*2包装 （4-8kg） 新旧包装随机发,https://img06.miyabaobei.com/d1/p6/2019/02/26/31/c8/31c83eca30c1261255691bb91e567368631233765.jpg@base@tag=imgScale&w=447,169,https://www.mia.com//item-4042270.html
妈咪宝贝 MamyPoko 纸尿裤 L44片*2包(9-14kg),https://img05.miyabaobei.com/d1/p5/2018/11/29/62/00/6200ecd05085ccfa822fd09e9d8a638e624406130.jpg@base@tag=imgScale&w=447,118,https://www.mia.com//item-4341895.html
大王 GOO.N 日版纸尿裤NB116*2包（0-5kg） NB116片*2(0-5kg),https://img06.miyabaobei.com/d1/p5/2018/05/13/44/a5/44a57335047c4b5b622a280a63f39e59951477776.jpg@base@tag=imgScale&w=447,183,https://www.mia.com//item-4043160.html
露安适 夜用婴儿乐享甜睡纸尿裤 NB码66片（0-5kg）,https://img05.miyabaobei.com/d1/p5/2018/08/16/06/19/06190d91a63d9872282a45ff9543dd8c070799156.jpg@base@tag=imgScale&w=447,189,https://www.mia.com//item-3124716.html
尤妮佳 moony 纸尿裤S84片*3包（4-8kg） 新旧包装随机发,https://img06.miyabaobei.com/d1/p5/2017/12/21/bd/eb/bdeb872df662a58ee7172d11ead15439432793022.jpg@base@tag=imgScale&w=447,249,https://www.mia.com//item-4042246.html
露安适 夜用婴儿乐享甜睡纸尿裤 S码56片（3-8kg）,https://img05.miyabaobei.com/d1/p5/2018/08/16/67/b5/67b53e3c3e9eb4795b116510e7eefdf5070966430.jpg@base@tag=imgScale&w=447,189,https://www.mia.com//item-3124717.html
露安适 日用婴儿薄护适动纸尿裤 S码58片（3-8kg）,https://img06.miyabaobei.com/d1/p5/2018/08/13/11/4b/114b8d0500298547e036af0caa88e3a1548775303.jpg@base@tag=imgScale&w=447,189,https://www.mia.com//item-3124702.html
雀氏 薄快吸纸尿片XL52片*2包（12-15kg）,https://img05.miyabaobei.com/d1/p5/2018/05/05/69/5d/695dcc2c60593a0529dbbaf0e6537fa5861587586.jpg@base@tag=imgScale&w=447,90,https://www.mia.com//item-3124838.html
雀氏 薄快吸纸尿片L60片*2包（9-13kg）,https://img06.miyabaobei.com/d1/p5/2018/05/05/04/b4/04b4b7ed1c62b01de916516e2a03c383852441485.jpg@base@tag=imgScale&w=447,90,https://www.mia.com//item-3124837.html
帮宝适 Pampers [全国包邮]纸尿裤XXL34片（>15kg） 纸尿裤XXL34片(>15kg),https://img05.miyabaobei.com/d1/p5/2018/09/10/f5/17/f5170b159fdcc46054763d6d24fc56c0450572567.jpg@base@tag=imgScale&w=447,90,https://www.mia.com//item-3859965.html
好奇 [全国包邮]金装纸尿裤L129片（9-14kg） L129片(9-14kg),https://img06.miyabaobei.com/d1/p6/2018/12/27/76/29/7629450e9ad29ec4fbf97b719a8c64ec930075827.jpg@base@tag=imgScale&w=447,218,https://www.mia.com//item-3859765.html
好奇 [全国包邮]金装纸尿裤M162片（6-11kg） M162片(6-11kg),https://img05.miyabaobei.com/d1/p6/2018/12/27/25/55/255508ef5180fd777dd7abc9d8e34944940102855.jpg@base@tag=imgScale&w=447,228,https://www.mia.com//item-3859764.html
帮宝适 Pampers [全国包邮]纸尿裤NB96片*2包（<5kg）,https://img06.miyabaobei.com/d1/p5/2018/09/10/b1/a2/b1a2b201e8ea13eaaf975261e41699b1405962090.jpg@base@tag=imgScale&w=447,166,https://www.mia.com//item-3859973.html
帮宝适 Pampers [全国包邮]纸尿裤彩箱装XL88送8片（12-17kg）,https://img05.miyabaobei.com/d1/p5/2017/06/14/d5/ca/d5ca340bb5f6e7234c5fe1fc06f54014206986764.jpg@base@tag=imgScale&w=447,189,https://www.mia.com//item-3859984.html
尤妮佳 moony 纸尿裤NB111（新生-5kg） NB111片*2(0-5kg),https://img06.miyabaobei.com/d1/p5/2018/05/10/cb/50/cb5064015de68932e1472507787be9fe454797717.jpg@base@tag=imgScale&w=447,197,https://www.mia.com//item-4043149.html
露安适 夜用婴儿乐享甜睡纸尿裤 XL码34片（12-17kg）,https://img05.miyabaobei.com/d1/p5/2018/08/16/4a/46/4a4672cd8ad78065cecb55ce7b071934071277972.jpg@base@tag=imgScale&w=447,189,https://www.mia.com//item-3124719.html
尤妮佳 moony [包税] 纸尿裤 L58片*2包(9-14kg),https://img06.miyabaobei.com/d1/p6/2019/05/15/22/fa/22facaba0da3c674bf5bc1cc38a47276849203990.jpg@base@tag=imgScale&w=447,160,https://www.mia.com//item-4469338.html
帮宝适 [全国包邮]纸尿裤NB84片（＜5KG）+S76片（4-8KG）,https://img05.miyabaobei.com/d1/p6/2019/04/13/16/c0/16c02c78b0e393c566464a7b0d442a57165725247.jpg@base@tag=imgScale&w=447,250,https://www.mia.com//item-3859993.html
漂漂羽毛 漂漂羽毛小星星系列纸尿裤L46片【9-14kg】,https://img06.miyabaobei.com/d1/p6/2019/04/01/51/2d/512d1b0e262996d23d75fb9bf979a94e058228124.png@base@tag=imgScale&w=447,159,https://www.mia.com//item-3124875.html
露安适 夜用婴儿乐享甜睡纸尿裤 M码46片（6-11kg）,https://img05.miyabaobei.com/d1/p5/2018/08/16/6e/fb/6efbd8fa3382369906370bc8a0af8e0a071106638.jpg@base@tag=imgScale&w=447,189,https://www.mia.com//item-3124718.html
露安适 日用婴儿薄护适动纸尿裤 L码40片（9-14kg）,https://img06.miyabaobei.com/d1/p5/2018/08/16/21/aa/21aafc4433e49426dbf04e4355d9643d981056204.jpg@base@tag=imgScale&w=447,189,https://www.mia.com//item-3124715.html
大王 GOO.N 光羽系列环贴纸尿裤M44片,https://img05.miyabaobei.com/d1/p5/item/29/2905/2905184_topic_1_22fcd1a4.jpg@base@tag=imgScale&w=447,218,https://www.mia.com//item-2905184.html
植护 夏日干爽纸尿裤S27片（3-6kg） S27片*2包（3-6kg）,https://img06.miyabaobei.com/d1/p6/2019/05/06/1b/3c/1b3ca60716856a575347fd7eb066466f086387817.jpg@base@tag=imgScale&w=447,60,https://www.mia.com//item-4328212.html
尤妮佳 moony [包税] 皇家纸尿裤 XL XL44片 (12-17kg),https://img05.miyabaobei.com/d1/p6/2019/05/09/fd/fe/fdfe786b0b97195026c8eb88e75abffb889481959.jpg@base@tag=imgScale&w=447,139,https://www.mia.com//item-4421536.html
大王 GOO.N 光羽系列环贴纸尿裤L36片,https://img06.miyabaobei.com/d1/p5/item/29/2905/2905183_topic_1_2b70e8d6.jpg@base@tag=imgScale&w=447,218,https://www.mia.com//item-2905183.html
茵茵 超级薄纸尿裤M112片 （5-11kg）,https://img05.miyabaobei.com/d1/p5/2018/04/26/b0/1a/b01ac19144da7c0222847a3f19055fe3336977100.jpg@base@tag=imgScale&w=447,138,https://www.mia.com//item-3841040.html
一朵 薄觉纸尿裤S168片（3-6kg）,https://img06.miyabaobei.com/d1/p5/2018/07/31/d1/94/d194ce6929e474e34524e6773294ffee208992726.jpg@base@tag=imgScale&w=447,168,https://www.mia.com//item-3124825.html
柔爱 轻薄纸尿裤 L20片*4包 （9-14kg）,https://img05.miyabaobei.com/d1/p5/2018/11/16/ce/33/ce330b73c0df36d7a9e973331715a230394953857.jpg@base@tag=imgScale&w=447,98,https://www.mia.com//item-3124640.html
好奇 [全国包邮]银装纸尿裤NB88*2（0-5kg）,https://img06.miyabaobei.com/d1/p5/2018/10/31/0b/90/0b90f9de1d532ea976fc23238ae5505e794185102.jpg@base@tag=imgScale&w=447,130,https://www.mia.com//item-3859750.html
帮宝适 Pampers [全国包邮]纸尿裤XXL34片+拉拉裤XXL50片(>15kg),https://img05.miyabaobei.com/d1/p5/2018/09/08/39/04/390407adae97c4126f4c583376cf2ce8718171182.jpg@base@tag=imgScale&w=447,212,https://www.mia.com//item-3859977.html
好奇 [全国包邮]韩版铂金纸尿裤S码28片（4-8KG） 28片(4-8kg),https://img06.miyabaobei.com/d1/p5/2018/11/04/e5/5a/e55a365c729b0df9f609abb8df79cc9b363789083.jpg@base@tag=imgScale&w=447,27,https://www.mia.com//item-3859806.html
漂漂羽毛 柔薄干爽透气纸尿裤大号尿不湿L48片【9-14kg】,https://img05.miyabaobei.com/d1/p5/2018/02/07/23/de/23deeecccff6e8ac178e425fe225516c947519067.jpg@base@tag=imgScale&w=447,129,https://www.mia.com//item-3124867.html
大王 GOO.N 光羽系列环贴纸尿裤NB60片,https://img06.miyabaobei.com/d1/p5/item/29/2905/2905186_topic_1_e6da7272.jpg@base@tag=imgScale&w=447,218,https://www.mia.com//item-2905186.html
漂漂羽毛 漂漂羽毛小星星系列纸尿裤XL码36片【12-17kg】,https://img05.miyabaobei.com/d1/p6/2019/04/03/6e/f8/6ef85e593120c9e4de0c1427fbf6ff33685739343.png@base@tag=imgScale&w=447,159,https://www.mia.com//item-3124876.html
漂漂羽毛 漂漂羽毛小星星系列纸尿裤M码56片【6-11kg】,https://img06.miyabaobei.com/d1/p6/2019/04/03/3c/a4/3ca4b13504e5193bb8899b9aba633a4e638893307.png@base@tag=imgScale&w=447,159,https://www.mia.com//item-3124871.html
帮宝适 Pampers [全国包邮]纸尿裤M100片*2包（6-11kg） M100片*2(6-11kg),https://img05.miyabaobei.com/d1/p5/2018/09/08/a8/d5/a8d5ae449cd0461ea75cc49c7d0bb0e2713056119.jpg@base@tag=imgScale&w=447,276,https://www.mia.com//item-3859983.html
帮宝适 Pampers [全国包邮]纸尿裤XL68片（12-17kg） XL68片(12-17kg),https://img06.miyabaobei.com/d1/p5/2018/09/10/85/e3/85e3456a03e1e362d98c36b4326cefb6448123375.jpg@base@tag=imgScale&w=447,138,https://www.mia.com//item-3859967.html
好奇 [全国包邮]银装纸尿裤XL104（12-17kg）,https://img05.miyabaobei.com/d1/p6/2018/12/27/bc/66/bc66bc177d081e215d6205fab54544f4890218578.jpg@base@tag=imgScale&w=447,209,https://www.mia.com//item-3859769.html
一朵 悦享轻薄纸尿片XL126片（12-15kg）,https://img06.miyabaobei.com/d1/p5/2018/08/01/74/bd/74bdaa7d29441386550ae598b6091d06898446872.jpg@base@tag=imgScale&w=447,108,https://www.mia.com//item-3124834.html
露安适 夜用婴儿乐享甜睡纸尿裤 L码38片（9-14kg）,https://img05.miyabaobei.com/d1/p5/2018/08/16/bf/66/bf663b8acff46590a1809287f745f8b7098704031.jpg@base@tag=imgScale&w=447,189,https://www.mia.com//item-3124720.html
好奇 [全国包邮]韩版铂金纸尿裤 XL码44+4片（12-17KG） 44+4片(12-17kg),https://img06.miyabaobei.com/d1/p5/2018/11/04/0d/f6/0df699ab865ffcabde23f1c1cb0ed2ae360042417.jpg@base@tag=imgScale&w=447,112,https://www.mia.com//item-3859808.html
柔爱 轻薄纸尿裤 XL18片*4包 （12kg-17kg）,https://img05.miyabaobei.com/d1/p5/2018/11/19/fb/a0/fba02638b0e97562ef0c2dc29bef27bf956974182.jpg@base@tag=imgScale&w=447,98,https://www.mia.com//item-3124641.html
雀氏 薄快吸纸尿片M64片*2包（6-11kg）,https://img06.miyabaobei.com/d1/p5/2018/05/05/0d/36/0d36e0dfeb07fe5032a37abd24bed8b2848329031.jpg@base@tag=imgScale&w=447,90,https://www.mia.com//item-3124836.html
大王 GOO.N 棉花糖纸尿裤M46片*3包（6-11kg）,https://img05.miyabaobei.com/d1/p5/2017/12/29/ad/e9/ade95f3126452862af9c27b352494986271066173.jpg@base@tag=imgScale&w=447,225,https://www.mia.com//item-4042256.html
尤妮佳 moony 纸尿裤NB90*2包(0-5kg),https://img06.miyabaobei.com/d1/p5/2018/08/22/be/f6/bef685ee0b6c9c0c29e08d9e1ee08c57177741353.jpg@base@tag=imgScale&w=447,163,https://www.mia.com//item-4247712.html
一朵 悦享轻薄纸尿片L138片（9-13kg）,https://img05.miyabaobei.com/d1/p5/2018/08/01/0b/89/0b893f1d4979debefa600951eaa29ba3883113323.jpg@base@tag=imgScale&w=447,108,https://www.mia.com//item-3124833.html
漂漂羽毛 柔薄干爽透气纸尿裤XL38片【12-17kg】,https://img06.miyabaobei.com/d1/p5/2018/02/07/50/14/501417df2b0a4cb3cf6d151aebef095c974619866.jpg@base@tag=imgScale&w=447,129,https://www.mia.com//item-3124868.html
好奇 [全国包邮]心钻纸尿裤L40（9-14KG） L40(9-14kg),https://img05.miyabaobei.com/d1/p5/2018/11/01/5a/45/5a456f42cfc47301948c40d70a34887b573177155.jpg@base@tag=imgScale&w=447,116,https://www.mia.com//item-3859801.html
漂漂羽毛 柔薄干爽透气纸尿裤中号尿不湿M58片【6-11kg】,https://img06.miyabaobei.com/d1/p5/2018/02/07/14/e9/14e9c8f97fbe87a7af435add37baa55b977256867.jpg@base@tag=imgScale&w=447,129,https://www.mia.com//item-3124869.html
大王 GOO.N 维E 游泳纸尿裤女宝宝XL3片*2包,https://img05.miyabaobei.com/d1/p5/item/10/1059/1059275_topic_1_a0a3af47.jpg@base@tag=imgScale&w=447,58,https://www.mia.com//item-1059275.html
妈咪宝贝 MamyPoko 纸尿裤 XL32片(12-17kg),https://img06.miyabaobei.com/d1/p5/2018/11/29/27/f3/27f341d11db0e2c39e49f4fccc43bfdf577673620.jpg@base@tag=imgScale&w=447,65,https://www.mia.com//item-3859774.html
MimiPoko 泰国进口棉薄纸尿裤S58*4,https://img05.miyabaobei.com/d1/p5/2017/06/26/4d/e0/4de09358bd0899ceacc0fe909310c906400462697.jpg@base@tag=imgScale&w=447,432,https://www.mia.com//item-3124691.html
 天使环贴XL44片+甜睡XL24片,https://img06.miyabaobei.com/d1/p5/item/29/2937/2937617_topic_1_3fe0a770.jpg@base@tag=imgScale&w=447,297,https://www.mia.com//item-2937617.html
柔爱 轻薄纸尿裤 M24片*4包 （6-11kg）,https://img05.miyabaobei.com/d1/p5/2018/08/10/98/c2/98c2087dce4d657967169196f9204289647509618.jpg@base@tag=imgScale&w=447,98,https://www.mia.com//item-3124639.html
露安适 日用婴儿薄护适动纸尿裤 M码48片（6-11kg）,https://img06.miyabaobei.com/d1/p5/2018/08/16/7a/33/7a3388ce7a586c39043cf8e04a1f5e82980723709.jpg@base@tag=imgScale&w=447,189,https://www.mia.com//item-3124713.html
一朵 悦享轻薄纸尿片M150片（5-10kg）,https://img05.miyabaobei.com/d1/p5/2018/08/01/81/13/81137556156c310faf3c5ad054c42a25881386250.jpg@base@tag=imgScale&w=447,108,https://www.mia.com//item-3124832.html
尤妮佳 moony [包税] 皇家纸尿裤S82片*2包 (4-8kg),https://img06.miyabaobei.com/d1/p6/2019/03/13/e2/68/e26862afd75585fbb64969be207aa529445592585.jpg@base@tag=imgScale&w=447,275,https://www.mia.com//item-4042460.html
妈咪宝贝 MamyPoko 纸尿裤瞬吸干爽M54片*2包中号男女宝宝通用,https://img05.miyabaobei.com/d1/p5/2018/11/29/9c/6d/9c6de53b0e616c81f51cf315057134af615943610.jpg@base@tag=imgScale&w=447,118,https://www.mia.com//item-4042454.html
露安适 夜用婴儿乐享甜睡纸尿裤彩箱装L码48片（9-14kg）,https://img06.miyabaobei.com/d1/p5/2018/08/20/a8/22/a82257b95f39bf6d322f700f1de6e692322178856.jpg@base@tag=imgScale&w=447,279,https://www.mia.com//item-3124722.html
好奇 [全国包邮]韩版魔法纸尿裤进口XL50片（12-17KG） XL50,https://img05.miyabaobei.com/d1/p6/2019/04/09/75/dd/75dd1c4affff36206697b14d2687678c977322363.jpg@base@tag=imgScale&w=447,130,https://www.mia.com//item-4251086.html
好奇 [全国包邮]心钻纸尿裤M50（6-11KG） M50(6-11kg),https://img06.miyabaobei.com/d1/p5/2018/11/01/fc/1c/fc1c72a72be4906ad23e82ccae2482d6557835812.jpg@base@tag=imgScale&w=447,116,https://www.mia.com//item-3859800.html
帮宝适 Pampers [全国包邮]纸尿裤S84片（4-8kg） S84片(4-8kg),https://img05.miyabaobei.com/d1/p5/2018/09/10/ed/55/ed5579c1ab5ed5b1cefca0d902e72b1f503992265.jpg@base@tag=imgScale&w=447,82,https://www.mia.com//item-3859972.html
安儿乐 超能吸纸尿裤L108片（9-14kg),https://img06.miyabaobei.com/d1/p5/2018/01/29/af/2e/af2ed1054f4d1f880d193cceb8d64a13148397697.jpg@base@tag=imgScale&w=447,146,https://www.mia.com//item-3841070.html
大王 GOO.N 光羽系列环贴纸尿裤XL28片,https://img05.miyabaobei.com/d1/p5/item/29/2905/2905182_topic_1_9fc33c50.jpg@base@tag=imgScale&w=447,218,https://www.mia.com//item-2905182.html
大王 GOO.N 维E 游泳纸尿裤女宝宝L3片*2包,https://img06.miyabaobei.com/d1/p5/item/10/1059/1059274_topic_1_f74b44be.jpg@base@tag=imgScale&w=447,58,https://www.mia.com//item-1059274.html
大王 GOO.N 棉花糖纸尿裤S58片*3包（4-8kg）,https://img05.miyabaobei.com/d1/p5/2017/12/29/b5/cf/b5cf91052e62bbc6f669db72d78c4164264543657.jpg@base@tag=imgScale&w=447,225,https://www.mia.com//item-4042255.html
好奇 [全国包邮]韩版超干爽纸尿裤进口S52片（4-8KG） S S52,https://img06.miyabaobei.com/d1/p6/2019/04/09/cd/28/cd28b35872174e3b42d08d1e4b6e0bb4964275846.jpg@base@tag=imgScale&w=447,93,https://www.mia.com//item-4251094.html
大王 GOO.N 维E 游泳纸尿裤男宝宝XL3片*2包,https://img05.miyabaobei.com/d1/p5/item/10/1059/1059277_topic_1_3ac4dcf7.jpg@base@tag=imgScale&w=447,58,https://www.mia.com//item-1059277.html
雀氏 薄快吸纸尿片S80片*2包（3-6kg）,https://img06.miyabaobei.com/d1/p5/2018/05/04/f2/13/f2132dd3b81dc17f79d6d27571209253216254371.jpg@base@tag=imgScale&w=447,90,https://www.mia.com//item-3124835.html
大王 GOO.N 【包税】日本本土版纸尿裤增量装S104片*3包（4-8kg） S,https://img05.miyabaobei.com/d1/p6/2019/04/04/71/05/7105f5e040e9adcafddae1f7d827f98c469077579.jpg@base@tag=imgScale&w=447,289,https://www.mia.com//item-4229977.html
好奇 [全国包邮]银装纸尿裤S148+16片（4-8kg）,https://img06.miyabaobei.com/d1/p6/2018/12/27/8f/43/8f439e9928a9ce9a18af215651a84e38897094124.jpg@base@tag=imgScale&w=447,148,https://www.mia.com//item-3859768.html
好奇 [全国包邮]韩版超干爽纸尿裤进口L54片（9-14KG） L54,https://img05.miyabaobei.com/d1/p6/2019/04/09/ab/bd/abbd5f02fe305c9254132f8924116528967166777.jpg@base@tag=imgScale&w=447,125,https://www.mia.com//item-4251056.html
安儿乐 超能吸纸尿裤XL88片(12kg以上）,https://img06.miyabaobei.com/d1/p5/2018/01/29/4e/1c/4e1ce54e4a6cb417c8982aa058214cff155077195.jpg@base@tag=imgScale&w=447,146,https://www.mia.com//item-3841069.html
好奇 [全国包邮]韩版超干爽纸尿裤进口M66片（6-11KG） M66,https://img05.miyabaobei.com/d1/p6/2019/04/09/28/5f/285f19bd8c4c807f0c615baaae986a61963105025.jpg@base@tag=imgScale&w=447,125,https://www.mia.com//item-4251076.html
好奇 [全国包邮]韩版魔法纸尿裤进口L60片（9-14KG） L60,https://img06.miyabaobei.com/d1/p6/2019/04/09/46/62/4662934dde9b6f3cbeb6b7504465a698963706351.jpg@base@tag=imgScale&w=447,130,https://www.mia.com//item-4251078.html
露安适 婴儿纸尿裤日夜体验装 L码3片（9~14kg）,https://img05.miyabaobei.com/d1/p5/2018/08/21/90/34/9034624f16448ab2b56dfd021e7c8e2d362275783.jpg@base@tag=imgScale&w=447,19,https://www.mia.com//item-3124724.html
一朵 金装薄觉纸尿裤S168片（3-6kg）,https://img06.miyabaobei.com/d1/p5/2018/08/01/ba/f0/baf09577aed5041ebe0f1788a43bbb47145736973.jpg@base@tag=imgScale&w=447,208,https://www.mia.com//item-3124818.html
好奇 [全国包邮]韩版魔法纸尿裤进口S64片（4-8KG） S64,https://img05.miyabaobei.com/d1/p6/2019/04/09/d8/84/d88452b1213fc0f79053c91ae2f73339958291006.jpg@base@tag=imgScale&w=447,98,https://www.mia.com//item-4251100.html
好奇 [全国包邮]韩版魔法纸尿裤进口NB70片（0-5KG） NB70,https://img06.miyabaobei.com/d1/p6/2019/04/09/bc/2f/bc2f7ffc7349a4145a02e2790335f136950512030.jpg@base@tag=imgScale&w=447,98,https://www.mia.com//item-4251092.html
露安适 日用婴儿薄护适动纸尿裤 XL码36片（12-17kg）,https://img05.miyabaobei.com/d1/p5/2018/08/16/56/39/5639ea84d8957ac912bb232b1d0a09e2980897137.jpg@base@tag=imgScale&w=447,189,https://www.mia.com//item-3124714.html
安儿乐 超能吸纸尿裤L24片*3包（9-14kg),https://img06.miyabaobei.com/d1/p5/2018/06/13/1b/2e/1b2e617b0c0218cc19d49d4fe186b8d3822751041.jpg@base@tag=imgScale&w=447,114,https://www.mia.com//item-3841062.html
安儿乐 超能吸纸尿裤M124片（6-11kg),https://img05.miyabaobei.com/d1/p5/2018/01/29/bf/a0/bfa00d5ec0021be67afa3363c7555800200688343.jpg@base@tag=imgScale&w=447,146,https://www.mia.com//item-3841072.html
大王 GOO.N 棉花糖纸尿裤XL30片*6包（12-20kg） XL XL,https://img06.miyabaobei.com/d1/p6/2019/05/14/89/35/89357c48ca723043b867397cc53bf413140405980.jpg@base@tag=imgScale&w=447,556,https://www.mia.com//item-4451969.html
漂漂羽毛 柔薄干爽透气纸尿裤小号尿不湿S68片【4-8kg】,https://img05.miyabaobei.com/d1/p5/2018/02/07/ab/e3/abe358cfef46e2eaa053e2963d83f008995476057.jpg@base@tag=imgScale&w=447,129,https://www.mia.com//item-3124870.html
柔爱 轻薄透气纸尿裤 NB42片（<5kg）,https://img06.miyabaobei.com/d1/p5/2018/09/26/4e/0a/4e0ac60e6bf43ccf4e65dc29c22dabd0439366330.jpg@base@tag=imgScale&w=447,28,https://www.mia.com//item-3124654.html
大王 GOO.N 【包税】日本本土版纸尿裤增量装NB114片*3包（0-5kg） NB,https://img05.miyabaobei.com/d1/p6/2019/04/04/ef/7d/ef7d5a58f15e41820b96577a5e0b462f464669965.jpg@base@tag=imgScale&w=447,279,https://www.mia.com//item-4229978.html
好奇 [全国包邮]心钻纸尿裤S62（4-8KG） S62(4-8kg),https://img06.miyabaobei.com/d1/p5/2018/11/01/a5/bb/a5bb6b1b812d2ac597cdcf3e40bf84f1551733433.jpg@base@tag=imgScale&w=447,116,https://www.mia.com//item-3859799.html
好奇 [全国包邮]心钻纸尿裤XL32（12-17KG） XL32(12-17kg),https://img05.miyabaobei.com/d1/p5/2018/11/01/a1/f7/a1f70d2c6a9ee69c3c8feb47d14ee24e649693793.jpg@base@tag=imgScale&w=447,116,https://www.mia.com//item-3859802.html
漂漂羽毛 漂漂羽毛小星星系列纸尿裤S66片【4-8kg】,https://img06.miyabaobei.com/d1/p6/2019/04/03/d0/5c/d05ce0f63f9757ffb2d76268d831c126746823611.png@base@tag=imgScale&w=447,159,https://www.mia.com//item-3124874.html
露安适 日用薄护适动纸尿裤彩箱装 M码30片*2包（6-11kg）,https://img05.miyabaobei.com/d1/p5/2018/08/16/f0/6d/f06da15bf869d073552d2549e52b60bb896814882.jpg@base@tag=imgScale&w=447,229,https://www.mia.com//item-3124712.html
露安适 夜用婴儿乐享甜睡纸尿裤彩箱装M28片*2包（6-11kg）,https://img06.miyabaobei.com/d1/p5/2018/08/14/0e/97/0e97e8b3adb3f125f76062fcb8f222e6461792513.jpg@base@tag=imgScale&w=447,229,https://www.mia.com//item-3124704.html
露安适 婴儿纸尿裤日夜体验装 M码3片（6-11kg）,https://img05.miyabaobei.com/d1/p5/2018/08/21/f4/0c/f40c6e1d3acf55daec474275b9440c5c361989346.jpg@base@tag=imgScale&w=447,17,https://www.mia.com//item-3124723.html
大王 GOO.N 棉花糖纸尿裤NB62片*3包（0-5kg）,https://img06.miyabaobei.com/d1/p5/2017/12/29/f1/35/f135dceabed5e7e7b02a13ad6d4bc2d7183863843.jpg@base@tag=imgScale&w=447,225,https://www.mia.com//item-4042254.html
大王 GOO.N 儿童拼图 幼儿大块拼图 恐龙乐园,https://img05.miyabaobei.com/d1/p6/item/29/2985/2985040_topic_1_57c50a2c.jpg@base@tag=imgScale&w=447,99,https://www.mia.com//item-2985040.html
安儿乐 超能吸纸尿裤XL19片*3包（12kg以上),https://img06.miyabaobei.com/d1/p5/2018/06/13/9e/95/9e9553911f44eafd8c3b2a6e179588ce825386577.jpg@base@tag=imgScale&w=447,114,https://www.mia.com//item-3841061.html
好奇 [全国包邮]韩版魔法纸尿裤进口M72片（6-11KG） M72,https://img05.miyabaobei.com/d1/p6/2019/04/09/40/e8/40e8a6f6159271cdf72e6ad308a3be70960636677.png@base@tag=imgScale&w=447,130,https://www.mia.com//item-4251096.html
露安适 日用婴儿薄护适动纸尿裤彩箱装L码25片*2包（9-14kg）,https://img06.miyabaobei.com/d1/p5/2018/08/15/a0/d7/a0d79a7c8796843792a530cdc1254d87118487081.jpg@base@tag=imgScale&w=447,229,https://www.mia.com//item-3124707.html
露安适 夜用婴儿乐享甜睡纸尿裤彩箱装 XL20片*2包（12-17kg）,https://img05.miyabaobei.com/d1/p5/2018/08/14/1e/f7/1ef77276794385e19d3b1d00c3d4926e465465600.jpg@base@tag=imgScale&w=447,229,https://www.mia.com//item-3124705.html
尤妮佳 moony [包税] 皇家纸尿裤NB90片*2包（新生儿）,https://img06.miyabaobei.com/d1/p6/2019/03/13/67/b1/67b1cb0a25698926c05f80c1d67e0f20429041901.jpg@base@tag=imgScale&w=447,275,https://www.mia.com//item-4042462.html
柔爱 轻薄纸尿裤 XL18片*1包 （12kg-17kg） XL18片(12kg-17kg),https://img05.miyabaobei.com/d1/p5/2018/08/15/a4/ed/a4edb654f11720b9eb623541107546c0145976945.jpg@base@tag=imgScale&w=447,28,https://www.mia.com//item-3124638.html
露安适 日用婴儿薄护适动纸尿裤彩箱装 XL22片*2包（12-17kg）,https://img06.miyabaobei.com/d1/p5/2018/08/14/10/17/10172a366c868b0ede23342e6f0537c4468318057.jpg@base@tag=imgScale&w=447,229,https://www.mia.com//item-3124706.html
安儿乐 超能吸纸尿裤M28片*3包（6-11kg),https://img05.miyabaobei.com/d1/p5/2018/06/13/49/c2/49c2728e2e0398a9b01936f5acf2ddfb819369064.jpg@base@tag=imgScale&w=447,114,https://www.mia.com//item-3841063.html
 天使环贴L56片+甜睡L30片,https://img06.miyabaobei.com/d1/p5/item/29/2937/2937615_topic_1_d4bfbbd6.jpg@base@tag=imgScale&w=447,297,https://www.mia.com//item-2937615.html
柔爱 轻薄纸尿裤 M24片*1包 （6-11kg） M24片(6-11kg),https://img05.miyabaobei.com/d1/p5/2018/08/15/29/4c/294cfff0d37d9f61e4f61b89bdf8f7e7147581154.jpg@base@tag=imgScale&w=447,28,https://www.mia.com//item-3124636.html
好奇 [全国包邮]心钻纸尿裤NB66片*2（0-5KG）,https://img06.miyabaobei.com/d1/p5/2018/11/05/5e/97/5e97aa3e1470cedb8dd43f1ce8db42d5837801508.jpg@base@tag=imgScale&w=447,198,https://www.mia.com//item-4042437.html
好奇 [全国包邮]心钻纸尿裤M50片*2（6-11KG）,https://img05.miyabaobei.com/d1/p5/2018/11/05/72/21/7221af94f37b8c938f58c35be3cd885d846446511.jpg@base@tag=imgScale&w=447,198,https://www.mia.com//item-4042441.html
露安适 婴儿纸尿裤日夜体验装 S码3片（4-8kg）,https://img06.miyabaobei.com/d1/p5/2018/08/16/f9/4b/f94bc11861ffc96250c4c1264e6e75dc125904213.jpg@base@tag=imgScale&w=447,15,https://www.mia.com//item-3124721.html
柔爱 轻薄纸尿裤 S28片*1包 （4-8kg） S28片(4-8kg),https://img05.miyabaobei.com/d1/p5/2018/08/15/64/6d/646d8e180f86d6cd03680bf563f578b4148306902.jpg@base@tag=imgScale&w=447,28,https://www.mia.com//item-3124635.html
柔爱 轻薄纸尿裤 L20片*1包 （9-14kg） L20片(9-14kg),https://img06.miyabaobei.com/d1/p5/2018/08/15/50/5c/505cedca1b0a07010036095fec4ad8a0146732464.jpg@base@tag=imgScale&w=447,28,https://www.mia.com//item-3124637.html
MimiPoko 泰国进口棉薄纸尿裤nb62片*4包,https://img05.miyabaobei.com/d1/p5/2017/06/26/57/ce/57ceea9ff0d4a50dc535c38283ff59f0397784461.jpg@base@tag=imgScale&w=447,432,https://www.mia.com//item-3124690.html
好奇 [全国包邮]心钻纸尿裤XL32片*2（12-17KG）,https://img06.miyabaobei.com/d1/p5/2018/11/05/25/57/2557c50a0979c15ae8592a973f24adfe850885436.jpg@base@tag=imgScale&w=447,198,https://www.mia.com//item-4042438.html
好奇 [全国包邮]心钻纸尿裤L40片*2（9-14KG）,https://img05.miyabaobei.com/d1/p5/2018/11/05/64/44/64440449173f6c5f6914cc2bf6430495848775762.jpg@base@tag=imgScale&w=447,198,https://www.mia.com//item-4042442.html
好奇 [全国包邮]心钻纸尿裤S62片*2（4-8KG）,https://img06.miyabaobei.com/d1/p5/2018/11/05/7b/d7/7bd7b86868cc01513043c1f50f102aa8843699867.jpg@base@tag=imgScale&w=447,198,https://www.mia.com//item-4042440.html
好奇 [全国包邮]心钻纸尿裤NB66（0-5KG） NB66(0-5kg),https://img05.miyabaobei.com/d1/p5/2018/11/01/49/7b/497b06ba3b94d7fed968bdc3e7c1e4e5469115021.jpg@base@tag=imgScale&w=447,116,https://www.mia.com//item-3859798.html
安儿乐 薄薄小轻芯纸尿裤试用装L1*6片（9-14kg以上）,https://img06.miyabaobei.com/d1/p6/2019/04/07/4b/fa/4bfafa8aaa04950c408d5bfcc002bd21289003818.jpg@base@tag=imgScale&w=447,10.9,https://www.mia.com//item-4227334.html
柔爱 【买1送1，拍1包发2包】金冠悬浮芯纸尿裤 M码26片*1包（6-11kg）,https://img05.miyabaobei.com/d1/p6/2019/03/29/5b/dd/5bdd1b9e475e43b17fa768ef530c7400370971744.jpg@base@tag=imgScale&w=447,56,https://www.mia.com//item-3124643.html
柔爱 轻薄透气纸尿裤NB42片+S28片+80抽湿巾,https://img06.miyabaobei.com/d1/p5/2018/10/04/db/5a/db5a647858095bea7af18fe241f08e61328447052.jpg@base@tag=imgScale&w=447,69,https://www.mia.com//item-3124655.html
一朵 薄觉超薄透气纸尿裤S1片*3包（3-6kg）,https://img05.miyabaobei.com/d1/p5/2018/08/27/a3/81/a38110e5fccbf528e881a59c12ea0fdf477123167.jpg@base@tag=imgScale&w=447,12.9,https://www.mia.com//item-3124829.html
柔爱 【买1送1，拍1包发2包】金冠悬浮芯纸尿裤 S码32片*1包（4-8kg）,https://img06.miyabaobei.com/d1/p6/2019/03/29/2d/1e/2d1eda7ae5ee066b9a409ea14971164b370694530.jpg@base@tag=imgScale&w=447,56,https://www.mia.com//item-3124642.html
好奇 [全国包邮]心钻纸尿裤XL32片（12-17kg）,https://img05.miyabaobei.com/d1/p6/2019/03/12/0d/77/0d77d237066ca04539cb0270292f6375762159084.jpg@base@tag=imgScale&w=447,198,https://www.mia.com//item-3859756.html
好奇 [全国包邮]心钻纸尿裤L40片（9-14kg）,https://img06.miyabaobei.com/d1/p6/2019/03/12/98/aa/98aa57460d0017263710a28d03caecb4780417463.jpg@base@tag=imgScale&w=447,198,https://www.mia.com//item-3859755.html
好奇 [全国包邮]心钻纸尿裤NB66片（0-5kg）,https://img05.miyabaobei.com/d1/p6/2019/03/12/8d/cc/8dcc23604ee41d02183140ef938c12ed767526601.jpg@base@tag=imgScale&w=447,198,https://www.mia.com//item-3859754.html
安儿乐 薄薄小轻芯纸尿裤试用装M1*6片（6-11kg以上）,https://img06.miyabaobei.com/d1/p6/2019/04/07/4b/fa/4bfafa8aaa04950c408d5bfcc002bd21279277977.jpg@base@tag=imgScale&w=447,10.9,https://www.mia.com//item-4227333.html
柔爱 金装极薄纸尿裤 S码42片*2包（6kg以下）,https://img05.miyabaobei.com/d1/p5/2018/08/15/d7/6a/d76aa21ada1c649b144beb82b1f27b4a106418432.jpg@base@tag=imgScale&w=447,96,https://www.mia.com//item-3124646.html
好奇 [全国包邮]心钻纸尿裤S62片（4-8kg）,https://img06.miyabaobei.com/d1/p6/2019/03/12/4e/7c/4e7c7999877a099a724472cb5df9e57c771042100.jpg@base@tag=imgScale&w=447,198,https://www.mia.com//item-3859757.html
好奇 [全国包邮]心钻纸尿裤M50片（6-11kg）,https://img05.miyabaobei.com/d1/p6/2019/03/12/c7/eb/c7eb9873e4f2506fa1a7e4b0d59e3556776278786.jpg@base@tag=imgScale&w=447,198,https://www.mia.com//item-3859758.html
柔爱 金装极薄纸尿裤 L码32片*2包 （9-14kg）,https://img06.miyabaobei.com/d1/p5/2018/08/15/d6/35/d635872735dd9aa8d5a4d0b379212621102288072.jpg@base@tag=imgScale&w=447,96,https://www.mia.com//item-3124648.html
柔爱 金装极薄纸尿裤  M码36片*2包（6-11kg）,https://img05.miyabaobei.com/d1/p5/2018/08/15/9b/be/9bbe1870b6e2b358bd5a81a82dcca7a8103689352.jpg@base@tag=imgScale&w=447,96,https://www.mia.com//item-3124647.html
花王 Merries 纸尿裤NB90片*2包（0-5KG）,https://img06.miyabaobei.com/d1/p5/2018/10/09/6a/dd/6adddfe3fc3b3ee48899c0dfc602e9f7566005766.jpg@base@tag=imgScale&w=447,149,https://www.mia.com//item-4247729.html
柔爱 金装极薄纸尿裤 XL码28片*2包 （12-17kg）,https://img05.miyabaobei.com/d1/p5/2018/08/15/15/a3/15a3f54472206195b2d2b84dc5aec3e2101512483.jpg@base@tag=imgScale&w=447,96,https://www.mia.com//item-3124649.html
尤妮佳 moony [包税] 纸尿裤 L54片*2(9-14kg),https://img06.miyabaobei.com/d1/p5/2018/11/29/33/26/3326d4a64851b8fba1dabaffef4b2be5632917421.jpg@base@tag=imgScale&w=447,165,https://www.mia.com//item-3859770.html
花王 Merries 【全国包邮】纸尿裤 M64片*4(6-11kg),https://img05.miyabaobei.com/d1/p5/2018/09/04/19/59/19592d8f179c4a98df13aa387778357b556617214.jpg@base@tag=imgScale&w=447,305,https://www.mia.com//item-4042240.html
花王 Merries 【全国包邮】婴幼儿纸尿裤NB90(0-5kg) NB90片*2(0-5kg),https://img06.miyabaobei.com/d1/p5/2018/02/08/3a/0b/3a0b2b05a3e00e539836f55ce376e666617907981.jpg@base@tag=imgScale&w=447,151,https://www.mia.com//item-4042242.html
尤妮佳 moony 纸尿裤L54片*4包(9-14kg),https://img05.miyabaobei.com/d1/p5/2018/09/04/cc/4e/cc4e982a4b05765bd16bf3bd7e570787517266246.jpg@base@tag=imgScale&w=447,308,https://www.mia.com//item-4247715.html
兔头妈妈甄选 柔薄干爽欢动成长裤铂金装XL 7片,https://img06.miyabaobei.com/d1/p5/item/29/2931/2931040_topic_1_1e64c837.jpg@base@tag=imgScale&w=447,19.9,https://www.mia.com//item-2931040.html
尤妮佳 皇家系列纸尿裤S82片*2包 （4-8kg）,https://img05.miyabaobei.com/d1/p5/2017/12/27/a0/29/a029da761ab91f658f11c51ec2253216639186333.jpg@base@tag=imgScale&w=447,248,https://www.mia.com//item-4042252.html
大王 GOO.N 天使环贴纸尿裤NB90片+S84片,https://img06.miyabaobei.com/d1/p5/item/29/2912/2912060_topic_1_c61313f1.jpg@base@tag=imgScale&w=447,188,https://www.mia.com//item-2912060.html
大王 GOO.N 天使环贴纸尿裤S84片*2包,https://img05.miyabaobei.com/d1/p5/item/29/2912/2912224_topic_1_0beb44d5.jpg@base@tag=imgScale&w=447,376,https://www.mia.com//item-2912224.html
大王 GOO.N 纸尿裤L54片*4包（9-14kg）,https://img06.miyabaobei.com/d1/p5/2018/08/02/91/96/9196026e567644b75598e96f006707e8923823047.jpg@base@tag=imgScale&w=447,309,https://www.mia.com//item-4042304.html
大王 GOO.N 棉花糖系列纸尿裤 L40片*4包(9-14kg),https://img05.miyabaobei.com/d1/p5/2018/02/02/b7/81/b7817c576eff6dddf6ca13ca3000d948429501225.jpg@base@tag=imgScale&w=447,396,https://www.mia.com//item-4042299.html
花王 Merries 纸尿裤增量装L64片*2包（9-14kg）,https://img06.miyabaobei.com/d1/p5/2018/08/02/48/ab/48abe8f560042037c7c08a1dbcbe5178972754653.jpg@base@tag=imgScale&w=447,206,https://www.mia.com//item-4247726.html
大王 GOO.N 纸尿裤XL42片*4包（12-17kg）,https://img05.miyabaobei.com/d1/p5/2018/08/22/8d/3b/8d3b6b0042fb9addaa340280d367c8e9199844334.jpg@base@tag=imgScale&w=447,310,https://www.mia.com//item-4247711.html
茵茵 薄吸多纸尿片L104片 （10-14kg）,https://img06.miyabaobei.com/d1/p6/2019/01/09/22/cd/22cd8f1e6a25bcdb8f18f3613e0c8bd4272589061.jpg@base@tag=imgScale&w=447,72,https://www.mia.com//item-3841031.html
大王 GOO.N 纸尿裤XL42片*4包（12-20kg）,https://img05.miyabaobei.com/d1/p5/2018/08/22/8d/3b/8d3b6b0042fb9addaa340280d367c8e9199844334.jpg@base@tag=imgScale&w=447,310,https://www.mia.com//item-4042306.html
尤妮佳 moony 皇家系列纸尿裤L40片*4包（9-14kg）,https://img06.miyabaobei.com/d1/p5/2018/09/04/b2/9f/b29ff98e92511d4e06d991caac79c93f520747380.jpg@base@tag=imgScale&w=447,359,https://www.mia.com//item-4247721.html
大王 GOO.N 纸尿裤M64片*4包（6-11kg）,https://img05.miyabaobei.com/d1/p5/2018/08/02/94/2c/942ceb46ccb3de51f87e6b43f958d67f930479963.jpg@base@tag=imgScale&w=447,309,https://www.mia.com//item-4247709.html
一朵 金装薄觉纸尿裤L144片（9-13kg）,https://img06.miyabaobei.com/d1/p5/2018/08/01/8d/3f/8d3f751ad61e4958ac046f36b1f4fe68144126331.jpg@base@tag=imgScale&w=447,208,https://www.mia.com//item-3124820.html
尤妮佳 moony 皇家系列纸尿裤M48片*4包（7-11kg）,https://img05.miyabaobei.com/d1/p5/2018/02/02/dd/b6/ddb6a740eb8bf33dadff1682bca5eb29487021908.jpg@base@tag=imgScale&w=447,359,https://www.mia.com//item-4247720.html
大王 GOO.N 棉花糖系列纸尿裤S60片*4包（4-8kg）,https://img06.miyabaobei.com/d1/p5/2018/02/02/9a/08/9a08f238e49c7cc8c30523ee03f0f936420058716.jpg@base@tag=imgScale&w=447,235,https://www.mia.com//item-4247716.html
花王 Merries 纸尿裤NB96*2包装 （0-5kg）,https://img05.miyabaobei.com/d1/p6/2019/01/31/d3/74/d3741d484f205bc7ada19ccb7dfb9045001324291.jpg@base@tag=imgScale&w=447,169,https://www.mia.com//item-4042258.html
大王 GOO.N 纸尿裤M64片*4包（6-11kg）,https://img06.miyabaobei.com/d1/p5/2018/08/02/94/2c/942ceb46ccb3de51f87e6b43f958d67f930479963.jpg@base@tag=imgScale&w=447,309,https://www.mia.com//item-4042307.html
大王 GOO.N 日版（维E)纸尿裤XL54（12-20kg） XL54片*2(12-20kg),https://img05.miyabaobei.com/d1/p5/2018/05/13/ec/fd/ecfdcd524e3d4feefffe3f56cd79eb17979189082.jpg@base@tag=imgScale&w=447,203,https://www.mia.com//item-4043159.html
尤妮佳 moony [包税] 皇家纸尿裤M64片*2包（6-11kg）,https://img06.miyabaobei.com/d1/p6/2019/03/13/d9/11/d911fa139bf5a2f25768875452f8e628435242164.jpg@base@tag=imgScale&w=447,275,https://www.mia.com//item-4042459.html
花王 Merries 纸尿裤M42（6-11kg） M42片*2(6-11kg),https://img05.miyabaobei.com/d1/p5/2018/05/09/58/13/5813e09b2257f071a277e8769ddbf6d3503765515.jpg@base@tag=imgScale&w=447,113,https://www.mia.com//item-4043144.html
花王 Merries 日本纸尿裤s54 S54片*2(4-8kg),https://img06.miyabaobei.com/d1/p5/2018/05/08/1d/dc/1ddce6789d1b75513a6c3e71516eee15727952402.jpg@base@tag=imgScale&w=447,129,https://www.mia.com//item-4043145.html
花王 Merries 纸尿裤S88*2包装（4-8kg） S82+6和S88随机发货,https://img05.miyabaobei.com/d1/p5/2018/02/09/2b/33/2b33d3e3b8f45fd7ee0477ca9184ebf1481828191.jpg@base@tag=imgScale&w=447,168,https://www.mia.com//item-4042267.html
尤妮佳 moony 纸尿裤S102*3包(4-8kg),https://img06.miyabaobei.com/d1/p5/2018/05/11/86/05/860553de35735939b4ace0c6c06f87fd284452576.jpg@base@tag=imgScale&w=447,290,https://www.mia.com//item-4043152.html
大王 GOO.N 日版（维E)纸尿裤L70（9-14kg） L70片*2(9-14kg),https://img05.miyabaobei.com/d1/p5/2018/05/13/a0/a5/a0a527c24b4a18144a2247dab4e1fd17958051262.jpg@base@tag=imgScale&w=447,205,https://www.mia.com//item-4043157.html
花王 Merries 日本纸尿裤nb60*2包 NB60片*2(0-5kg),https://img06.miyabaobei.com/d1/p5/2018/05/08/4c/7c/4c7c019ca0bb5b67a722bf4fae0b8f82710828613.jpg@base@tag=imgScale&w=447,125,https://www.mia.com//item-4043146.html
大王 GOO.N 纸尿裤S84片*4包（4-8kg）,https://img05.miyabaobei.com/d1/p5/2018/08/02/61/e8/61e8272877ff52625ba6e7fffef281f0944405875.jpg@base@tag=imgScale&w=447,309,https://www.mia.com//item-4042308.html
尤妮佳 moony 纸尿裤L58片*2包（9-14kg）,https://img06.miyabaobei.com/d1/p5/2018/08/22/35/2f/352f9d3a0e938dcb15cb1d9981a5337b195829461.jpg@base@tag=imgScale&w=447,155,https://www.mia.com//item-4247727.html
大王 GOO.N 日版棉花糖系列纸尿裤 M48片*4包(6-11kg),https://img05.miyabaobei.com/d1/p5/2018/09/04/73/db/73db8bbb9ed3ae86f5753790d3f85ba3523123825.jpg@base@tag=imgScale&w=447,299,https://www.mia.com//item-4042296.html
花王 Merries 日本纸尿裤L36*2包 L36片*2(9-14kg),https://img06.miyabaobei.com/d1/p5/2018/05/09/28/2a/282a664da39acf41eaf651779afaffc9551969611.jpg@base@tag=imgScale&w=447,129,https://www.mia.com//item-4043142.html
一朵 金装薄觉纸尿裤M156片（5-10kg）,https://img05.miyabaobei.com/d1/p5/2018/08/01/54/a3/54a3d5dece505f02e90e41259fdb6035144846010.jpg@base@tag=imgScale&w=447,208,https://www.mia.com//item-3124819.html
帮宝适 Pampers [全国包邮]纸尿裤S114片（4-8kg） S114片(4-8kg),https://img06.miyabaobei.com/d1/p5/2018/09/10/1b/09/1b0939c0419fe4bf44aa01a696a56f38537953470.jpg@base@tag=imgScale&w=447,109,https://www.mia.com//item-3859966.html
花王 Merries 纸尿裤增量装M76片*2包（6-11kg）,https://img05.miyabaobei.com/d1/p5/2018/08/02/f0/a0/f0a0b53cee306b4027d858de85b4e691985514778.jpg@base@tag=imgScale&w=447,206,https://www.mia.com//item-4247723.html
尤妮佳 moony 纸尿裤S102*2包(4-8kg) S102片*2(4-8kg),https://img06.miyabaobei.com/d1/p6/2019/05/07/1e/aa/1eaae016435f7837eadf6c89db0e9f03205335195.jpg@base@tag=imgScale&w=447,200,https://www.mia.com//item-4043151.html
丽贝乐 欧洲原装进口纸尿裤2号NB88片（3-6KG）,https://img05.miyabaobei.com/d1/p5/2017/04/26/3b/18/3b18ec268e83f6a37a85c24cd997f1ac876909376.jpg@base@tag=imgScale&w=447,139,https://www.mia.com//item-3124606.html
大王 GOO.N 日版棉花糖系列纸尿裤 S60片*4包(4-8kg),https://img06.miyabaobei.com/d1/p5/2018/02/02/9a/08/9a08f238e49c7cc8c30523ee03f0f936420058716.jpg@base@tag=imgScale&w=447,299,https://www.mia.com//item-4042297.html
花王 Merries 纸尿裤增量装S88片*2包（4-8kg）,https://img05.miyabaobei.com/d1/p5/2018/07/26/6b/1f/6b1fca29071a5382cfcec77d51484630932657238.jpg@base@tag=imgScale&w=447,176,https://www.mia.com//item-4247724.html
大王 GOO.N 维E 游泳纸尿裤男宝宝L3片*2包,https://img06.miyabaobei.com/d1/p5/item/10/1059/1059276_topic_1_91d54d2b.jpg@base@tag=imgScale&w=447,58,https://www.mia.com//item-1059276.html
花王 Merries 纸尿裤增量装NB96片*2包（0-5kg）,https://img05.miyabaobei.com/d1/p5/2018/02/22/6e/ca/6eca9fce8bcd25d9a270f2cc2b08f721669191192.jpg@base@tag=imgScale&w=447,169,https://www.mia.com//item-4247725.html
大王 GOO.N 纸尿裤NB90片*4包（0-5kg）,https://img06.miyabaobei.com/d1/p5/2018/08/02/79/fc/79fcaa17ecae2d5f6506552942115907951224371.jpg@base@tag=imgScale&w=447,309,https://www.mia.com//item-4247707.html
大王 GOO.N 纸尿裤NB90片*4包（0-5kg）,https://img05.miyabaobei.com/d1/p5/2018/08/02/79/fc/79fcaa17ecae2d5f6506552942115907951224371.jpg@base@tag=imgScale&w=447,309,https://www.mia.com//item-4042305.html
尤妮佳 皇家系列纸尿裤L40片*4包 （9-14kg） L L,https://img06.miyabaobei.com/d1/p6/2019/05/14/83/ab/83abbd2aa790773607002fc4153305f7199078767.jpg@base@tag=imgScale&w=447,369,https://www.mia.com//item-4451972.html
大王 GOO.N 棉花糖系列纸尿裤 NB66片*2包（0-5kg）,https://img05.miyabaobei.com/d1/p5/2018/09/04/b6/e2/b6e23b0da4528d94bd363139030c53b1527127147.jpg@base@tag=imgScale&w=447,139,https://www.mia.com//item-4247728.html
妈咪宝贝 MamyPoko 纸尿裤瞬吸干爽S104片男女宝宝尿不湿,https://img06.miyabaobei.com/d1/p5/2018/11/29/e6/46/e64668a5f49842396c8bbe25daadf80f578473962.jpg@base@tag=imgScale&w=447,99,https://www.mia.com//item-3859775.html
大王 GOO.N 日版棉花糖系列纸尿裤 NB66片*2包(0-5kg),https://img05.miyabaobei.com/d1/p5/2018/09/04/b6/e2/b6e23b0da4528d94bd363139030c53b1527127147.jpg@base@tag=imgScale&w=447,139,https://www.mia.com//item-4042290.html
妈咪宝贝 MamyPoko 纸尿裤瞬吸干爽S28片*2包男女宝宝通用尿不湿,https://img06.miyabaobei.com/d1/p5/2018/11/29/6e/ea/6eead760b4bb9b66cef3da7d09343423594772396.jpg@base@tag=imgScale&w=447,69,https://www.mia.com//item-3859779.html
